113,METHOD_RETURN,<empty>,,,<empty>,,2,<empty>
470,METHOD_RETURN,<empty>,,,<empty>,,2,<empty>
703,METHOD_RETURN,<empty>,,,<empty>,,2,<empty>
2574,METHOD_RETURN,RET,,,BY_VALUE,,3,void
3348,METHOD_RETURN,RET,,,BY_VALUE,,6,ANY
3359,METHOD_RETURN,RET,,,BY_VALUE,24,4,ANY
3390,METHOD_RETURN,RET,,,BY_VALUE,37,5,ANY
3397,METHOD_RETURN,RET,,,BY_VALUE,59,4,ANY
3404,METHOD_RETURN,RET,,,BY_VALUE,68,4,ANY
3411,METHOD_RETURN,RET,,,BY_VALUE,77,4,ANY
3420,METHOD_RETURN,RET,,,BY_VALUE,86,4,ANY
3429,METHOD_RETURN,RET,,,BY_VALUE,95,4,ANY
3436,METHOD_RETURN,RET,,,BY_VALUE,162,5,ANY
3720,METHOD_RETURN,RET,,,BY_VALUE,167,5,ANY
3761,METHOD_RETURN,RET,,,BY_VALUE,319,5,ANY
3771,METHOD_RETURN,RET,,,BY_VALUE,336,5,ANY
3781,METHOD_RETURN,RET,,,BY_VALUE,341,5,ANY
3836,METHOD_RETURN,RET,,,BY_VALUE,349,6,ANY
3887,METHOD_RETURN,RET,,,BY_VALUE,374,6,ANY
3893,METHOD_RETURN,RET,,,BY_VALUE,395,5,ANY
3949,METHOD_RETURN,RET,,,BY_VALUE,403,5,ANY
3986,METHOD_RETURN,RET,,,BY_VALUE,428,6,ANY
4072,METHOD_RETURN,RET,,,BY_VALUE,448,5,ANY
4155,METHOD_RETURN,RET,,,BY_VALUE,502,6,ANY
4161,METHOD_RETURN,RET,,,BY_VALUE,531,5,ANY
4227,METHOD_RETURN,RET,,,BY_VALUE,539,5,ANY
4467,METHOD_RETURN,RET,,,BY_VALUE,574,6,ANY
4706,METHOD_RETURN,RET,,,BY_VALUE,643,6,ANY
4757,METHOD_RETURN,RET,,,BY_VALUE,729,5,ANY
4801,METHOD_RETURN,RET,,,BY_VALUE,748,5,ANY
4853,METHOD_RETURN,RET,,,BY_VALUE,767,6,ANY
4891,METHOD_RETURN,RET,,,BY_VALUE,792,5,ANY
4943,METHOD_RETURN,RET,,,BY_VALUE,811,6,ANY
5001,METHOD_RETURN,RET,,,BY_VALUE,829,5,ANY
5026,METHOD_RETURN,RET,,,BY_VALUE,857,6,ANY
5085,METHOD_RETURN,RET,,,BY_VALUE,872,5,ANY
5393,METHOD_RETURN,RET,,,BY_VALUE,897,6,ANY
5535,METHOD_RETURN,RET,,,BY_VALUE,1020,6,ANY
5574,METHOD_RETURN,RET,,,BY_VALUE,1078,5,ANY
5597,METHOD_RETURN,RET,,,BY_VALUE,1093,6,ANY
5604,METHOD_RETURN,RET,,,BY_VALUE,1130,6,ANY
5802,METHOD_RETURN,RET,,,BY_VALUE,1135,6,ANY
5851,METHOD_RETURN,RET,,,BY_VALUE,1239,5,ANY
5904,METHOD_RETURN,RET,,,BY_VALUE,1258,5,ANY
5979,METHOD_RETURN,RET,,,BY_VALUE,1277,5,ANY
6061,METHOD_RETURN,RET,,,BY_VALUE,1307,5,ANY
6099,METHOD_RETURN,RET,,,BY_VALUE,1342,5,ANY
6200,METHOD_RETURN,RET,,,BY_VALUE,1353,5,ANY
6383,METHOD_RETURN,RET,,,BY_VALUE,1388,5,ANY
6505,METHOD_RETURN,RET,,,BY_VALUE,1463,5,ANY
6557,METHOD_RETURN,RET,,,BY_VALUE,1495,5,ANY
6620,METHOD_RETURN,RET,,,BY_VALUE,1509,5,ANY
6709,METHOD_RETURN,RET,,,BY_VALUE,1532,5,ANY
6761,METHOD_RETURN,RET,,,BY_VALUE,1560,5,ANY
6771,METHOD_RETURN,RET,,,BY_VALUE,1581,5,ANY
6840,METHOD_RETURN,RET,,,BY_VALUE,1591,5,ANY
6855,METHOD_RETURN,RET,,,BY_VALUE,1627,5,ANY
6870,METHOD_RETURN,RET,,,BY_VALUE,1632,5,ANY
6900,METHOD_RETURN,RET,,,BY_VALUE,1637,6,ANY
6930,METHOD_RETURN,RET,,,BY_VALUE,1653,6,ANY
6957,METHOD_RETURN,RET,,,BY_VALUE,1669,6,ANY
6984,METHOD_RETURN,RET,,,BY_VALUE,1679,6,ANY
7146,METHOD_RETURN,RET,,,BY_VALUE,1689,5,ANY
7203,METHOD_RETURN,RET,,,BY_VALUE,1773,5,ANY
7237,METHOD_RETURN,RET,,,BY_VALUE,1803,5,ANY
7304,METHOD_RETURN,RET,,,BY_VALUE,1825,7,ANY
7310,METHOD_RETURN,RET,,,BY_VALUE,1854,4,ANY
7395,METHOD_RETURN,RET,,,BY_VALUE,1861,5,ANY
7437,METHOD_RETURN,RET,,,BY_VALUE,1900,6,ANY
7452,METHOD_RETURN,RET,,,BY_VALUE,1919,6,ANY
7474,METHOD_RETURN,RET,,,BY_VALUE,1924,6,ANY
7499,METHOD_RETURN,RET,,,BY_VALUE,1938,4,ANY
7500,METHOD_RETURN,<empty>,,,<empty>,,2,<empty>
8153,METHOD_RETURN,RET,,,BY_VALUE,64,2,ANY
8158,METHOD_RETURN,RET,,,BY_VALUE,69,2,ANY
8176,METHOD_RETURN,RET,,,BY_VALUE,76,2,ANY
8193,METHOD_RETURN,RET,,,BY_VALUE,84,3,ANY
8201,METHOD_RETURN,RET,,,BY_VALUE,92,3,ANY
8222,METHOD_RETURN,RET,,,BY_VALUE,98,2,ANY
8230,METHOD_RETURN,RET,,,BY_VALUE,109,2,ANY
8236,METHOD_RETURN,RET,,,BY_VALUE,115,2,ANY
8249,METHOD_RETURN,RET,,,BY_VALUE,119,2,ANY
8280,METHOD_RETURN,RET,,,BY_VALUE,126,2,ANY
8304,METHOD_RETURN,RET,,,BY_VALUE,139,2,ANY
8328,METHOD_RETURN,RET,,,BY_VALUE,158,3,ANY
8336,METHOD_RETURN,RET,,,BY_VALUE,169,2,ANY
8343,METHOD_RETURN,RET,,,BY_VALUE,174,2,ANY
8370,METHOD_RETURN,RET,,,BY_VALUE,179,3,ANY
8391,METHOD_RETURN,RET,,,BY_VALUE,191,3,ANY
8416,METHOD_RETURN,RET,,,BY_VALUE,200,2,ANY
8430,METHOD_RETURN,RET,,,BY_VALUE,209,2,ANY
9124,METHOD_RETURN,RET,,,BY_VALUE,220,3,ANY
9155,METHOD_RETURN,RET,,,BY_VALUE,388,3,ANY
9186,METHOD_RETURN,RET,,,BY_VALUE,424,3,ANY
9209,METHOD_RETURN,RET,,,BY_VALUE,460,4,ANY
9228,METHOD_RETURN,RET,,,BY_VALUE,470,3,ANY
9244,METHOD_RETURN,RET,,,BY_VALUE,477,3,ANY
9401,METHOD_RETURN,RET,,,BY_VALUE,505,2,ANY
9409,METHOD_RETURN,RET,,,BY_VALUE,546,3,ANY
9453,METHOD_RETURN,RET,,,BY_VALUE,553,2,ANY
9477,METHOD_RETURN,RET,,,BY_VALUE,577,5,ANY
9491,METHOD_RETURN,RET,,,BY_VALUE,590,2,ANY
9497,METHOD_RETURN,RET,,,BY_VALUE,597,2,ANY
9506,METHOD_RETURN,RET,,,BY_VALUE,601,2,ANY
9742,METHOD_RETURN,<empty>,,,<empty>,,2,<empty>
9788,METHOD_RETURN,RET,,,BY_VALUE,5,4,ANY
9847,METHOD_RETURN,RET,,,BY_VALUE,9,4,ANY
9855,METHOD_RETURN,RET,,,BY_VALUE,38,3,ANY
9856,METHOD_RETURN,<empty>,,,<empty>,,2,<empty>
9906,METHOD_RETURN,<empty>,,,<empty>,,2,<empty>
9988,METHOD_RETURN,<empty>,,,<empty>,,2,<empty>
10260,METHOD_RETURN,<empty>,,,<empty>,,2,<empty>
10527,METHOD_RETURN,<empty>,,,<empty>,,2,<empty>
10556,METHOD_RETURN,<empty>,,,<empty>,,2,<empty>
10580,METHOD_RETURN,<empty>,,,<empty>,,2,<empty>
10793,METHOD_RETURN,<empty>,,,<empty>,,2,<empty>
11007,METHOD_RETURN,<empty>,,,<empty>,,2,<empty>
11194,METHOD_RETURN,<empty>,,,<empty>,,2,<empty>
11337,METHOD_RETURN,<empty>,,,<empty>,,2,<empty>
11359,METHOD_RETURN,<empty>,,,<empty>,,2,<empty>
11479,METHOD_RETURN,<empty>,,,<empty>,,2,<empty>
11494,METHOD_RETURN,<empty>,,,<empty>,,2,<empty>
11509,METHOD_RETURN,<empty>,,,<empty>,,2,<empty>
11514,METHOD_RETURN,<empty>,,,<empty>,,2,<empty>
11529,METHOD_RETURN,<empty>,,,<empty>,,2,<empty>
11547,METHOD_RETURN,<empty>,,,<empty>,,2,<empty>
11695,METHOD_RETURN,<empty>,,,<empty>,,2,<empty>
11886,METHOD_RETURN,<empty>,,,<empty>,,2,<empty>
12207,METHOD_RETURN,<empty>,,,<empty>,,2,<empty>
12325,METHOD_RETURN,<empty>,,,<empty>,,2,<empty>
12495,METHOD_RETURN,<empty>,,,<empty>,,2,<empty>
12513,METHOD_RETURN,<empty>,,,<empty>,,2,<empty>
12756,METHOD_RETURN,<empty>,,,<empty>,,2,<empty>
12927,METHOD_RETURN,<empty>,,,<empty>,,2,<empty>
13166,METHOD_RETURN,<empty>,,,<empty>,,2,<empty>
13379,METHOD_RETURN,<empty>,,,<empty>,,2,<empty>
13607,METHOD_RETURN,<empty>,,,<empty>,,2,<empty>
13632,METHOD_RETURN,<empty>,,,<empty>,,2,<empty>
13758,METHOD_RETURN,<empty>,,,<empty>,,2,<empty>
13799,METHOD_RETURN,<empty>,,,<empty>,,2,<empty>
13834,METHOD_RETURN,<empty>,,,<empty>,,2,<empty>
13876,METHOD_RETURN,<empty>,,,<empty>,,2,<empty>
13901,METHOD_RETURN,<empty>,,,<empty>,,2,<empty>
13936,METHOD_RETURN,<empty>,,,<empty>,,2,<empty>
13973,METHOD_RETURN,<empty>,,,<empty>,,2,<empty>
13985,METHOD_RETURN,<empty>,,,<empty>,,2,<empty>
14152,METHOD_RETURN,<empty>,,,<empty>,,2,<empty>
14367,METHOD_RETURN,<empty>,,,<empty>,,2,<empty>
14538,METHOD_RETURN,<empty>,,,<empty>,,2,<empty>
14660,METHOD_RETURN,<empty>,,,<empty>,,2,<empty>
14800,METHOD_RETURN,<empty>,,,<empty>,,2,<empty>
14953,METHOD_RETURN,<empty>,,,<empty>,,2,<empty>
14971,METHOD_RETURN,<empty>,,,<empty>,,2,<empty>
15110,METHOD_RETURN,<empty>,,,<empty>,,2,<empty>
15215,METHOD_RETURN,<empty>,,,<empty>,,2,<empty>
15334,METHOD_RETURN,<empty>,,,<empty>,,2,<empty>
15380,METHOD_RETURN,<empty>,,,<empty>,,2,<empty>
15449,METHOD_RETURN,<empty>,,,<empty>,,2,<empty>
15488,METHOD_RETURN,<empty>,,,<empty>,,2,<empty>
15517,METHOD_RETURN,<empty>,,,<empty>,,2,<empty>
15610,METHOD_RETURN,<empty>,,,<empty>,,2,<empty>
15621,METHOD_RETURN,<empty>,,,<empty>,,2,<empty>
15658,METHOD_RETURN,<empty>,,,<empty>,,2,<empty>
15710,METHOD_RETURN,<empty>,,,<empty>,,2,<empty>
15814,METHOD_RETURN,<empty>,,,<empty>,,2,<empty>
15839,METHOD_RETURN,<empty>,,,<empty>,,2,<empty>
15871,METHOD_RETURN,<empty>,,,<empty>,,2,<empty>
15883,METHOD_RETURN,<empty>,,,<empty>,,2,<empty>
15931,METHOD_RETURN,<empty>,,,<empty>,,2,<empty>
15958,METHOD_RETURN,<empty>,,,<empty>,,2,<empty>
16204,METHOD_RETURN,<empty>,,,<empty>,,2,<empty>
16221,METHOD_RETURN,<empty>,,,<empty>,,2,<empty>
16226,METHOD_RETURN,<empty>,,,<empty>,,2,<empty>
16237,METHOD_RETURN,<empty>,,,<empty>,,2,<empty>
16254,METHOD_RETURN,<empty>,,,<empty>,,2,<empty>
16266,METHOD_RETURN,<empty>,,,<empty>,,2,<empty>
16392,METHOD_RETURN,<empty>,,,<empty>,,2,<empty>
16438,METHOD_RETURN,<empty>,,,<empty>,,2,<empty>
16495,METHOD_RETURN,<empty>,,,<empty>,,2,<empty>
16627,METHOD_RETURN,<empty>,,,<empty>,,2,<empty>
16656,METHOD_RETURN,<empty>,,,<empty>,,2,<empty>
16698,METHOD_RETURN,<empty>,,,<empty>,,2,<empty>
16716,METHOD_RETURN,<empty>,,,<empty>,,2,<empty>
16936,METHOD_RETURN,<empty>,,,<empty>,,2,<empty>
17015,METHOD_RETURN,<empty>,,,<empty>,,2,<empty>
17166,METHOD_RETURN,<empty>,,,<empty>,,2,<empty>
17328,METHOD_RETURN,<empty>,,,<empty>,,2,<empty>
17491,METHOD_RETURN,<empty>,,,<empty>,,2,<empty>
17688,METHOD_RETURN,<empty>,,,<empty>,,2,<empty>
17740,METHOD_RETURN,<empty>,,,<empty>,,2,<empty>
17811,METHOD_RETURN,<empty>,,,<empty>,,2,<empty>
17829,METHOD_RETURN,<empty>,,,<empty>,,2,<empty>
18119,METHOD_RETURN,<empty>,,,<empty>,,2,<empty>
18272,METHOD_RETURN,<empty>,,,<empty>,,2,<empty>
18420,METHOD_RETURN,<empty>,,,<empty>,,2,<empty>
18562,METHOD_RETURN,<empty>,,,<empty>,,2,<empty>
18709,METHOD_RETURN,<empty>,,,<empty>,,2,<empty>
18733,METHOD_RETURN,<empty>,,,<empty>,,2,<empty>
18893,METHOD_RETURN,<empty>,,,<empty>,,2,<empty>
19000,METHOD_RETURN,<empty>,,,<empty>,,2,<empty>
19203,METHOD_RETURN,<empty>,,,<empty>,,2,<empty>
19253,METHOD_RETURN,<empty>,,,<empty>,,2,<empty>
19344,METHOD_RETURN,<empty>,,,<empty>,,2,<empty>
19472,METHOD_RETURN,<empty>,,,<empty>,,2,<empty>
19723,METHOD_RETURN,<empty>,,,<empty>,,2,<empty>
20024,METHOD_RETURN,<empty>,,,<empty>,,2,<empty>
20043,METHOD_RETURN,<empty>,,,<empty>,,2,<empty>
20152,METHOD_RETURN,<empty>,,,<empty>,,2,<empty>
20209,METHOD_RETURN,<empty>,,,<empty>,,2,<empty>
20251,METHOD_RETURN,<empty>,,,<empty>,,2,<empty>
20294,METHOD_RETURN,<empty>,,,<empty>,,2,<empty>
20318,METHOD_RETURN,<empty>,,,<empty>,,2,<empty>
20345,METHOD_RETURN,<empty>,,,<empty>,,2,<empty>
20478,METHOD_RETURN,<empty>,,,<empty>,,2,<empty>
20509,METHOD_RETURN,<empty>,,,<empty>,,2,<empty>
20514,METHOD_RETURN,<empty>,,,<empty>,,2,<empty>
20519,METHOD_RETURN,<empty>,,,<empty>,,2,<empty>
20554,METHOD_RETURN,<empty>,,,<empty>,,2,<empty>
20572,METHOD_RETURN,<empty>,,,<empty>,,2,<empty>
20716,METHOD_RETURN,<empty>,,,<empty>,,2,<empty>
20753,METHOD_RETURN,<empty>,,,<empty>,,2,<empty>
20797,METHOD_RETURN,<empty>,,,<empty>,,2,<empty>
20828,METHOD_RETURN,<empty>,,,<empty>,,2,<empty>
20865,METHOD_RETURN,<empty>,,,<empty>,,2,<empty>
20883,METHOD_RETURN,<empty>,,,<empty>,,2,<empty>
21074,METHOD_RETURN,<empty>,,,<empty>,,2,<empty>
21207,METHOD_RETURN,<empty>,,,<empty>,,2,<empty>
21335,METHOD_RETURN,<empty>,,,<empty>,,2,<empty>
21457,METHOD_RETURN,<empty>,,,<empty>,,2,<empty>
21590,METHOD_RETURN,<empty>,,,<empty>,,2,<empty>
21731,METHOD_RETURN,RET,,,BY_VALUE,,2,ANY
21735,METHOD_RETURN,RET,,,BY_VALUE,,2,ANY
21740,METHOD_RETURN,RET,,,BY_VALUE,,2,ANY
21745,METHOD_RETURN,RET,,,BY_VALUE,,2,ANY
21750,METHOD_RETURN,RET,,,BY_VALUE,,2,ANY
21755,METHOD_RETURN,RET,,,BY_VALUE,,2,ANY
21760,METHOD_RETURN,RET,,,BY_VALUE,,2,ANY
21764,METHOD_RETURN,RET,,,BY_VALUE,,2,ANY
21768,METHOD_RETURN,RET,,,BY_VALUE,,2,ANY
21772,METHOD_RETURN,RET,,,BY_VALUE,,2,ANY
21776,METHOD_RETURN,RET,,,BY_VALUE,,2,ANY
21780,METHOD_RETURN,RET,,,BY_VALUE,,2,ANY
21788,METHOD_RETURN,RET,,,BY_VALUE,,2,ANY
21791,METHOD_RETURN,RET,,,BY_VALUE,,2,ANY
21794,METHOD_RETURN,RET,,,BY_VALUE,,2,ANY
21799,METHOD_RETURN,RET,,,BY_VALUE,,2,ANY
21807,METHOD_RETURN,RET,,,BY_VALUE,,2,ANY
21812,METHOD_RETURN,RET,,,BY_VALUE,,2,ANY
21818,METHOD_RETURN,RET,,,BY_VALUE,,2,ANY
21822,METHOD_RETURN,RET,,,BY_VALUE,,2,ANY
21826,METHOD_RETURN,RET,,,BY_VALUE,,2,ANY
21831,METHOD_RETURN,RET,,,BY_VALUE,,2,ANY
21837,METHOD_RETURN,RET,,,BY_VALUE,,2,ANY
21841,METHOD_RETURN,RET,,,BY_VALUE,,2,ANY
21846,METHOD_RETURN,RET,,,BY_VALUE,,2,ANY
21850,METHOD_RETURN,RET,,,BY_VALUE,,2,ANY
21854,METHOD_RETURN,RET,,,BY_VALUE,,2,ANY
21857,METHOD_RETURN,RET,,,BY_VALUE,,2,ANY
21862,METHOD_RETURN,RET,,,BY_VALUE,,2,ANY
21867,METHOD_RETURN,RET,,,BY_VALUE,,2,ANY
21871,METHOD_RETURN,RET,,,BY_VALUE,,2,ANY
21877,METHOD_RETURN,RET,,,BY_VALUE,,2,ANY
21883,METHOD_RETURN,RET,,,BY_VALUE,,2,ANY
21887,METHOD_RETURN,RET,,,BY_VALUE,,2,ANY
21892,METHOD_RETURN,RET,,,BY_VALUE,,2,ANY
21898,METHOD_RETURN,RET,,,BY_VALUE,,2,ANY
21903,METHOD_RETURN,RET,,,BY_VALUE,,2,ANY
21907,METHOD_RETURN,RET,,,BY_VALUE,,2,ANY
21912,METHOD_RETURN,RET,,,BY_VALUE,,2,ANY
21917,METHOD_RETURN,RET,,,BY_VALUE,,2,ANY
21921,METHOD_RETURN,RET,,,BY_VALUE,,2,ANY
21925,METHOD_RETURN,RET,,,BY_VALUE,,2,ANY
21930,METHOD_RETURN,RET,,,BY_VALUE,,2,ANY
21935,METHOD_RETURN,RET,,,BY_VALUE,,2,ANY
21941,METHOD_RETURN,RET,,,BY_VALUE,,2,ANY
21945,METHOD_RETURN,RET,,,BY_VALUE,,2,ANY
21950,METHOD_RETURN,RET,,,BY_VALUE,,2,ANY
21955,METHOD_RETURN,RET,,,BY_VALUE,,2,ANY
21960,METHOD_RETURN,RET,,,BY_VALUE,,2,ANY
21964,METHOD_RETURN,RET,,,BY_VALUE,,2,ANY
21969,METHOD_RETURN,RET,,,BY_VALUE,,2,ANY
21974,METHOD_RETURN,RET,,,BY_VALUE,,2,ANY
21980,METHOD_RETURN,RET,,,BY_VALUE,,2,ANY
21986,METHOD_RETURN,RET,,,BY_VALUE,,2,ANY
21990,METHOD_RETURN,RET,,,BY_VALUE,,2,ANY
21996,METHOD_RETURN,RET,,,BY_VALUE,,2,ANY
22002,METHOD_RETURN,RET,,,BY_VALUE,,2,ANY
22008,METHOD_RETURN,RET,,,BY_VALUE,,2,ANY
22013,METHOD_RETURN,RET,,,BY_VALUE,,2,ANY
22020,METHOD_RETURN,RET,,,BY_VALUE,,2,ANY
22026,METHOD_RETURN,RET,,,BY_VALUE,,2,ANY
22031,METHOD_RETURN,RET,,,BY_VALUE,,2,ANY
22036,METHOD_RETURN,RET,,,BY_VALUE,,2,ANY
22040,METHOD_RETURN,RET,,,BY_VALUE,,2,ANY
22045,METHOD_RETURN,RET,,,BY_VALUE,,2,ANY
22050,METHOD_RETURN,RET,,,BY_VALUE,,2,ANY
22055,METHOD_RETURN,RET,,,BY_VALUE,,2,ANY
22060,METHOD_RETURN,RET,,,BY_VALUE,,2,ANY
22065,METHOD_RETURN,RET,,,BY_VALUE,,2,ANY
22070,METHOD_RETURN,RET,,,BY_VALUE,,2,ANY
22075,METHOD_RETURN,RET,,,BY_VALUE,,2,ANY
22080,METHOD_RETURN,RET,,,BY_VALUE,,2,ANY
22085,METHOD_RETURN,RET,,,BY_VALUE,,2,ANY
22090,METHOD_RETURN,RET,,,BY_VALUE,,2,ANY
22095,METHOD_RETURN,RET,,,BY_VALUE,,2,ANY
22099,METHOD_RETURN,RET,,,BY_VALUE,,2,ANY
22105,METHOD_RETURN,RET,,,BY_VALUE,,2,ANY
22111,METHOD_RETURN,RET,,,BY_VALUE,,2,ANY
22117,METHOD_RETURN,RET,,,BY_VALUE,,2,ANY
22121,METHOD_RETURN,RET,,,BY_VALUE,,2,ANY
22125,METHOD_RETURN,RET,,,BY_VALUE,,2,ANY
22130,METHOD_RETURN,RET,,,BY_VALUE,,2,ANY
22134,METHOD_RETURN,RET,,,BY_VALUE,,2,ANY
22139,METHOD_RETURN,RET,,,BY_VALUE,,2,ANY
22143,METHOD_RETURN,RET,,,BY_VALUE,,2,ANY
22148,METHOD_RETURN,RET,,,BY_VALUE,,2,ANY
22154,METHOD_RETURN,RET,,,BY_VALUE,,2,ANY
22160,METHOD_RETURN,RET,,,BY_VALUE,,2,ANY
22167,METHOD_RETURN,RET,,,BY_VALUE,,2,ANY
22172,METHOD_RETURN,RET,,,BY_VALUE,,2,ANY
22177,METHOD_RETURN,RET,,,BY_VALUE,,2,ANY
22182,METHOD_RETURN,RET,,,BY_VALUE,,2,ANY
22188,METHOD_RETURN,RET,,,BY_VALUE,,2,ANY
22194,METHOD_RETURN,RET,,,BY_VALUE,,2,ANY
22200,METHOD_RETURN,RET,,,BY_VALUE,,2,ANY
22205,METHOD_RETURN,RET,,,BY_VALUE,,2,ANY
22211,METHOD_RETURN,RET,,,BY_VALUE,,2,ANY
22215,METHOD_RETURN,RET,,,BY_VALUE,,2,ANY
22222,METHOD_RETURN,RET,,,BY_VALUE,,2,ANY
22228,METHOD_RETURN,RET,,,BY_VALUE,,2,ANY
22235,METHOD_RETURN,RET,,,BY_VALUE,,2,ANY
22242,METHOD_RETURN,RET,,,BY_VALUE,,2,ANY
22247,METHOD_RETURN,RET,,,BY_VALUE,,2,ANY
22254,METHOD_RETURN,RET,,,BY_VALUE,,2,ANY
22261,METHOD_RETURN,RET,,,BY_VALUE,,2,ANY
22267,METHOD_RETURN,RET,,,BY_VALUE,,2,ANY
22271,METHOD_RETURN,RET,,,BY_VALUE,,2,ANY
22276,METHOD_RETURN,RET,,,BY_VALUE,,2,ANY
22282,METHOD_RETURN,RET,,,BY_VALUE,,2,ANY
22289,METHOD_RETURN,RET,,,BY_VALUE,,2,ANY
22294,METHOD_RETURN,RET,,,BY_VALUE,,2,ANY
22298,METHOD_RETURN,RET,,,BY_VALUE,,2,ANY
22301,METHOD_RETURN,RET,,,BY_VALUE,,2,ANY
22306,METHOD_RETURN,RET,,,BY_VALUE,,2,ANY
22311,METHOD_RETURN,RET,,,BY_VALUE,,2,ANY
22315,METHOD_RETURN,RET,,,BY_VALUE,,2,ANY
22318,METHOD_RETURN,RET,,,BY_VALUE,,2,ANY
22323,METHOD_RETURN,RET,,,BY_VALUE,,2,ANY
22327,METHOD_RETURN,RET,,,BY_VALUE,,2,ANY
22332,METHOD_RETURN,RET,,,BY_VALUE,,2,ANY
22336,METHOD_RETURN,RET,,,BY_VALUE,,2,ANY
22340,METHOD_RETURN,RET,,,BY_VALUE,,2,ANY
22344,METHOD_RETURN,RET,,,BY_VALUE,,2,ANY
22348,METHOD_RETURN,RET,,,BY_VALUE,,2,ANY
22356,METHOD_RETURN,RET,,,BY_VALUE,,2,ANY
22363,METHOD_RETURN,RET,,,BY_VALUE,,2,ANY
22369,METHOD_RETURN,RET,,,BY_VALUE,,2,ANY
22375,METHOD_RETURN,RET,,,BY_VALUE,,2,ANY
22378,METHOD_RETURN,RET,,,BY_VALUE,,2,ANY
22382,METHOD_RETURN,RET,,,BY_VALUE,,2,ANY
22386,METHOD_RETURN,RET,,,BY_VALUE,,2,ANY
22390,METHOD_RETURN,RET,,,BY_VALUE,,2,ANY
22393,METHOD_RETURN,RET,,,BY_VALUE,,2,ANY
22397,METHOD_RETURN,RET,,,BY_VALUE,,2,ANY
22400,METHOD_RETURN,RET,,,BY_VALUE,,2,ANY
22404,METHOD_RETURN,RET,,,BY_VALUE,,2,ANY
22408,METHOD_RETURN,RET,,,BY_VALUE,,2,ANY
22412,METHOD_RETURN,RET,,,BY_VALUE,,2,ANY
22417,METHOD_RETURN,RET,,,BY_VALUE,,2,ANY
22420,METHOD_RETURN,RET,,,BY_VALUE,,2,ANY
22424,METHOD_RETURN,RET,,,BY_VALUE,,2,ANY
22428,METHOD_RETURN,RET,,,BY_VALUE,,2,ANY
22432,METHOD_RETURN,RET,,,BY_VALUE,,2,ANY
22436,METHOD_RETURN,RET,,,BY_VALUE,,2,ANY
22440,METHOD_RETURN,RET,,,BY_VALUE,,2,ANY
22444,METHOD_RETURN,RET,,,BY_VALUE,,2,ANY
22449,METHOD_RETURN,RET,,,BY_VALUE,,2,ANY
22453,METHOD_RETURN,RET,,,BY_VALUE,,2,ANY
22458,METHOD_RETURN,RET,,,BY_VALUE,,2,ANY
22462,METHOD_RETURN,RET,,,BY_VALUE,,2,ANY
22466,METHOD_RETURN,RET,,,BY_VALUE,,2,ANY
22471,METHOD_RETURN,RET,,,BY_VALUE,,2,ANY
22476,METHOD_RETURN,RET,,,BY_VALUE,,2,ANY
22480,METHOD_RETURN,RET,,,BY_VALUE,,2,ANY
22483,METHOD_RETURN,RET,,,BY_VALUE,,2,ANY
22487,METHOD_RETURN,RET,,,BY_VALUE,,2,ANY
22491,METHOD_RETURN,RET,,,BY_VALUE,,2,ANY
22494,METHOD_RETURN,RET,,,BY_VALUE,,2,ANY
22498,METHOD_RETURN,RET,,,BY_VALUE,,2,ANY
22502,METHOD_RETURN,RET,,,BY_VALUE,,2,ANY
22506,METHOD_RETURN,RET,,,BY_VALUE,,2,ANY
22510,METHOD_RETURN,RET,,,BY_VALUE,,2,ANY
22514,METHOD_RETURN,RET,,,BY_VALUE,,2,ANY
22519,METHOD_RETURN,RET,,,BY_VALUE,,2,ANY
22523,METHOD_RETURN,RET,,,BY_VALUE,,2,ANY
22529,METHOD_RETURN,RET,,,BY_VALUE,,2,ANY
22537,METHOD_RETURN,RET,,,BY_VALUE,,2,ANY
22542,METHOD_RETURN,RET,,,BY_VALUE,,2,ANY
22547,METHOD_RETURN,RET,,,BY_VALUE,,2,ANY
22552,METHOD_RETURN,RET,,,BY_VALUE,,2,ANY
22556,METHOD_RETURN,RET,,,BY_VALUE,,2,ANY
22561,METHOD_RETURN,RET,,,BY_VALUE,,2,ANY
22564,METHOD_RETURN,RET,,,BY_VALUE,,2,ANY
22569,METHOD_RETURN,RET,,,BY_VALUE,,2,ANY
22574,METHOD_RETURN,RET,,,BY_VALUE,,2,ANY
22578,METHOD_RETURN,RET,,,BY_VALUE,,2,ANY
22582,METHOD_RETURN,RET,,,BY_VALUE,,2,ANY
22586,METHOD_RETURN,RET,,,BY_VALUE,,2,ANY
22590,METHOD_RETURN,RET,,,BY_VALUE,,2,ANY
22594,METHOD_RETURN,RET,,,BY_VALUE,,2,ANY
22599,METHOD_RETURN,RET,,,BY_VALUE,,2,ANY
22603,METHOD_RETURN,RET,,,BY_VALUE,,2,ANY
22607,METHOD_RETURN,RET,,,BY_VALUE,,2,ANY
22612,METHOD_RETURN,RET,,,BY_VALUE,,2,ANY
22616,METHOD_RETURN,RET,,,BY_VALUE,,2,ANY
22620,METHOD_RETURN,RET,,,BY_VALUE,,2,ANY
22626,METHOD_RETURN,RET,,,BY_VALUE,,2,ANY
22631,METHOD_RETURN,RET,,,BY_VALUE,,2,ANY
22636,METHOD_RETURN,RET,,,BY_VALUE,,2,ANY
22641,METHOD_RETURN,RET,,,BY_VALUE,,2,ANY
22649,METHOD_RETURN,RET,,,BY_VALUE,,2,ANY
22654,METHOD_RETURN,RET,,,BY_VALUE,,2,ANY
22659,METHOD_RETURN,RET,,,BY_VALUE,,2,ANY
22665,METHOD_RETURN,RET,,,BY_VALUE,,2,ANY
22669,METHOD_RETURN,RET,,,BY_VALUE,,2,ANY
22673,METHOD_RETURN,RET,,,BY_VALUE,,2,ANY
22677,METHOD_RETURN,RET,,,BY_VALUE,,2,ANY
22681,METHOD_RETURN,RET,,,BY_VALUE,,2,ANY
22686,METHOD_RETURN,RET,,,BY_VALUE,,2,ANY
22690,METHOD_RETURN,RET,,,BY_VALUE,,2,ANY
22695,METHOD_RETURN,RET,,,BY_VALUE,,2,ANY
22698,METHOD_RETURN,RET,,,BY_VALUE,,2,ANY
22702,METHOD_RETURN,RET,,,BY_VALUE,,2,ANY
22708,METHOD_RETURN,RET,,,BY_VALUE,,2,ANY
22712,METHOD_RETURN,RET,,,BY_VALUE,,2,ANY
22718,METHOD_RETURN,RET,,,BY_VALUE,,2,ANY
22722,METHOD_RETURN,RET,,,BY_VALUE,,2,ANY
22727,METHOD_RETURN,RET,,,BY_VALUE,,2,ANY
22731,METHOD_RETURN,RET,,,BY_VALUE,,2,ANY
22734,METHOD_RETURN,RET,,,BY_VALUE,,2,ANY
22738,METHOD_RETURN,RET,,,BY_VALUE,,2,ANY
22741,METHOD_RETURN,RET,,,BY_VALUE,,2,ANY
22744,METHOD_RETURN,RET,,,BY_VALUE,,2,ANY
22749,METHOD_RETURN,RET,,,BY_VALUE,,2,ANY
22753,METHOD_RETURN,RET,,,BY_VALUE,,2,ANY
22756,METHOD_RETURN,RET,,,BY_VALUE,,2,ANY
22760,METHOD_RETURN,RET,,,BY_VALUE,,2,ANY
22764,METHOD_RETURN,RET,,,BY_VALUE,,2,ANY
