197,CONTROL_STRUCTURE,-1,,"if (!defined(""DVWA_WEB_PAGE_TO_ROOT""))",,IF,9,1,<empty>
205,CONTROL_STRUCTURE,-1,,"if (!@$GLOBALS[""___mysqli_ston""] = mysqli_connect($_DVWA[""db_server""],$_DVWA[""db_user""],$_DVWA[""db_password""],"""",$_DVWA[""db_port""]))",,IF,13,2,<empty>
232,CONTROL_STRUCTURE,-1,,"if ($_DVWA[""db_user""] == ""root"")",,IF,15,2,<empty>
247,CONTROL_STRUCTURE,-1,,"if (!@mysqli_query($GLOBALS[""___mysqli_ston""],$drop_db))",,IF,23,4,<empty>
277,CONTROL_STRUCTURE,-1,,"if (!@mysqli_query($GLOBALS[""___mysqli_ston""],$create_db))",,IF,29,6,<empty>
303,CONTROL_STRUCTURE,-1,,"if (!@(bool) mysqli_query($GLOBALS[""___mysqli_ston""],""USE "" . $_DVWA[""db_database""]))",,IF,37,8,<empty>
321,CONTROL_STRUCTURE,-1,,"if (!mysqli_query($GLOBALS[""___mysqli_ston""],$create_tb))",,IF,43,10,<empty>
363,CONTROL_STRUCTURE,-1,,"if (!mysqli_query($GLOBALS[""___mysqli_ston""],$insert))",,IF,60,15,<empty>
390,CONTROL_STRUCTURE,-1,,"if (!mysqli_query($GLOBALS[""___mysqli_ston""],$create_tb_guestbook))",,IF,69,18,<empty>
417,CONTROL_STRUCTURE,-1,,"if (!mysqli_query($GLOBALS[""___mysqli_ston""],$insert))",,IF,78,21,<empty>
454,CONTROL_STRUCTURE,-1,,if (file_exists($conf)),,IF,90,25,<empty>
463,CONTROL_STRUCTURE,-1,,if (!dvwaIsLoggedIn()),,IF,100,28,<empty>
528,CONTROL_STRUCTURE,-1,,if (!@pg_connect(encaps)),,IF,10,1,<empty>
555,CONTROL_STRUCTURE,-1,,if (!@pg_query($drop_db)),,IF,18,3,<empty>
571,CONTROL_STRUCTURE,-1,,if (!@pg_query($create_db)),,IF,25,5,<empty>
604,CONTROL_STRUCTURE,-1,,if (!pg_query($drop_table)),,IF,41,9,<empty>
615,CONTROL_STRUCTURE,-1,,if (!pg_query($create_tb)),,IF,48,11,<empty>
650,CONTROL_STRUCTURE,-1,,if (!pg_query($insert)),,IF,66,17,<empty>
663,CONTROL_STRUCTURE,-1,,if (!@pg_query($drop_table)),,IF,77,20,<empty>
675,CONTROL_STRUCTURE,-1,,if (!pg_query($create_tb_guestbook)),,IF,84,22,<empty>
688,CONTROL_STRUCTURE,-1,,if (!pg_query($insert)),,IF,94,25,<empty>
3450,CONTROL_STRUCTURE,-1,,foreach ($lines as $line),,FOR,,20,<empty>
3467,CONTROL_STRUCTURE,-1,,"if (chop($line) === """")",,IF,174,1,<empty>
3472,CONTROL_STRUCTURE,-1,,if (isset($CurrentBlock)),,IF,176,1,<empty>
3487,CONTROL_STRUCTURE,-1,,continue,,CONTINUE,183,2,<empty>
3488,CONTROL_STRUCTURE,-1,,"while ($beforeTab = strstr($line,""\t"",true) !== false)",,WHILE,186,2,<empty>
3536,CONTROL_STRUCTURE,-1,,"if (isset($CurrentBlock[""continuable""]))",,IF,206,6,<empty>
3551,CONTROL_STRUCTURE,-1,,if (isset($Block)),,IF,211,3,<empty>
3555,CONTROL_STRUCTURE,-1,,continue,,CONTINUE,215,2,<empty>
3557,CONTROL_STRUCTURE,-1,,"if ($this->isBlockCompletable($CurrentBlock[""type""]))",,IF,219,1,<empty>
3578,CONTROL_STRUCTURE,-1,,if (isset($this->BlockTypes[$marker])),,IF,235,9,<empty>
3584,CONTROL_STRUCTURE,-1,,foreach ($this->BlockTypes[$marker] as $blockType),,FOR,,1,<empty>
3606,CONTROL_STRUCTURE,-1,,foreach ($blockTypes as $blockType),,FOR,,10,<empty>
3628,CONTROL_STRUCTURE,-1,,if (isset($Block)),,IF,250,2,<empty>
3634,CONTROL_STRUCTURE,-1,,"if (!isset($Block[""identified""]))",,IF,254,2,<empty>
3640,CONTROL_STRUCTURE,-1,,if (isset($CurrentBlock)),,IF,256,1,<empty>
3652,CONTROL_STRUCTURE,-1,,if ($this->isBlockContinuable($blockType)),,IF,264,3,<empty>
3662,CONTROL_STRUCTURE,-1,,continue(2),,CONTINUE,271,5,<empty>
3664,CONTROL_STRUCTURE,-1,,"if (isset($CurrentBlock) && $CurrentBlock[""type""] === ""Paragraph"")",,IF,277,11,<empty>
3674,CONTROL_STRUCTURE,-1,,if (isset($Block)),,IF,282,12,<empty>
3679,CONTROL_STRUCTURE,-1,,if (isset($CurrentBlock)),,IF,288,1,<empty>
3693,CONTROL_STRUCTURE,-1,,"if (isset($CurrentBlock[""continuable""]) && $this->isBlockCompletable($CurrentBlock[""type""]))",,IF,301,21,<empty>
3712,CONTROL_STRUCTURE,-1,,if (isset($CurrentBlock)),,IF,309,22,<empty>
3725,CONTROL_STRUCTURE,-1,,"if (!isset($Component[""element""]))",,IF,321,3,<empty>
3731,CONTROL_STRUCTURE,-1,,"if (isset($Component[""markup""]))",,IF,323,1,<empty>
3747,CONTROL_STRUCTURE,-1,,"if (isset($Component[""hidden""]))",,IF,327,1,<empty>
3785,CONTROL_STRUCTURE,-1,,"if (isset($Block) && $Block[""type""] === ""Paragraph"" && !isset($Block[""interrupted""]))",,IF,351,4,<empty>
3799,CONTROL_STRUCTURE,-1,,"if ($Line[""indent""] >= 4)",,IF,356,5,<empty>
3840,CONTROL_STRUCTURE,-1,,"if ($Line[""indent""] >= 4)",,IF,376,1,<empty>
3846,CONTROL_STRUCTURE,-1,,"if (isset($Block[""interrupted""]))",,IF,378,1,<empty>
3896,CONTROL_STRUCTURE,-1,,if ($this->markupEscaped || $this->safeMode),,IF,405,3,<empty>
3904,CONTROL_STRUCTURE,-1,,"if (strpos($Line[""text""],""<!--"") === 0)",,IF,410,4,<empty>
3931,CONTROL_STRUCTURE,-1,,"if (strpos($Line[""text""],""-->"") !== false)",,IF,419,2,<empty>
3953,CONTROL_STRUCTURE,-1,,"if (isset($Block[""closed""]))",,IF,430,1,<empty>
3968,CONTROL_STRUCTURE,-1,,"if (strpos($Line[""text""],""-->"") !== false)",,IF,437,3,<empty>
3999,CONTROL_STRUCTURE,-1,,if ($openerLength < 3),,IF,454,12,<empty>
4010,CONTROL_STRUCTURE,-1,,"if (strpos($infostring,""`"") !== false)",,IF,461,14,<empty>
4030,CONTROL_STRUCTURE,-1,,"if ($infostring !== """")",,IF,471,16,<empty>
4076,CONTROL_STRUCTURE,-1,,"if (isset($Block[""complete""]))",,IF,504,2,<empty>
4082,CONTROL_STRUCTURE,-1,,"if (isset($Block[""interrupted""]))",,IF,509,3,<empty>
4101,CONTROL_STRUCTURE,-1,,"if ($len = strspn($Line[""text""],$Block[""char""]) >= $Block[""openerLength""] && chop(substr($Line[""text""],$len),"" "") === """")",,IF,516,4,<empty>
4169,CONTROL_STRUCTURE,-1,,if ($level > 6),,IF,543,6,<empty>
4179,CONTROL_STRUCTURE,-1,,"if ($this->strictMode && isset($text[0]) && $text[0] !== "" "")",,IF,550,8,<empty>
4262,CONTROL_STRUCTURE,-1,,"if (preg_match(""/^("" . $pattern . ""([ ]++|$))(.*+)/"",$Line[""text""],$matches))",,IF,578,19,<empty>
4275,CONTROL_STRUCTURE,-1,,if ($contentIndent >= 5),,IF,582,2,<empty>
4298,CONTROL_STRUCTURE,-1,,if ($contentIndent === 0),,IF,588,1,<empty>
4371,CONTROL_STRUCTURE,-1,,"if ($name === ""ol"")",,IF,610,6,<empty>
4390,CONTROL_STRUCTURE,-1,,"if ($listStart !== ""1"")",,IF,614,2,<empty>
4394,CONTROL_STRUCTURE,-1,,"if (isset($CurrentBlock) && $CurrentBlock[""type""] === ""Paragraph"" && !isset($CurrentBlock[""interrupted""]))",,IF,616,1,<empty>
4470,CONTROL_STRUCTURE,-1,,"if (isset($Block[""interrupted""]) && empty($Block[""li""][""handler""][""argument""]))",,IF,645,6,<empty>
4496,CONTROL_STRUCTURE,-1,,"if ($Line[""indent""] < $requiredIndent && $Block[""data""][""type""] === ""ol"" && preg_match(""/^[0-9]++"" . $Block[""data""][""markerTypeRegex""] . ""(?:[ ]++(.*)|$)/"",$Line[""text""],$matches) || $Block[""data""][""type""] === ""ul"" && preg_match(""/^"" . $Block[""data""][""markerTypeRegex""] . ""(?:[ ]++(.*)|$)/"",$Line[""text""],$matches))",,IF,652,8,<empty>
4539,CONTROL_STRUCTURE,-1,,"if (isset($Block[""interrupted""]))",,IF,663,1,<empty>
4618,CONTROL_STRUCTURE,-1,,"if ($Line[""indent""] < $requiredIndent && $this->blockList($Line))",,IF,691,1,<empty>
4629,CONTROL_STRUCTURE,-1,,"if ($Line[""text""][0] === ""["" && $this->blockReference($Line))",,IF,696,9,<empty>
4640,CONTROL_STRUCTURE,-1,,"if ($Line[""indent""] >= $requiredIndent)",,IF,701,10,<empty>
4645,CONTROL_STRUCTURE,-1,,"if (isset($Block[""interrupted""]))",,IF,703,1,<empty>
4681,CONTROL_STRUCTURE,-1,,"if (!isset($Block[""interrupted""]))",,IF,719,11,<empty>
4711,CONTROL_STRUCTURE,-1,,"if (isset($Block[""loose""]))",,IF,731,3,<empty>
4716,CONTROL_STRUCTURE,-1,,"foreach ($Block[""element""][""elements""] as &$li)",,FOR,,1,<empty>
4739,CONTROL_STRUCTURE,-1,,"if (end($li[""handler""][""argument""]) !== """")",,IF,735,1,<empty>
4761,CONTROL_STRUCTURE,-1,,"if (preg_match(""/^>[ ]?+(.*+)/"",$Line[""text""],$matches))",,IF,750,5,<empty>
4805,CONTROL_STRUCTURE,-1,,"if (isset($Block[""interrupted""]))",,IF,769,2,<empty>
4811,CONTROL_STRUCTURE,-1,,"if ($Line[""text""][0] === "">"" && preg_match(""/^>[ ]?+(.*+)/"",$Line[""text""],$matches))",,IF,774,3,<empty>
4835,CONTROL_STRUCTURE,-1,,"if (!isset($Block[""interrupted""]))",,IF,781,4,<empty>
4862,CONTROL_STRUCTURE,-1,,"if (substr_count($Line[""text""],$marker) >= 3 && chop($Line[""text""],encaps) === """")",,IF,796,5,<empty>
4895,CONTROL_STRUCTURE,-1,,"if (!isset($Block) || $Block[""type""] !== ""Paragraph"" || isset($Block[""interrupted""]))",,IF,813,1,<empty>
4909,CONTROL_STRUCTURE,-1,,"if ($Line[""indent""] < 4 && chop(chop($Line[""text""],"" ""),$Line[""text""][0]) === """")",,IF,818,2,<empty>
4946,CONTROL_STRUCTURE,-1,,if ($this->markupEscaped || $this->safeMode),,IF,831,5,<empty>
4954,CONTROL_STRUCTURE,-1,,"if (preg_match(""/^<[\\/]?+(\\w*)(?:[ ]*+"" . $this->regexHtmlAttribute . "")*+[ ]*+(\\/)?>/"",$Line[""text""],$matches))",,IF,836,6,<empty>
4969,CONTROL_STRUCTURE,-1,,"if (in_array($element,$this->textLevelElements))",,IF,840,2,<empty>
5005,CONTROL_STRUCTURE,-1,,"if (isset($Block[""closed""]) || isset($Block[""interrupted""]))",,IF,859,1,<empty>
5030,CONTROL_STRUCTURE,-1,,"if (strpos($Line[""text""],""]"") !== false && preg_match(""/^\\[(.+?)\\]:[ ]*+<?(\\S+?)>?(?:[ ]+[""\'(](.+)[""\')])?[ ]*+$/"",$Line[""text""],$matches))",,IF,874,7,<empty>
5095,CONTROL_STRUCTURE,-1,,"if (!isset($Block) || $Block[""type""] !== ""Paragraph"" || isset($Block[""interrupted""]))",,IF,899,26,<empty>
5109,CONTROL_STRUCTURE,-1,,"if (strpos($Block[""element""][""handler""][""argument""],""|"") === false && strpos($Line[""text""],""|"") === false && strpos($Line[""text""],"":"") === false || strpos($Block[""element""][""handler""][""argument""],""\n"") !== false)",,IF,904,27,<empty>
5155,CONTROL_STRUCTURE,-1,,"if (chop($Line[""text""],"" -:|"") !== """")",,IF,913,28,<empty>
5178,CONTROL_STRUCTURE,-1,,foreach ($dividerCells as $dividerCell),,FOR,,34,<empty>
5197,CONTROL_STRUCTURE,-1,,"if ($dividerCell === """")",,IF,931,2,<empty>
5206,CONTROL_STRUCTURE,-1,,"if ($dividerCell[0] === "":"")",,IF,938,4,<empty>
5214,CONTROL_STRUCTURE,-1,,"if (substr($dividerCell,-1) === "":"")",,IF,943,5,<empty>
5247,CONTROL_STRUCTURE,-1,,if (count($headerCells) !== count($alignments)),,IF,962,40,<empty>
5253,CONTROL_STRUCTURE,-1,,foreach ($headerCells as $index => $headerCell),,FOR,,41,<empty>
5298,CONTROL_STRUCTURE,-1,,if (isset($alignments[$index])),,IF,980,3,<empty>
5399,CONTROL_STRUCTURE,-1,,"if (isset($Block[""interrupted""]))",,IF,1022,14,<empty>
5405,CONTROL_STRUCTURE,-1,,"if (count($Block[""alignments""]) === 1 || $Line[""text""][0] === ""|"" || strpos($Line[""text""],""|""))",,IF,1027,15,<empty>
5445,CONTROL_STRUCTURE,-1,,foreach ($cells as $index => $cell),,FOR,,7,<empty>
5490,CONTROL_STRUCTURE,-1,,"if (isset($Block[""alignments""][$index]))",,IF,1053,3,<empty>
5578,CONTROL_STRUCTURE,-1,,"if (isset($Block[""interrupted""]))",,IF,1095,1,<empty>
5633,CONTROL_STRUCTURE,-1,,"while ($excerpt = strpbrk($text,$this->inlineMarkerList))",,WHILE,1149,20,<empty>
5655,CONTROL_STRUCTURE,-1,,foreach ($this->InlineTypes[$marker] as $inlineType),,FOR,,4,<empty>
5675,CONTROL_STRUCTURE,-1,,if (isset($nonNestables[$inlineType])),,IF,1161,1,<empty>
5679,CONTROL_STRUCTURE,-1,,continue,,CONTINUE,1163,1,<empty>
5685,CONTROL_STRUCTURE,-1,,if (!isset($Inline)),,IF,1168,3,<empty>
5689,CONTROL_STRUCTURE,-1,,continue,,CONTINUE,1170,1,<empty>
5690,CONTROL_STRUCTURE,-1,,"if (isset($Inline[""position""]) && $Inline[""position""] > $markerPosition)",,IF,1175,4,<empty>
5699,CONTROL_STRUCTURE,-1,,continue,,CONTINUE,1177,1,<empty>
5700,CONTROL_STRUCTURE,-1,,"if (!isset($Inline[""position""]))",,IF,1182,5,<empty>
5746,CONTROL_STRUCTURE,-1,,continue(2),,CONTINUE,1208,12,<empty>
5769,CONTROL_STRUCTURE,-1,,foreach ($Elements as &$Element),,FOR,,23,<empty>
5788,CONTROL_STRUCTURE,-1,,"if (!isset($Element[""autobreak""]))",,IF,1226,1,<empty>
5860,CONTROL_STRUCTURE,-1,,"if (preg_match(""/^(["" . $marker . ""]++)[ ]*+(.+?)[ ]*+(?<!["" . $marker . ""])\\1(?!"" . $marker . "")/s"",$Excerpt[""text""],$matches))",,IF,1262,6,<empty>
5918,CONTROL_STRUCTURE,-1,,"if (strpos($Excerpt[""text""],"">"") !== false && preg_match(encaps,$Excerpt[""text""],$matches))",,IF,1284,10,<empty>
5938,CONTROL_STRUCTURE,-1,,if (!isset($matches[2])),,IF,1289,2,<empty>
5982,CONTROL_STRUCTURE,-1,,"if (!isset($Excerpt[""text""][1]))",,IF,1309,7,<empty>
5996,CONTROL_STRUCTURE,-1,,"if ($Excerpt[""text""][1] === $marker && preg_match($this->StrongRegex[$marker],$Excerpt[""text""],$matches))",,IF,1316,9,<empty>
6013,CONTROL_STRUCTURE,-1,,"if (preg_match($this->EmRegex[$marker],$Excerpt[""text""],$matches))",,IF,1320,1,<empty>
6064,CONTROL_STRUCTURE,-1,,"if (isset($Excerpt[""text""][1]) && in_array($Excerpt[""text""][1],$this->specialCharacters))",,IF,1344,3,<empty>
6102,CONTROL_STRUCTURE,-1,,"if (!isset($Excerpt[""text""][1]) || $Excerpt[""text""][1] !== ""["")",,IF,1355,6,<empty>
6127,CONTROL_STRUCTURE,-1,,if ($Link === null),,IF,1364,9,<empty>
6264,CONTROL_STRUCTURE,-1,,"if (preg_match(""/\\[((?:[^][]++|(?R))*+)\\]/"",$remainder,$matches))",,IF,1408,15,<empty>
6283,CONTROL_STRUCTURE,-1,,"if (preg_match(""/^[(]\\s*+((?:[^ ()]++|[(][^ )]+[)])++)(?:[ ]+(""[^""]*+""|\'[^\']*+\'))?\\s*+[)]/"",$remainder,$matches))",,IF,1421,16,<empty>
6294,CONTROL_STRUCTURE,-1,,if (isset($matches[2])),,IF,1425,2,<empty>
6315,CONTROL_STRUCTURE,-1,,"if (preg_match(""/^\\s*\\[(.*?)\\]/"",$remainder,$matches))",,IF,1434,1,<empty>
6343,CONTROL_STRUCTURE,-1,,"if (!isset($this->DefinitionData[""Reference""][$definition]))",,IF,1446,2,<empty>
6386,CONTROL_STRUCTURE,-1,,"if ($this->markupEscaped || $this->safeMode || strpos($Excerpt[""text""],"">"") === false)",,IF,1465,8,<empty>
6403,CONTROL_STRUCTURE,-1,,"if ($Excerpt[""text""][1] === ""/"" && preg_match(""/^<\\/\\w[\\w-]*+[ ]*+>/s"",$Excerpt[""text""],$matches))",,IF,1470,9,<empty>
6435,CONTROL_STRUCTURE,-1,,"if ($Excerpt[""text""][1] === ""!"" && preg_match(""/^<!---?[^>-](?:-?+[^-])*-->/s"",$Excerpt[""text""],$matches))",,IF,1478,10,<empty>
6467,CONTROL_STRUCTURE,-1,,"if ($Excerpt[""text""][1] !== "" "" && preg_match(""/^<\\w[\\w-]*+(?:[ ]*+"" . $this->regexHtmlAttribute . "")*+[ ]*+\\/?>/s"",$Excerpt[""text""],$matches))",,IF,1486,11,<empty>
6509,CONTROL_STRUCTURE,-1,,"if (substr($Excerpt[""text""],1,1) !== "" "" && strpos($Excerpt[""text""],"";"") !== false && preg_match(""/^&(#?+[0-9a-zA-Z]++);/"",$Excerpt[""text""],$matches))",,IF,1497,4,<empty>
6561,CONTROL_STRUCTURE,-1,,"if (!isset($Excerpt[""text""][1]))",,IF,1511,5,<empty>
6570,CONTROL_STRUCTURE,-1,,"if ($Excerpt[""text""][1] === ""~"" && preg_match(""/^~~(?=\\S)(.+?)(?<=\\S)~~/"",$Excerpt[""text""],$matches))",,IF,1516,6,<empty>
6623,CONTROL_STRUCTURE,-1,,"if ($this->urlsLinked !== true || !isset($Excerpt[""text""][2]) || $Excerpt[""text""][2] !== ""/"")",,IF,1534,7,<empty>
6646,CONTROL_STRUCTURE,-1,,"if (strpos($Excerpt[""context""],""http"") !== false && preg_match(""/\\bhttps?+:[\\/]{2}[^\\s<]+\\b\\/*+/ui"",$Excerpt[""context""],$matches,PREG_OFFSET_CAPTURE))",,IF,1539,8,<empty>
6713,CONTROL_STRUCTURE,-1,,"if (strpos($Excerpt[""text""],"">"") !== false && preg_match(""/^<(\\w++:\\/{2}[^ >]++)>/i"",$Excerpt[""text""],$matches))",,IF,1562,6,<empty>
6775,CONTROL_STRUCTURE,-1,,"if (isset($Element[""handler""]))",,IF,1593,5,<empty>
6780,CONTROL_STRUCTURE,-1,,"if (!isset($Element[""nonNestables""]))",,IF,1595,1,<empty>
6791,CONTROL_STRUCTURE,-1,,"if (is_string($Element[""handler""]))",,IF,1600,2,<empty>
6829,CONTROL_STRUCTURE,-1,,"if ($destination === ""handler"")",,IF,1616,4,<empty>
6875,CONTROL_STRUCTURE,-1,,"if (isset($Element[""elements""]))",,IF,1641,2,<empty>
6887,CONTROL_STRUCTURE,-1,,"if (isset($Element[""element""]))",,IF,1645,1,<empty>
6903,CONTROL_STRUCTURE,-1,,"if (isset($Element[""elements""]))",,IF,1655,1,<empty>
6915,CONTROL_STRUCTURE,-1,,"if (isset($Element[""element""]))",,IF,1659,1,<empty>
6934,CONTROL_STRUCTURE,-1,,foreach ($Elements as &$Element),,FOR,,2,<empty>
6961,CONTROL_STRUCTURE,-1,,foreach ($Elements as &$Element),,FOR,,2,<empty>
6988,CONTROL_STRUCTURE,-1,,if ($this->safeMode),,IF,1691,10,<empty>
7002,CONTROL_STRUCTURE,-1,,if ($hasName),,IF,1703,14,<empty>
7009,CONTROL_STRUCTURE,-1,,"if (isset($Element[""attributes""]))",,IF,1707,2,<empty>
7014,CONTROL_STRUCTURE,-1,,"foreach ($Element[""attributes""] as $name => $value)",,FOR,,1,<empty>
7036,CONTROL_STRUCTURE,-1,,if ($value === null),,IF,1711,1,<empty>
7042,CONTROL_STRUCTURE,-1,,continue,,CONTINUE,1713,1,<empty>
7055,CONTROL_STRUCTURE,-1,,"if (isset($Element[""text""]))",,IF,1723,16,<empty>
7064,CONTROL_STRUCTURE,-1,,"if (isset($Element[""rawHtml""]))",,IF,1729,1,<empty>
7094,CONTROL_STRUCTURE,-1,,if ($hasContent),,IF,1739,18,<empty>
7100,CONTROL_STRUCTURE,-1,,"if (isset($Element[""elements""]))",,IF,1743,2,<empty>
7110,CONTROL_STRUCTURE,-1,,"if (isset($Element[""element""]))",,IF,1747,1,<empty>
7120,CONTROL_STRUCTURE,-1,,if (!$permitRawHtml),,IF,1753,1,<empty>
7140,CONTROL_STRUCTURE,-1,,if ($hasName),,IF,1765,1,<empty>
7156,CONTROL_STRUCTURE,-1,,foreach ($Elements as $Element),,FOR,,7,<empty>
7173,CONTROL_STRUCTURE,-1,,if (empty($Element)),,IF,1781,1,<empty>
7176,CONTROL_STRUCTURE,-1,,continue,,CONTINUE,1783,1,<empty>
7208,CONTROL_STRUCTURE,-1,,"if (!in_array("""",$lines) && isset($Elements[0]) && isset($Elements[0][""name""]) && $Elements[0][""name""] === ""p"")",,IF,1807,2,<empty>
7245,CONTROL_STRUCTURE,-1,,"while (preg_match($regexp,$text,$matches,PREG_OFFSET_CAPTURE))",,WHILE,1829,11,<empty>
7274,CONTROL_STRUCTURE,-1,,foreach ($Elements as $Element),,FOR,,5,<empty>
7327,CONTROL_STRUCTURE,-1,,"if (!isset($Element[""name""]))",,IF,1869,10,<empty>
7337,CONTROL_STRUCTURE,-1,,"if (isset($safeUrlNameToAtt[$Element[""name""]]))",,IF,1875,11,<empty>
7348,CONTROL_STRUCTURE,-1,,"if (!empty($Element[""attributes""]))",,IF,1880,12,<empty>
7354,CONTROL_STRUCTURE,-1,,"foreach ($Element[""attributes""] as $att => $val)",,FOR,,1,<empty>
7376,CONTROL_STRUCTURE,-1,,"if (!preg_match($goodAttribute,$att))",,IF,1885,1,<empty>
7385,CONTROL_STRUCTURE,-1,,"if (self::striAtStart($att,""on""))",,IF,1890,1,<empty>
7399,CONTROL_STRUCTURE,-1,,foreach ($this->safeLinksWhitelist as $scheme),,FOR,,4,<empty>
7418,CONTROL_STRUCTURE,-1,,"if (self::striAtStart($Element[""attributes""][$attribute],$scheme))",,IF,1904,1,<empty>
7457,CONTROL_STRUCTURE,-1,,if ($len > strlen($string)),,IF,1928,3,<empty>
7478,CONTROL_STRUCTURE,-1,,if (isset(self::$instances[$name])),,IF,1940,5,<empty>
8007,CONTROL_STRUCTURE,-1,,"if (!defined(""DVWA_WEB_PAGE_TO_ROOT""))",,IF,3,1,<empty>
8015,CONTROL_STRUCTURE,-1,,"if (!file_exists(DVWA_WEB_PAGE_TO_ROOT . ""config/config.inc.php""))",,IF,8,2,<empty>
8032,CONTROL_STRUCTURE,-1,,if (!isset($html)),,IF,16,4,<empty>
8057,CONTROL_STRUCTURE,-1,,"if (!isset($_COOKIE[""security""]) || !in_array($_COOKIE[""security""],$security_levels))",,IF,22,6,<empty>
8068,CONTROL_STRUCTURE,-1,,"if (in_array($_DVWA[""default_security_level""],$security_levels))",,IF,24,1,<empty>
8079,CONTROL_STRUCTURE,-1,,"if (dvwaSecurityLevelGet() == ""impossible"")",,IF,34,7,<empty>
8137,CONTROL_STRUCTURE,-1,,"if (!array_key_exists(""default_locale"",$_DVWA))",,IF,57,13,<empty>
8162,CONTROL_STRUCTURE,-1,,"if (!isset($_SESSION[""dvwa""]))",,IF,77,3,<empty>
8179,CONTROL_STRUCTURE,-1,,"if (in_array(""authenticated"",$pActions))",,IF,85,1,<empty>
8183,CONTROL_STRUCTURE,-1,,if (!dvwaIsLoggedIn()),,IF,86,1,<empty>
8205,CONTROL_STRUCTURE,-1,,"if (in_array(""disable_authentication"",$_DVWA) && $_DVWA[""disable_authentication""])",,IF,101,3,<empty>
8284,CONTROL_STRUCTURE,-1,,"if (isset($_COOKIE[""security""]))",,IF,143,2,<empty>
8292,CONTROL_STRUCTURE,-1,,"if (in_array(""disable_authentication"",$_DVWA) && $_DVWA[""disable_authentication""])",,IF,149,3,<empty>
8307,CONTROL_STRUCTURE,-1,,"if ($pSecurityLevel == ""impossible"")",,IF,159,1,<empty>
8359,CONTROL_STRUCTURE,-1,,"if (in_array($pLocale,$locales))",,IF,182,6,<empty>
8376,CONTROL_STRUCTURE,-1,,"if (!isset($dvwaSession[""messages""]))",,IF,193,4,<empty>
8396,CONTROL_STRUCTURE,-1,,"if (!isset($dvwaSession[""messages""]) || count($dvwaSession[""messages""]) == 0)",,IF,202,3,<empty>
8421,CONTROL_STRUCTURE,-1,,while ($message = dvwaMessagePop()),,WHILE,211,4,<empty>
8448,CONTROL_STRUCTURE,-1,,if (dvwaIsLoggedIn()),,IF,224,48,<empty>
8542,CONTROL_STRUCTURE,-1,,if (dvwaIsLoggedIn()),,IF,234,49,<empty>
8802,CONTROL_STRUCTURE,-1,,"if (dvwaCurrentUser() == ""admin"")",,IF,250,16,<empty>
8848,CONTROL_STRUCTURE,-1,,if (dvwaIsLoggedIn()),,IF,257,51,<empty>
8905,CONTROL_STRUCTURE,-1,,if (dvwaIsLoggedIn()),,IF,263,53,<empty>
8933,CONTROL_STRUCTURE,-1,,foreach ($menuBlocks as $menuBlock),,FOR,,55,<empty>
8952,CONTROL_STRUCTURE,-1,,foreach ($menuBlock as $menuItem),,FOR,,2,<empty>
8999,CONTROL_STRUCTURE,-1,,switch (dvwaSecurityLevelGet()),,SWITCH,282,57,<empty>
9005,CONTROL_STRUCTURE,-1,,break,,BREAK,285,3,<empty>
9009,CONTROL_STRUCTURE,-1,,break,,BREAK,288,6,<empty>
9013,CONTROL_STRUCTURE,-1,,break,,BREAK,291,9,<empty>
9017,CONTROL_STRUCTURE,-1,,break,,BREAK,294,12,<empty>
9035,CONTROL_STRUCTURE,-1,,if ($messagesHtml),,IF,305,63,<empty>
9043,CONTROL_STRUCTURE,-1,,if (dvwaIsLoggedIn()),,IF,310,65,<empty>
9053,CONTROL_STRUCTURE,-1,,"if ($pPage[""source_button""])",,IF,312,66,<empty>
9064,CONTROL_STRUCTURE,-1,,"if ($pPage[""help_button""])",,IF,315,67,<empty>
9189,CONTROL_STRUCTURE,-1,,if (is_null($text)),,IF,461,1,<empty>
9245,CONTROL_STRUCTURE,-1,,"if ($DBMS == ""MySQL"")",,IF,485,39,<empty>
9255,CONTROL_STRUCTURE,-1,,"if ($DBMS == ""PGSQL"")",,IF,489,1,<empty>
9277,CONTROL_STRUCTURE,-1,,"if ($DBMS == ""MySQL"")",,IF,512,12,<empty>
9281,CONTROL_STRUCTURE,-1,,"if (!@$GLOBALS[""___mysqli_ston""] = mysqli_connect($_DVWA[""db_server""],$_DVWA[""db_user""],$_DVWA[""db_password""],"""",$_DVWA[""db_port""]) || !@(bool) mysqli_query($GLOBALS[""___mysqli_ston""],""USE "" . $_DVWA[""db_database""]))",,IF,513,1,<empty>
9360,CONTROL_STRUCTURE,-1,,"if ($DBMS == ""PGSQL"")",,IF,525,1,<empty>
9372,CONTROL_STRUCTURE,-1,,"if ($_DVWA[""SQLI_DB""] == SQLITE)",,IF,535,13,<empty>
9420,CONTROL_STRUCTURE,-1,,while ($row = mysqli_fetch_row($result)),,WHILE,559,11,<empty>
9424,CONTROL_STRUCTURE,-1,,"if (dvwaSecurityLevelGet() == ""impossible"")",,IF,560,1,<empty>
9457,CONTROL_STRUCTURE,-1,,"if (in_array(""disable_authentication"",$_DVWA) && $_DVWA[""disable_authentication""])",,IF,580,2,<empty>
9468,CONTROL_STRUCTURE,-1,,if ($user_token !== $session_token || !isset($session_token)),,IF,584,3,<empty>
9480,CONTROL_STRUCTURE,-1,,"if (isset($_SESSION[""session_token""]))",,IF,591,2,<empty>
9791,CONTROL_STRUCTURE,-1,,TODO,,TRY,11,10,<empty>
9868,CONTROL_STRUCTURE,-1,,"if (!defined(""DVWA_WEB_PAGE_TO_ROOT""))",,IF,3,1,<empty>
10180,CONTROL_STRUCTURE,-1,,"if (!array_key_exists($selectedDocId,$docs))",,IF,21,10,<empty>
10196,CONTROL_STRUCTURE,-1,,"if ($docs[$selectedDocId][""type""] == ""markdown"")",,IF,28,13,<empty>
10216,CONTROL_STRUCTURE,-1,,foreach (array_keys($docs) as $docId),,FOR,,15,<empty>
10341,CONTROL_STRUCTURE,-1,,"if (isset($_POST[""Login""]))",,IF,10,5,<empty>
10346,CONTROL_STRUCTURE,-1,,"if (array_key_exists(""session_token"",$_SESSION))",,IF,12,1,<empty>
10423,CONTROL_STRUCTURE,-1,,if (mysqli_num_rows($result) != 1),,IF,34,12,<empty>
10465,CONTROL_STRUCTURE,-1,,if ($result && mysqli_num_rows($result) == 1),,IF,41,15,<empty>
10545,CONTROL_STRUCTURE,-1,,if (!dvwaIsLoggedIn()),,IF,8,4,<empty>
10675,CONTROL_STRUCTURE,-1,,"if (isset($_POST[""seclev_submit""]))",,IF,13,8,<empty>
10688,CONTROL_STRUCTURE,-1,,"switch ($_POST[""security""])",,SWITCH,18,3,<empty>
10695,CONTROL_STRUCTURE,-1,,break,,BREAK,21,3,<empty>
10699,CONTROL_STRUCTURE,-1,,break,,BREAK,24,6,<empty>
10703,CONTROL_STRUCTURE,-1,,break,,BREAK,27,9,<empty>
10707,CONTROL_STRUCTURE,-1,,break,,BREAK,30,12,<empty>
10717,CONTROL_STRUCTURE,-1,,foreach ( as $securityLevel),,FOR,,11,<empty>
10754,CONTROL_STRUCTURE,-1,,if ($securityLevel == dvwaSecurityLevelGet()),,IF,42,2,<empty>
10893,CONTROL_STRUCTURE,-1,,"if (isset($_POST[""create_db""]))",,IF,12,7,<empty>
10898,CONTROL_STRUCTURE,-1,,"if (array_key_exists(""session_token"",$_SESSION))",,IF,14,1,<empty>
10912,CONTROL_STRUCTURE,-1,,"if ($DBMS == ""MySQL"")",,IF,22,3,<empty>
10923,CONTROL_STRUCTURE,-1,,"if ($DBMS == ""PGSQL"")",,IF,25,1,<empty>
10937,CONTROL_STRUCTURE,-1,,"if ($DBMS == ""MySQL"")",,IF,40,10,<empty>
10944,CONTROL_STRUCTURE,-1,,"if ($DBMS == ""PGSQL"")",,IF,42,1,<empty>
11065,CONTROL_STRUCTURE,-1,,"if (dvwaSecurityLevelGet() == ""impossible"" && dvwaCurrentUser() != ""admin"")",,IF,11,4,<empty>
11086,CONTROL_STRUCTURE,-1,,"if ($_SERVER[""REQUEST_METHOD""] != ""POST"")",,IF,15,5,<empty>
11106,CONTROL_STRUCTURE,-1,,TODO,,TRY,24,6,<empty>
11113,CONTROL_STRUCTURE,-1,,if (is_null($data)),,IF,27,3,<empty>
11253,CONTROL_STRUCTURE,-1,,"if (dvwaSecurityLevelGet() == ""high"" || dvwaSecurityLevelGet() == ""impossible"" && dvwaCurrentUser() != ""admin"")",,IF,10,4,<empty>
11290,CONTROL_STRUCTURE,-1,,while ($row = mysqli_fetch_row($result)),,WHILE,20,9,<empty>
11294,CONTROL_STRUCTURE,-1,,"if (dvwaSecurityLevelGet() == ""impossible"")",,IF,21,1,<empty>
11435,CONTROL_STRUCTURE,-1,,switch (dvwaSecurityLevelGet()),,SWITCH,17,12,<empty>
11441,CONTROL_STRUCTURE,-1,,break,,BREAK,20,3,<empty>
11445,CONTROL_STRUCTURE,-1,,break,,BREAK,23,6,<empty>
11449,CONTROL_STRUCTURE,-1,,break,,BREAK,26,9,<empty>
11455,CONTROL_STRUCTURE,-1,,break,,BREAK,30,13,<empty>
11484,CONTROL_STRUCTURE,-1,,"if (dvwaCurrentUser() != ""admin"")",,IF,12,1,<empty>
11499,CONTROL_STRUCTURE,-1,,"if (dvwaCurrentUser() != ""admin"")",,IF,8,1,<empty>
11519,CONTROL_STRUCTURE,-1,,"if (dvwaCurrentUser() != ""admin"")",,IF,13,1,<empty>
11626,CONTROL_STRUCTURE,-1,,switch (dvwaSecurityLevelGet()),,SWITCH,17,12,<empty>
11632,CONTROL_STRUCTURE,-1,,break,,BREAK,20,3,<empty>
11636,CONTROL_STRUCTURE,-1,,break,,BREAK,23,6,<empty>
11640,CONTROL_STRUCTURE,-1,,break,,BREAK,26,9,<empty>
11646,CONTROL_STRUCTURE,-1,,break,,BREAK,30,13,<empty>
11660,CONTROL_STRUCTURE,-1,,"if ($vulnerabilityFile == ""high.php"" || $vulnerabilityFile == ""impossible.php"")",,IF,50,15,<empty>
11759,CONTROL_STRUCTURE,-1,,"if (isset($_GET[""Login""]))",,IF,3,1,<empty>
11850,CONTROL_STRUCTURE,-1,,if ($result && mysqli_num_rows($result) == 1),,IF,22,11,<empty>
12007,CONTROL_STRUCTURE,-1,,"if (isset($_POST[""Login""]) && isset($_POST[""username""]) && isset($_POST[""password""]))",,IF,3,1,<empty>
12096,CONTROL_STRUCTURE,-1,,"if ($data->rowCount() == 1 && $row[""failed_login""] >= $total_failed_login)",,IF,30,16,<empty>
12115,CONTROL_STRUCTURE,-1,,if ($timenow < $timeout),,IF,46,4,<empty>
12136,CONTROL_STRUCTURE,-1,,if ($data->rowCount() == 1 && $account_locked == false),,IF,60,22,<empty>
12163,CONTROL_STRUCTURE,-1,,if ($failed_login >= $total_failed_login),,IF,71,6,<empty>
12253,CONTROL_STRUCTURE,-1,,"if (isset($_GET[""Login""]))",,IF,3,1,<empty>
12294,CONTROL_STRUCTURE,-1,,if ($result && mysqli_num_rows($result) == 1),,IF,15,6,<empty>
12381,CONTROL_STRUCTURE,-1,,"if (isset($_GET[""Login""]))",,IF,3,1,<empty>
12462,CONTROL_STRUCTURE,-1,,if ($result && mysqli_num_rows($result) == 1),,IF,17,8,<empty>
12611,CONTROL_STRUCTURE,-1,,switch (dvwaSecurityLevelGet()),,SWITCH,18,12,<empty>
12617,CONTROL_STRUCTURE,-1,,break,,BREAK,21,3,<empty>
12621,CONTROL_STRUCTURE,-1,,break,,BREAK,24,6,<empty>
12625,CONTROL_STRUCTURE,-1,,break,,BREAK,27,9,<empty>
12629,CONTROL_STRUCTURE,-1,,break,,BREAK,30,12,<empty>
12643,CONTROL_STRUCTURE,-1,,"if ($_DVWA[""recaptcha_public_key""] == """")",,IF,38,16,<empty>
12687,CONTROL_STRUCTURE,-1,,if ($hide_form),,IF,53,18,<empty>
12697,CONTROL_STRUCTURE,-1,,"if ($vulnerabilityFile == ""impossible.php"")",,IF,62,20,<empty>
12713,CONTROL_STRUCTURE,-1,,"if ($vulnerabilityFile == ""high.php"")",,IF,74,22,<empty>
12721,CONTROL_STRUCTURE,-1,,"if ($vulnerabilityFile == ""high.php"" || $vulnerabilityFile == ""impossible.php"")",,IF,77,23,<empty>
12811,CONTROL_STRUCTURE,-1,,"if (isset($_POST[""Change""]))",,IF,3,1,<empty>
12832,CONTROL_STRUCTURE,-1,,"if ($resp || $_POST[""g-recaptcha-response""] == ""hidd3n_valu3"" && $_SERVER[""HTTP_USER_AGENT""] == ""reCAPTCHA"")",,IF,17,5,<empty>
12844,CONTROL_STRUCTURE,-1,,if ($pass_new == $pass_conf),,IF,25,1,<empty>
13011,CONTROL_STRUCTURE,-1,,"if (isset($_POST[""Change""]))",,IF,3,1,<empty>
13113,CONTROL_STRUCTURE,-1,,if (!$resp),,IF,33,16,<empty>
13136,CONTROL_STRUCTURE,-1,,if ($pass_new == $pass_conf && $data->rowCount() == 1),,IF,46,5,<empty>
13233,CONTROL_STRUCTURE,-1,,"if (isset($_POST[""Change""]) && $_POST[""step""] == ""1"")",,IF,3,1,<empty>
13259,CONTROL_STRUCTURE,-1,,if (!$resp),,IF,18,5,<empty>
13270,CONTROL_STRUCTURE,-1,,if ($pass_new == $pass_conf),,IF,26,1,<empty>
13285,CONTROL_STRUCTURE,-1,,"if (isset($_POST[""Change""]) && $_POST[""step""] == ""2"")",,IF,45,2,<empty>
13305,CONTROL_STRUCTURE,-1,,if ($pass_new == $pass_conf),,IF,54,4,<empty>
13449,CONTROL_STRUCTURE,-1,,"if (isset($_POST[""Change""]) && $_POST[""step""] == ""1"")",,IF,3,1,<empty>
13475,CONTROL_STRUCTURE,-1,,if (!$resp),,IF,18,5,<empty>
13486,CONTROL_STRUCTURE,-1,,if ($pass_new == $pass_conf),,IF,26,1,<empty>
13501,CONTROL_STRUCTURE,-1,,"if (isset($_POST[""Change""]) && $_POST[""step""] == ""2"")",,IF,46,2,<empty>
13521,CONTROL_STRUCTURE,-1,,"if (!$_POST[""passed_captcha""])",,IF,55,4,<empty>
13533,CONTROL_STRUCTURE,-1,,if ($pass_new == $pass_conf),,IF,62,5,<empty>
13701,CONTROL_STRUCTURE,-1,,switch (dvwaSecurityLevelGet()),,SWITCH,17,11,<empty>
13707,CONTROL_STRUCTURE,-1,,break,,BREAK,20,3,<empty>
13711,CONTROL_STRUCTURE,-1,,break,,BREAK,23,6,<empty>
13715,CONTROL_STRUCTURE,-1,,break,,BREAK,26,9,<empty>
13719,CONTROL_STRUCTURE,-1,,break,,BREAK,29,12,<empty>
13775,CONTROL_STRUCTURE,-1,,"if (isset($_POST[""include""]))",,IF,8,3,<empty>
13816,CONTROL_STRUCTURE,-1,,"if (isset($_POST[""include""]))",,IF,9,3,<empty>
13852,CONTROL_STRUCTURE,-1,,"if (array_key_exists(""callback"",$_GET))",,IF,4,2,<empty>
13918,CONTROL_STRUCTURE,-1,,"if (isset($_POST[""include""]))",,IF,13,3,<empty>
13955,CONTROL_STRUCTURE,-1,,"if (isset($_POST[""include""]))",,IF,14,4,<empty>
14064,CONTROL_STRUCTURE,-1,,switch (dvwaSecurityLevelGet()),,SWITCH,17,11,<empty>
14070,CONTROL_STRUCTURE,-1,,break,,BREAK,20,3,<empty>
14074,CONTROL_STRUCTURE,-1,,break,,BREAK,23,6,<empty>
14078,CONTROL_STRUCTURE,-1,,break,,BREAK,26,9,<empty>
14082,CONTROL_STRUCTURE,-1,,break,,BREAK,29,12,<empty>
14105,CONTROL_STRUCTURE,-1,,"if ($vulnerabilityFile == ""impossible.php"")",,IF,56,15,<empty>
14117,CONTROL_STRUCTURE,-1,,"if ($vulnerabilityFile == ""high.php"" || $vulnerabilityFile == ""impossible.php"")",,IF,70,17,<empty>
14233,CONTROL_STRUCTURE,-1,,"if ($_SERVER[""REQUEST_METHOD""] == ""POST"" && array_key_exists(""CONTENT_TYPE"",$_SERVER) && $_SERVER[""CONTENT_TYPE""] == ""application/json"")",,IF,7,4,<empty>
14256,CONTROL_STRUCTURE,-1,,"if (array_key_exists(""HTTP_USER_TOKEN"",$_SERVER) && array_key_exists(""password_new"",$data) && array_key_exists(""password_conf"",$data) && array_key_exists(""Change"",$data))",,IF,10,3,<empty>
14283,CONTROL_STRUCTURE,-1,,"if (array_key_exists(""user_token"",$_REQUEST) && array_key_exists(""password_new"",$_REQUEST) && array_key_exists(""password_conf"",$_REQUEST) && array_key_exists(""Change"",$_REQUEST))",,IF,20,1,<empty>
14309,CONTROL_STRUCTURE,-1,,if ($change),,IF,31,5,<empty>
14315,CONTROL_STRUCTURE,-1,,if ($pass_new == $pass_conf),,IF,36,2,<empty>
14345,CONTROL_STRUCTURE,-1,,"if ($request_type == ""json"")",,IF,55,4,<empty>
14431,CONTROL_STRUCTURE,-1,,"if (isset($_GET[""Change""]))",,IF,3,1,<empty>
14488,CONTROL_STRUCTURE,-1,,if ($pass_new == $pass_conf && $data->rowCount() == 1),,IF,24,12,<empty>
14579,CONTROL_STRUCTURE,-1,,"if (isset($_GET[""Change""]))",,IF,3,1,<empty>
14590,CONTROL_STRUCTURE,-1,,if ($pass_new == $pass_conf),,IF,9,3,<empty>
14705,CONTROL_STRUCTURE,-1,,"if (isset($_GET[""Change""]))",,IF,3,1,<empty>
14710,CONTROL_STRUCTURE,-1,,"if (stripos($_SERVER[""HTTP_REFERER""],$_SERVER[""SERVER_NAME""]) !== false)",,IF,5,1,<empty>
14727,CONTROL_STRUCTURE,-1,,if ($pass_new == $pass_conf),,IF,11,3,<empty>
14872,CONTROL_STRUCTURE,-1,,"if (isset($_POST[""Login""]))",,IF,10,6,<empty>
14914,CONTROL_STRUCTURE,-1,,if ($result && mysqli_num_rows($result) == 1),,IF,23,10,<empty>
15043,CONTROL_STRUCTURE,-1,,switch (dvwaSecurityLevelGet()),,SWITCH,17,11,<empty>
15049,CONTROL_STRUCTURE,-1,,break,,BREAK,20,3,<empty>
15053,CONTROL_STRUCTURE,-1,,break,,BREAK,23,6,<empty>
15057,CONTROL_STRUCTURE,-1,,break,,BREAK,26,9,<empty>
15061,CONTROL_STRUCTURE,-1,,break,,BREAK,29,12,<empty>
15073,CONTROL_STRUCTURE,-1,,"if ($vulnerabilityFile == ""impossible.php"")",,IF,48,14,<empty>
15145,CONTROL_STRUCTURE,-1,,"if (isset($_POST[""Submit""]))",,IF,3,1,<empty>
15196,CONTROL_STRUCTURE,-1,,"if (stristr(php_uname(""s""),""Windows NT""))",,IF,24,4,<empty>
15253,CONTROL_STRUCTURE,-1,,"if (isset($_POST[""Submit""]))",,IF,3,1,<empty>
15272,CONTROL_STRUCTURE,-1,,if (is_numeric($octet[0]) && is_numeric($octet[1]) && is_numeric($octet[2]) && is_numeric($octet[3]) && sizeof($octet) == 4),,IF,15,5,<empty>
15311,CONTROL_STRUCTURE,-1,,"if (stristr(php_uname(""s""),""Windows NT""))",,IF,20,2,<empty>
15353,CONTROL_STRUCTURE,-1,,"if (isset($_POST[""Submit""]))",,IF,3,1,<empty>
15361,CONTROL_STRUCTURE,-1,,"if (stristr(php_uname(""s""),""Windows NT""))",,IF,8,2,<empty>
15408,CONTROL_STRUCTURE,-1,,"if (isset($_POST[""Submit""]))",,IF,3,1,<empty>
15430,CONTROL_STRUCTURE,-1,,"if (stristr(php_uname(""s""),""Windows NT""))",,IF,17,4,<empty>
15549,CONTROL_STRUCTURE,-1,,"if (array_key_exists(""HTTP_X_FORWARDED_FOR"",$_SERVER))",,IF,11,2,<empty>
15572,CONTROL_STRUCTURE,-1,,"if (array_key_exists(""HTTP_REFERER"",$_SERVER))",,IF,16,4,<empty>
15672,CONTROL_STRUCTURE,-1,,"if (!ini_get(""allow_url_include""))",,IF,5,2,<empty>
15679,CONTROL_STRUCTURE,-1,,"if (!ini_get(""allow_url_fopen""))",,IF,8,3,<empty>
15779,CONTROL_STRUCTURE,-1,,switch (dvwaSecurityLevelGet()),,SWITCH,17,11,<empty>
15785,CONTROL_STRUCTURE,-1,,break,,BREAK,20,3,<empty>
15789,CONTROL_STRUCTURE,-1,,break,,BREAK,23,6,<empty>
15793,CONTROL_STRUCTURE,-1,,break,,BREAK,26,9,<empty>
15797,CONTROL_STRUCTURE,-1,,break,,BREAK,29,12,<empty>
15805,CONTROL_STRUCTURE,-1,,if (isset($file)),,IF,35,13,<empty>
15828,CONTROL_STRUCTURE,-1,,"if (!fnmatch(""file*"",$file) && $file != ""include.php"")",,IF,7,2,<empty>
15855,CONTROL_STRUCTURE,-1,,"if ($file != ""include.php"" && $file != ""file1.php"" && $file != ""file2.php"" && $file != ""file3.php"")",,IF,7,2,<empty>
16055,CONTROL_STRUCTURE,-1,,switch (dvwaSecurityLevelGet()),,SWITCH,17,11,<empty>
16061,CONTROL_STRUCTURE,-1,,break,,BREAK,20,3,<empty>
16065,CONTROL_STRUCTURE,-1,,break,,BREAK,23,6,<empty>
16069,CONTROL_STRUCTURE,-1,,break,,BREAK,26,9,<empty>
16073,CONTROL_STRUCTURE,-1,,break,,BREAK,29,12,<empty>
16076,CONTROL_STRUCTURE,-1,,"if ($_SERVER[""REQUEST_METHOD""] == ""POST"")",,IF,34,13,<empty>
16082,CONTROL_STRUCTURE,-1,,"if (array_key_exists(""phrase"",$_POST) && array_key_exists(""token"",$_POST))",,IF,35,1,<empty>
16095,CONTROL_STRUCTURE,-1,,"if ($phrase == ""success"")",,IF,40,3,<empty>
16099,CONTROL_STRUCTURE,-1,,switch (dvwaSecurityLevelGet()),,SWITCH,41,1,<empty>
16103,CONTROL_STRUCTURE,-1,,"if ($token == md5(str_rot13(""success"")))",,IF,43,2,<empty>
16114,CONTROL_STRUCTURE,-1,,break,,BREAK,48,3,<empty>
16116,CONTROL_STRUCTURE,-1,,"if ($token == strrev(""XXsuccessXX""))",,IF,50,5,<empty>
16126,CONTROL_STRUCTURE,-1,,break,,BREAK,55,6,<empty>
16128,CONTROL_STRUCTURE,-1,,"if ($token == hash(""sha256"",hash(""sha256"",""XX"" . strrev(""success"")) . ""ZZ""))",,IF,57,8,<empty>
16146,CONTROL_STRUCTURE,-1,,break,,BREAK,62,9,<empty>
16150,CONTROL_STRUCTURE,-1,,break,,BREAK,65,12,<empty>
16157,CONTROL_STRUCTURE,-1,,"if (dvwaSecurityLevelGet() == ""impossible"")",,IF,75,14,<empty>
16338,CONTROL_STRUCTURE,-1,,switch (dvwaSecurityLevelGet()),,SWITCH,15,10,<empty>
16346,CONTROL_STRUCTURE,-1,,break,,BREAK,19,4,<empty>
16352,CONTROL_STRUCTURE,-1,,break,,BREAK,23,8,<empty>
16358,CONTROL_STRUCTURE,-1,,break,,BREAK,27,12,<empty>
16364,CONTROL_STRUCTURE,-1,,break,,BREAK,31,16,<empty>
16402,CONTROL_STRUCTURE,-1,,"if (array_key_exists(""redirect"",$_GET) && $_GET[""redirect""] != """")",,IF,3,1,<empty>
16411,CONTROL_STRUCTURE,-1,,"if (strpos($_GET[""redirect""],""info.php"") !== false)",,IF,4,1,<empty>
16456,CONTROL_STRUCTURE,-1,,"if (array_key_exists(""redirect"",$_GET) && is_numeric($_GET[""redirect""]))",,IF,5,2,<empty>
16464,CONTROL_STRUCTURE,-1,,"switch (intval($_GET[""redirect""]))",,SWITCH,6,1,<empty>
16472,CONTROL_STRUCTURE,-1,,break,,BREAK,9,3,<empty>
16476,CONTROL_STRUCTURE,-1,,break,,BREAK,12,6,<empty>
16480,CONTROL_STRUCTURE,-1,,break,,BREAK,15,9,<empty>
16481,CONTROL_STRUCTURE,-1,,"if ($target != """")",,IF,17,2,<empty>
16568,CONTROL_STRUCTURE,-1,,"if (array_key_exists(""id"",$_GET) && is_numeric($_GET[""id""]))",,IF,17,11,<empty>
16576,CONTROL_STRUCTURE,-1,,"switch (intval($_GET[""id""]))",,SWITCH,18,1,<empty>
16584,CONTROL_STRUCTURE,-1,,break,,BREAK,21,3,<empty>
16588,CONTROL_STRUCTURE,-1,,break,,BREAK,24,6,<empty>
16592,CONTROL_STRUCTURE,-1,,"if ($info == """")",,IF,30,12,<empty>
16636,CONTROL_STRUCTURE,-1,,"if (array_key_exists(""redirect"",$_GET) && $_GET[""redirect""] != """")",,IF,3,1,<empty>
16666,CONTROL_STRUCTURE,-1,,"if (array_key_exists(""redirect"",$_GET) && $_GET[""redirect""] != """")",,IF,3,1,<empty>
16675,CONTROL_STRUCTURE,-1,,"if (preg_match(""/http:\\/\\/|https:\\/\\//i"",$_GET[""redirect""]))",,IF,4,1,<empty>
16812,CONTROL_STRUCTURE,-1,,switch (dvwaSecurityLevelGet()),,SWITCH,18,12,<empty>
16818,CONTROL_STRUCTURE,-1,,break,,BREAK,21,3,<empty>
16824,CONTROL_STRUCTURE,-1,,break,,BREAK,25,7,<empty>
16828,CONTROL_STRUCTURE,-1,,break,,BREAK,28,10,<empty>
16832,CONTROL_STRUCTURE,-1,,break,,BREAK,31,13,<empty>
16844,CONTROL_STRUCTURE,-1,,"if ($vulnerabilityFile == ""high.php"")",,IF,41,15,<empty>
16859,CONTROL_STRUCTURE,-1,,"if ($vulnerabilityFile == ""medium.php"")",,IF,49,2,<empty>
16867,CONTROL_STRUCTURE,-1,,for ($i = 1;$i < $number_of_rows + 1;$i++),,FOR,52,2,<empty>
16895,CONTROL_STRUCTURE,-1,,"if ($vulnerabilityFile == ""impossible.php"")",,IF,61,4,<empty>
16986,CONTROL_STRUCTURE,-1,,"if (isset($_POST[""id""]))",,IF,11,6,<empty>
17076,CONTROL_STRUCTURE,-1,,"if (isset($_SESSION[""id""]))",,IF,3,1,<empty>
17084,CONTROL_STRUCTURE,-1,,"switch ($_DVWA[""SQLI_DB""])",,SWITCH,7,2,<empty>
17100,CONTROL_STRUCTURE,-1,,while ($row = mysqli_fetch_assoc($result)),,WHILE,14,4,<empty>
17125,CONTROL_STRUCTURE,-1,,break,,BREAK,24,6,<empty>
17132,CONTROL_STRUCTURE,-1,,TODO,,TRY,30,10,<empty>
17142,CONTROL_STRUCTURE,-1,,if ($results),,IF,37,11,<empty>
17144,CONTROL_STRUCTURE,-1,,while ($row = $results->fetchArray()),,WHILE,38,1,<empty>
17165,CONTROL_STRUCTURE,-1,,break,,BREAK,49,12,<empty>
17235,CONTROL_STRUCTURE,-1,,"if (isset($_GET[""Submit""]))",,IF,3,1,<empty>
17249,CONTROL_STRUCTURE,-1,,if (is_numeric($id)),,IF,11,3,<empty>
17254,CONTROL_STRUCTURE,-1,,"switch ($_DVWA[""SQLI_DB""])",,SWITCH,13,2,<empty>
17269,CONTROL_STRUCTURE,-1,,if ($data->rowCount() == 1),,IF,22,6,<empty>
17286,CONTROL_STRUCTURE,-1,,break,,BREAK,30,7,<empty>
17300,CONTROL_STRUCTURE,-1,,if ($result !== false),,IF,38,14,<empty>
17308,CONTROL_STRUCTURE,-1,,if ($num_columns == 2),,IF,45,2,<empty>
17326,CONTROL_STRUCTURE,-1,,break,,BREAK,57,15,<empty>
17391,CONTROL_STRUCTURE,-1,,"if (isset($_REQUEST[""Submit""]))",,IF,3,1,<empty>
17399,CONTROL_STRUCTURE,-1,,"switch ($_DVWA[""SQLI_DB""])",,SWITCH,7,2,<empty>
17431,CONTROL_STRUCTURE,-1,,while ($row = mysqli_fetch_assoc($result)),,WHILE,14,4,<empty>
17450,CONTROL_STRUCTURE,-1,,break,,BREAK,24,6,<empty>
17457,CONTROL_STRUCTURE,-1,,TODO,,TRY,33,10,<empty>
17467,CONTROL_STRUCTURE,-1,,if ($results),,IF,40,11,<empty>
17469,CONTROL_STRUCTURE,-1,,while ($row = $results->fetchArray()),,WHILE,41,1,<empty>
17490,CONTROL_STRUCTURE,-1,,break,,BREAK,52,12,<empty>
17565,CONTROL_STRUCTURE,-1,,"if (isset($_POST[""Submit""]))",,IF,3,1,<empty>
17577,CONTROL_STRUCTURE,-1,,"switch ($_DVWA[""SQLI_DB""])",,SWITCH,9,3,<empty>
17599,CONTROL_STRUCTURE,-1,,while ($row = mysqli_fetch_assoc($result)),,WHILE,15,4,<empty>
17615,CONTROL_STRUCTURE,-1,,break,,BREAK,23,5,<empty>
17622,CONTROL_STRUCTURE,-1,,TODO,,TRY,29,9,<empty>
17632,CONTROL_STRUCTURE,-1,,if ($results),,IF,36,10,<empty>
17634,CONTROL_STRUCTURE,-1,,while ($row = $results->fetchArray()),,WHILE,37,1,<empty>
17655,CONTROL_STRUCTURE,-1,,break,,BREAK,48,11,<empty>
17726,CONTROL_STRUCTURE,-1,,while ($record = mssql_fetch_array($result)),,WHILE,11,8,<empty>
17787,CONTROL_STRUCTURE,-1,,"if (isset($_POST[""id""]))",,IF,11,6,<empty>
17944,CONTROL_STRUCTURE,-1,,switch (dvwaSecurityLevelGet()),,SWITCH,18,12,<empty>
17950,CONTROL_STRUCTURE,-1,,break,,BREAK,21,3,<empty>
17956,CONTROL_STRUCTURE,-1,,break,,BREAK,25,7,<empty>
17960,CONTROL_STRUCTURE,-1,,break,,BREAK,28,10,<empty>
17964,CONTROL_STRUCTURE,-1,,break,,BREAK,31,13,<empty>
17974,CONTROL_STRUCTURE,-1,,"if (ini_get(""magic_quotes_gpc"") == true)",,IF,38,15,<empty>
17984,CONTROL_STRUCTURE,-1,,"if (ini_get(""safe_mode"") == true)",,IF,42,16,<empty>
18000,CONTROL_STRUCTURE,-1,,"if ($vulnerabilityFile == ""high.php"")",,IF,53,18,<empty>
18015,CONTROL_STRUCTURE,-1,,"if ($vulnerabilityFile == ""medium.php"")",,IF,61,2,<empty>
18054,CONTROL_STRUCTURE,-1,,while ($i < $num),,WHILE,67,6,<empty>
18078,CONTROL_STRUCTURE,-1,,"if ($vulnerabilityFile == ""impossible.php"")",,IF,76,4,<empty>
18170,CONTROL_STRUCTURE,-1,,"if (isset($_COOKIE[""id""]))",,IF,3,1,<empty>
18182,CONTROL_STRUCTURE,-1,,"switch ($_DVWA[""SQLI_DB""])",,SWITCH,8,3,<empty>
18199,CONTROL_STRUCTURE,-1,,if ($result !== false),,IF,15,5,<empty>
18205,CONTROL_STRUCTURE,-1,,TODO,,TRY,17,1,<empty>
18225,CONTROL_STRUCTURE,-1,,break,,BREAK,25,7,<empty>
18232,CONTROL_STRUCTURE,-1,,TODO,,TRY,30,11,<empty>
18248,CONTROL_STRUCTURE,-1,,break,,BREAK,38,12,<empty>
18249,CONTROL_STRUCTURE,-1,,if ($exists),,IF,41,4,<empty>
18254,CONTROL_STRUCTURE,-1,,"if (rand(0,5) == 3)",,IF,47,1,<empty>
18334,CONTROL_STRUCTURE,-1,,"if (isset($_GET[""Submit""]))",,IF,3,1,<empty>
18352,CONTROL_STRUCTURE,-1,,if (is_numeric($id)),,IF,12,4,<empty>
18357,CONTROL_STRUCTURE,-1,,"switch ($_DVWA[""SQLI_DB""])",,SWITCH,14,2,<empty>
18372,CONTROL_STRUCTURE,-1,,break,,BREAK,22,6,<empty>
18386,CONTROL_STRUCTURE,-1,,if ($result !== false),,IF,30,13,<empty>
18394,CONTROL_STRUCTURE,-1,,if ($num_columns == 1),,IF,37,2,<empty>
18406,CONTROL_STRUCTURE,-1,,break,,BREAK,44,14,<empty>
18407,CONTROL_STRUCTURE,-1,,if ($exists),,IF,50,5,<empty>
18471,CONTROL_STRUCTURE,-1,,"if (isset($_GET[""Submit""]))",,IF,3,1,<empty>
18483,CONTROL_STRUCTURE,-1,,"switch ($_DVWA[""SQLI_DB""])",,SWITCH,8,3,<empty>
18500,CONTROL_STRUCTURE,-1,,if ($result !== false),,IF,15,5,<empty>
18506,CONTROL_STRUCTURE,-1,,TODO,,TRY,16,1,<empty>
18526,CONTROL_STRUCTURE,-1,,break,,BREAK,23,7,<empty>
18533,CONTROL_STRUCTURE,-1,,TODO,,TRY,28,11,<empty>
18549,CONTROL_STRUCTURE,-1,,break,,BREAK,36,12,<empty>
18550,CONTROL_STRUCTURE,-1,,if ($exists),,IF,39,4,<empty>
18612,CONTROL_STRUCTURE,-1,,"if (isset($_POST[""Submit""]))",,IF,3,1,<empty>
18624,CONTROL_STRUCTURE,-1,,"switch ($_DVWA[""SQLI_DB""])",,SWITCH,8,3,<empty>
18661,CONTROL_STRUCTURE,-1,,if ($result !== false),,IF,17,6,<empty>
18667,CONTROL_STRUCTURE,-1,,TODO,,TRY,18,1,<empty>
18678,CONTROL_STRUCTURE,-1,,break,,BREAK,25,7,<empty>
18685,CONTROL_STRUCTURE,-1,,TODO,,TRY,30,11,<empty>
18701,CONTROL_STRUCTURE,-1,,break,,BREAK,37,12,<empty>
18702,CONTROL_STRUCTURE,-1,,if ($exists),,IF,40,4,<empty>
18813,CONTROL_STRUCTURE,-1,,switch (dvwaSecurityLevelGet()),,SWITCH,17,11,<empty>
18819,CONTROL_STRUCTURE,-1,,break,,BREAK,20,3,<empty>
18823,CONTROL_STRUCTURE,-1,,break,,BREAK,23,6,<empty>
18827,CONTROL_STRUCTURE,-1,,break,,BREAK,26,9,<empty>
18831,CONTROL_STRUCTURE,-1,,break,,BREAK,29,12,<empty>
18841,CONTROL_STRUCTURE,-1,,if (!is_writable($PHPUploadPath)),,IF,36,14,<empty>
18849,CONTROL_STRUCTURE,-1,,"if (!extension_loaded(""gd"") || !function_exists(""gd_info""))",,IF,40,15,<empty>
18866,CONTROL_STRUCTURE,-1,,"if ($vulnerabilityFile == ""impossible.php"")",,IF,58,17,<empty>
18930,CONTROL_STRUCTURE,-1,,"if (isset($_POST[""Upload""]))",,IF,3,1,<empty>
18968,CONTROL_STRUCTURE,-1,,"if (strtolower($uploaded_ext) == ""jpg"" || strtolower($uploaded_ext) == ""jpeg"" || strtolower($uploaded_ext) == ""png"" && $uploaded_size < 100000 && getimagesize($uploaded_tmp))",,IF,15,7,<empty>
18986,CONTROL_STRUCTURE,-1,,"if (!move_uploaded_file($uploaded_tmp,$target_path))",,IF,20,1,<empty>
19069,CONTROL_STRUCTURE,-1,,"if (isset($_POST[""Upload""]))",,IF,3,1,<empty>
19139,CONTROL_STRUCTURE,-1,,"if (strtolower($uploaded_ext) == ""jpg"" || strtolower($uploaded_ext) == ""jpeg"" || strtolower($uploaded_ext) == ""png"" && $uploaded_size < 100000 && $uploaded_type == ""image/jpeg"" || $uploaded_type == ""image/png"" && getimagesize($uploaded_tmp))",,IF,23,11,<empty>
19163,CONTROL_STRUCTURE,-1,,"if ($uploaded_type == ""image/jpeg"")",,IF,29,1,<empty>
19177,CONTROL_STRUCTURE,-1,,"if (rename($temp_file,getcwd() . DIRECTORY_SEPARATOR . $target_path . $target_file))",,IF,40,3,<empty>
19195,CONTROL_STRUCTURE,-1,,if (file_exists($temp_file)),,IF,50,4,<empty>
19221,CONTROL_STRUCTURE,-1,,"if (isset($_POST[""Upload""]))",,IF,3,1,<empty>
19238,CONTROL_STRUCTURE,-1,,"if (!move_uploaded_file($_FILES[""uploaded""][""tmp_name""],$target_path))",,IF,9,3,<empty>
19284,CONTROL_STRUCTURE,-1,,"if (isset($_POST[""Upload""]))",,IF,3,1,<empty>
19316,CONTROL_STRUCTURE,-1,,"if ($uploaded_type == ""image/jpeg"" || $uploaded_type == ""image/png"" && $uploaded_size < 100000)",,IF,14,6,<empty>
19326,CONTROL_STRUCTURE,-1,,"if (!move_uploaded_file($_FILES[""uploaded""][""tmp_name""],$target_path))",,IF,18,1,<empty>
19407,CONTROL_STRUCTURE,-1,,"if (array_key_exists(""id"",$_GET) && array_key_exists(""security"",$_GET) && array_key_exists(""locale"",$_GET))",,IF,11,6,<empty>
19427,CONTROL_STRUCTURE,-1,,"if ($locale == ""en"")",,IF,19,5,<empty>
19568,CONTROL_STRUCTURE,-1,,"if (array_key_exists(""id"",$_GET) && array_key_exists(""security"",$_GET))",,IF,11,6,<empty>
19581,CONTROL_STRUCTURE,-1,,switch ($id),,SWITCH,16,3,<empty>
19586,CONTROL_STRUCTURE,-1,,break,,BREAK,19,3,<empty>
19590,CONTROL_STRUCTURE,-1,,break,,BREAK,22,6,<empty>
19594,CONTROL_STRUCTURE,-1,,break,,BREAK,25,9,<empty>
19598,CONTROL_STRUCTURE,-1,,break,,BREAK,28,12,<empty>
19602,CONTROL_STRUCTURE,-1,,break,,BREAK,31,15,<empty>
19606,CONTROL_STRUCTURE,-1,,break,,BREAK,34,18,<empty>
19610,CONTROL_STRUCTURE,-1,,break,,BREAK,37,21,<empty>
19614,CONTROL_STRUCTURE,-1,,break,,BREAK,40,24,<empty>
19618,CONTROL_STRUCTURE,-1,,break,,BREAK,43,27,<empty>
19622,CONTROL_STRUCTURE,-1,,break,,BREAK,46,30,<empty>
19626,CONTROL_STRUCTURE,-1,,break,,BREAK,49,33,<empty>
19630,CONTROL_STRUCTURE,-1,,break,,BREAK,52,36,<empty>
19634,CONTROL_STRUCTURE,-1,,break,,BREAK,55,39,<empty>
19665,CONTROL_STRUCTURE,-1,,if (file_exists(DVWA_WEB_PAGE_TO_ROOT . encaps)),,IF,64,7,<empty>
19840,CONTROL_STRUCTURE,-1,,"if (array_key_exists(""id"",$_GET))",,IF,11,6,<empty>
19947,CONTROL_STRUCTURE,-1,,switch ($id),,SWITCH,30,14,<empty>
19952,CONTROL_STRUCTURE,-1,,break,,BREAK,33,3,<empty>
19956,CONTROL_STRUCTURE,-1,,break,,BREAK,36,6,<empty>
19960,CONTROL_STRUCTURE,-1,,break,,BREAK,39,9,<empty>
19964,CONTROL_STRUCTURE,-1,,break,,BREAK,42,12,<empty>
19968,CONTROL_STRUCTURE,-1,,break,,BREAK,45,15,<empty>
19972,CONTROL_STRUCTURE,-1,,break,,BREAK,48,18,<empty>
19976,CONTROL_STRUCTURE,-1,,break,,BREAK,51,21,<empty>
19980,CONTROL_STRUCTURE,-1,,break,,BREAK,54,24,<empty>
19984,CONTROL_STRUCTURE,-1,,break,,BREAK,57,27,<empty>
19988,CONTROL_STRUCTURE,-1,,break,,BREAK,60,30,<empty>
19992,CONTROL_STRUCTURE,-1,,break,,BREAK,63,33,<empty>
19996,CONTROL_STRUCTURE,-1,,break,,BREAK,66,36,<empty>
20000,CONTROL_STRUCTURE,-1,,break,,BREAK,69,39,<empty>
20117,CONTROL_STRUCTURE,-1,,switch (dvwaSecurityLevelGet()),,SWITCH,17,12,<empty>
20123,CONTROL_STRUCTURE,-1,,break,,BREAK,20,3,<empty>
20127,CONTROL_STRUCTURE,-1,,break,,BREAK,23,6,<empty>
20131,CONTROL_STRUCTURE,-1,,break,,BREAK,26,9,<empty>
20137,CONTROL_STRUCTURE,-1,,break,,BREAK,30,13,<empty>
20172,CONTROL_STRUCTURE,-1,,"if ($_SERVER[""REQUEST_METHOD""] == ""POST"")",,IF,5,2,<empty>
20178,CONTROL_STRUCTURE,-1,,"if (!isset($_SESSION[""last_session_id_high""]))",,IF,6,1,<empty>
20224,CONTROL_STRUCTURE,-1,,"if ($_SERVER[""REQUEST_METHOD""] == ""POST"")",,IF,5,2,<empty>
20270,CONTROL_STRUCTURE,-1,,"if ($_SERVER[""REQUEST_METHOD""] == ""POST"")",,IF,5,2,<empty>
20276,CONTROL_STRUCTURE,-1,,"if (!isset($_SESSION[""last_session_id""]))",,IF,6,1,<empty>
20308,CONTROL_STRUCTURE,-1,,"if ($_SERVER[""REQUEST_METHOD""] == ""POST"")",,IF,5,2,<empty>
20418,CONTROL_STRUCTURE,-1,,switch (dvwaSecurityLevelGet()),,SWITCH,17,11,<empty>
20424,CONTROL_STRUCTURE,-1,,break,,BREAK,20,3,<empty>
20428,CONTROL_STRUCTURE,-1,,break,,BREAK,23,6,<empty>
20432,CONTROL_STRUCTURE,-1,,break,,BREAK,26,9,<empty>
20436,CONTROL_STRUCTURE,-1,,break,,BREAK,29,12,<empty>
20446,CONTROL_STRUCTURE,-1,,"if ($vulnerabilityFile == ""impossible.php"")",,IF,36,14,<empty>
20487,CONTROL_STRUCTURE,-1,,"if (array_key_exists(""default"",$_GET) && !is_null($_GET[""default""]))",,IF,4,1,<empty>
20496,CONTROL_STRUCTURE,-1,,"switch ($_GET[""default""])",,SWITCH,7,1,<empty>
20504,CONTROL_STRUCTURE,-1,,break,,BREAK,13,5,<empty>
20531,CONTROL_STRUCTURE,-1,,"if (array_key_exists(""default"",$_GET) && !is_null($_GET[""default""]))",,IF,4,1,<empty>
20543,CONTROL_STRUCTURE,-1,,"if (stripos($default,""<script"") !== false)",,IF,8,2,<empty>
20644,CONTROL_STRUCTURE,-1,,switch (dvwaSecurityLevelGet()),,SWITCH,17,11,<empty>
20650,CONTROL_STRUCTURE,-1,,break,,BREAK,20,3,<empty>
20654,CONTROL_STRUCTURE,-1,,break,,BREAK,23,6,<empty>
20658,CONTROL_STRUCTURE,-1,,break,,BREAK,26,9,<empty>
20662,CONTROL_STRUCTURE,-1,,break,,BREAK,29,12,<empty>
20674,CONTROL_STRUCTURE,-1,,"if ($vulnerabilityFile == ""impossible.php"")",,IF,46,14,<empty>
20732,CONTROL_STRUCTURE,-1,,"if (array_key_exists(""name"",$_GET) && $_GET[""name""] != NULL)",,IF,6,2,<empty>
20771,CONTROL_STRUCTURE,-1,,"if (array_key_exists(""name"",$_GET) && $_GET[""name""] != NULL)",,IF,4,1,<empty>
20810,CONTROL_STRUCTURE,-1,,"if (array_key_exists(""name"",$_GET) && $_GET[""name""] != NULL)",,IF,6,2,<empty>
20844,CONTROL_STRUCTURE,-1,,"if (array_key_exists(""name"",$_GET) && $_GET[""name""] != NULL)",,IF,6,2,<empty>
20967,CONTROL_STRUCTURE,-1,,"if (array_key_exists(""btnClear"",$_POST))",,IF,16,10,<empty>
20998,CONTROL_STRUCTURE,-1,,switch (dvwaSecurityLevelGet()),,SWITCH,22,12,<empty>
21004,CONTROL_STRUCTURE,-1,,break,,BREAK,25,3,<empty>
21008,CONTROL_STRUCTURE,-1,,break,,BREAK,28,6,<empty>
21012,CONTROL_STRUCTURE,-1,,break,,BREAK,31,9,<empty>
21016,CONTROL_STRUCTURE,-1,,break,,BREAK,34,12,<empty>
21028,CONTROL_STRUCTURE,-1,,"if ($vulnerabilityFile == ""impossible.php"")",,IF,63,15,<empty>
21117,CONTROL_STRUCTURE,-1,,"if (isset($_POST[""btnSign""]))",,IF,3,1,<empty>
21255,CONTROL_STRUCTURE,-1,,"if (isset($_POST[""btnSign""]))",,IF,3,1,<empty>
21374,CONTROL_STRUCTURE,-1,,"if (isset($_POST[""btnSign""]))",,IF,3,1,<empty>
21500,CONTROL_STRUCTURE,-1,,"if (isset($_POST[""btnSign""]))",,IF,3,1,<empty>
