14,BLOCK,-1,,<empty>,,,,1,<empty>
25,BLOCK,1,,<empty>,,,6,1,<empty>
196,BLOCK,-1,,<empty>,,,,1,<empty>
201,BLOCK,-1,,<empty>,,,9,2,<empty>
221,BLOCK,-1,,<empty>,,,13,2,<empty>
237,BLOCK,-1,,<empty>,,,15,2,<empty>
253,BLOCK,-1,,<empty>,,,23,2,<empty>
283,BLOCK,-1,,<empty>,,,29,2,<empty>
315,BLOCK,-1,,<empty>,,,37,2,<empty>
326,BLOCK,-1,,<empty>,,,43,2,<empty>
368,BLOCK,-1,,<empty>,,,60,2,<empty>
395,BLOCK,-1,,<empty>,,,69,2,<empty>
422,BLOCK,-1,,<empty>,,,78,2,<empty>
456,BLOCK,-1,,<empty>,,,90,2,<empty>
466,BLOCK,-1,,<empty>,,,100,2,<empty>
527,BLOCK,-1,,<empty>,,,,1,<empty>
545,BLOCK,-1,,<empty>,,,10,2,<empty>
559,BLOCK,-1,,<empty>,,,18,2,<empty>
575,BLOCK,-1,,<empty>,,,25,2,<empty>
607,BLOCK,-1,,<empty>,,,41,2,<empty>
618,BLOCK,-1,,<empty>,,,48,2,<empty>
653,BLOCK,-1,,<empty>,,,66,2,<empty>
667,BLOCK,-1,,<empty>,,,77,2,<empty>
678,BLOCK,-1,,<empty>,,,84,2,<empty>
691,BLOCK,-1,,<empty>,,,94,2,<empty>
2527,BLOCK,-1,,<empty>,,,,1,<empty>
2569,BLOCK,-1,,<empty>,,,,1,<empty>
2577,BLOCK,-1,,<empty>,,,,2,<empty>
2589,BLOCK,2,,<empty>,,,104,2,<empty>
2655,BLOCK,2,,<empty>,,,126,2,<empty>
2659,BLOCK,2,,<empty>,,,127,2,<empty>
2668,BLOCK,2,,<empty>,,,128,2,<empty>
2681,BLOCK,2,,<empty>,,,129,2,<empty>
2690,BLOCK,2,,<empty>,,,130,2,<empty>
2711,BLOCK,2,,<empty>,,,131,2,<empty>
2720,BLOCK,2,,<empty>,,,132,2,<empty>
2729,BLOCK,2,,<empty>,,,133,2,<empty>
2738,BLOCK,2,,<empty>,,,134,2,<empty>
2747,BLOCK,2,,<empty>,,,135,2,<empty>
2756,BLOCK,2,,<empty>,,,136,2,<empty>
2765,BLOCK,2,,<empty>,,,137,2,<empty>
2774,BLOCK,2,,<empty>,,,138,2,<empty>
2783,BLOCK,2,,<empty>,,,139,2,<empty>
2792,BLOCK,2,,<empty>,,,140,2,<empty>
2801,BLOCK,2,,<empty>,,,141,2,<empty>
2810,BLOCK,2,,<empty>,,,142,2,<empty>
2823,BLOCK,2,,<empty>,,,143,2,<empty>
2832,BLOCK,2,,<empty>,,,144,2,<empty>
2841,BLOCK,2,,<empty>,,,145,2,<empty>
2850,BLOCK,2,,<empty>,,,146,2,<empty>
2859,BLOCK,2,,<empty>,,,147,2,<empty>
2868,BLOCK,2,,<empty>,,,148,2,<empty>
2877,BLOCK,2,,<empty>,,,149,2,<empty>
2888,BLOCK,2,,<empty>,,,154,2,<empty>
2898,BLOCK,2,,<empty>,,,1109,2,<empty>
2902,BLOCK,2,,<empty>,,,1110,2,<empty>
2911,BLOCK,2,,<empty>,,,1111,2,<empty>
2920,BLOCK,2,,<empty>,,,1112,2,<empty>
2929,BLOCK,2,,<empty>,,,1113,2,<empty>
2938,BLOCK,2,,<empty>,,,1114,2,<empty>
2955,BLOCK,2,,<empty>,,,1115,2,<empty>
2964,BLOCK,2,,<empty>,,,1116,2,<empty>
2973,BLOCK,2,,<empty>,,,1117,2,<empty>
2982,BLOCK,2,,<empty>,,,1118,2,<empty>
2991,BLOCK,2,,<empty>,,,1119,2,<empty>
3007,BLOCK,2,,<empty>,,,1952,2,<empty>
3014,BLOCK,2,,<empty>,,,1963,2,<empty>
3092,BLOCK,2,,<empty>,,,1967,2,<empty>
3106,BLOCK,2,,<empty>,,,1972,2,<empty>
3125,BLOCK,2,,<empty>,,,1979,2,<empty>
3183,BLOCK,2,,<empty>,,,1983,2,<empty>
3350,BLOCK,-1,,<empty>,,,,3,<empty>
3361,BLOCK,-1,,<empty>,,,,3,<empty>
3366,BLOCK,2,,<empty>,,,40,2,<empty>
3370,BLOCK,1,,<empty>,,,43,1,<empty>
3392,BLOCK,-1,,<empty>,,,,3,<empty>
3399,BLOCK,-1,,<empty>,,,,3,<empty>
3406,BLOCK,-1,,<empty>,,,,3,<empty>
3413,BLOCK,-1,,<empty>,,,,3,<empty>
3422,BLOCK,-1,,<empty>,,,,3,<empty>
3431,BLOCK,-1,,<empty>,,,,3,<empty>
3438,BLOCK,-1,,<empty>,,,,3,<empty>
3444,BLOCK,2,,<empty>,,,169,2,<empty>
3451,BLOCK,-1,,<empty>,,,172,1,<empty>
3459,BLOCK,-1,,<empty>,,,172,3,<empty>
3466,BLOCK,-1,,<empty>,,,172,4,<empty>
3471,BLOCK,-1,,<empty>,,,174,2,<empty>
3474,BLOCK,-1,,<empty>,,,176,2,<empty>
3499,BLOCK,-1,,<empty>,,,186,2,<empty>
3525,BLOCK,2,,<empty>,,,202,2,<empty>
3540,BLOCK,-1,,<empty>,,,206,2,<empty>
3553,BLOCK,-1,,<empty>,,,211,2,<empty>
3556,BLOCK,-1,,<empty>,,,217,3,<empty>
3561,BLOCK,-1,,<empty>,,,219,2,<empty>
3583,BLOCK,-1,,<empty>,,,235,2,<empty>
3585,BLOCK,-1,,<empty>,,,237,1,<empty>
3596,BLOCK,-1,,<empty>,,,237,3,<empty>
3603,BLOCK,-1,,<empty>,,,237,4,<empty>
3607,BLOCK,-1,,<empty>,,,246,1,<empty>
3615,BLOCK,-1,,<empty>,,,246,3,<empty>
3622,BLOCK,-1,,<empty>,,,246,4,<empty>
3630,BLOCK,-1,,<empty>,,,250,2,<empty>
3639,BLOCK,-1,,<empty>,,,254,2,<empty>
3642,BLOCK,-1,,<empty>,,,256,2,<empty>
3654,BLOCK,-1,,<empty>,,,264,2,<empty>
3671,BLOCK,-1,,<empty>,,,277,2,<empty>
3676,BLOCK,-1,,<empty>,,,282,2,<empty>
3678,BLOCK,-1,,<empty>,,,286,3,<empty>
3681,BLOCK,-1,,<empty>,,,288,2,<empty>
3701,BLOCK,-1,,<empty>,,,301,2,<empty>
3714,BLOCK,-1,,<empty>,,,309,2,<empty>
3723,BLOCK,-1,,<empty>,,,,3,<empty>
3730,BLOCK,-1,,<empty>,,,321,2,<empty>
3735,BLOCK,-1,,<empty>,,,323,2,<empty>
3739,BLOCK,2,,<empty>,,,325,2,<empty>
3746,BLOCK,-1,,<empty>,,,327,3,<empty>
3751,BLOCK,-1,,<empty>,,,327,2,<empty>
3755,BLOCK,2,,<empty>,,,329,2,<empty>
3763,BLOCK,-1,,<empty>,,,,3,<empty>
3773,BLOCK,-1,,<empty>,,,,3,<empty>
3784,BLOCK,-1,,<empty>,,,,4,<empty>
3797,BLOCK,-1,,<empty>,,,351,2,<empty>
3804,BLOCK,-1,,<empty>,,,356,2,<empty>
3811,BLOCK,2,,<empty>,,,360,2,<empty>
3815,BLOCK,2,,<empty>,,,361,2,<empty>
3823,BLOCK,2,,<empty>,,,363,2,<empty>
3839,BLOCK,-1,,<empty>,,,,4,<empty>
3845,BLOCK,-1,,<empty>,,,376,2,<empty>
3850,BLOCK,-1,,<empty>,,,378,2,<empty>
3890,BLOCK,-1,,<empty>,,,,3,<empty>
3895,BLOCK,-1,,<empty>,,,,3,<empty>
3902,BLOCK,-1,,<empty>,,,405,2,<empty>
3911,BLOCK,-1,,<empty>,,,410,2,<empty>
3913,BLOCK,2,,<empty>,,,412,2,<empty>
3917,BLOCK,2,,<empty>,,,413,2,<empty>
3940,BLOCK,-1,,<empty>,,,419,2,<empty>
3952,BLOCK,-1,,<empty>,,,,4,<empty>
3957,BLOCK,-1,,<empty>,,,430,2,<empty>
3977,BLOCK,-1,,<empty>,,,437,2,<empty>
3989,BLOCK,-1,,<empty>,,,,3,<empty>
4002,BLOCK,-1,,<empty>,,,454,2,<empty>
4017,BLOCK,-1,,<empty>,,,461,2,<empty>
4020,BLOCK,2,,<empty>,,,466,2,<empty>
4033,BLOCK,-1,,<empty>,,,471,2,<empty>
4042,BLOCK,2,,<empty>,,,487,2,<empty>
4050,BLOCK,2,,<empty>,,,490,2,<empty>
4060,BLOCK,2,,<empty>,,,493,2,<empty>
4075,BLOCK,-1,,<empty>,,,,4,<empty>
4080,BLOCK,-1,,<empty>,,,504,2,<empty>
4086,BLOCK,-1,,<empty>,,,509,2,<empty>
4119,BLOCK,-1,,<empty>,,,516,2,<empty>
4158,BLOCK,-1,,<empty>,,,,3,<empty>
4163,BLOCK,-1,,<empty>,,,,3,<empty>
4172,BLOCK,-1,,<empty>,,,543,2,<empty>
4191,BLOCK,-1,,<empty>,,,550,2,<empty>
4197,BLOCK,2,,<empty>,,,557,2,<empty>
4201,BLOCK,2,,<empty>,,,558,2,<empty>
4210,BLOCK,2,,<empty>,,,560,2,<empty>
4230,BLOCK,-1,,<empty>,,,,4,<empty>
4242,BLOCK,2,,<empty>,,,576,2,<empty>
4252,BLOCK,3,,<empty>,,,576,3,<empty>
4270,BLOCK,-1,,<empty>,,,578,2,<empty>
4278,BLOCK,-1,,<empty>,,,582,2,<empty>
4297,BLOCK,-1,,<empty>,,,588,3,<empty>
4301,BLOCK,-1,,<empty>,,,588,2,<empty>
4315,BLOCK,2,,<empty>,,,595,2,<empty>
4327,BLOCK,2,,<empty>,,,598,2,<empty>
4349,BLOCK,2,,<empty>,,,603,2,<empty>
4356,BLOCK,2,,<empty>,,,605,2,<empty>
4374,BLOCK,-1,,<empty>,,,610,2,<empty>
4393,BLOCK,-1,,<empty>,,,614,2,<empty>
4406,BLOCK,-1,,<empty>,,,616,2,<empty>
4413,BLOCK,2,,<empty>,,,624,2,<empty>
4421,BLOCK,2,,<empty>,,,628,2,<empty>
4429,BLOCK,2,,<empty>,,,630,2,<empty>
4442,BLOCK,2,,<empty>,,,632,2,<empty>
4449,BLOCK,3,,<empty>,,,632,3,<empty>
4469,BLOCK,-1,,<empty>,,,,4,<empty>
4482,BLOCK,-1,,<empty>,,,645,2,<empty>
4538,BLOCK,-1,,<empty>,,,652,2,<empty>
4543,BLOCK,-1,,<empty>,,,663,2,<empty>
4581,BLOCK,2,,<empty>,,,678,2,<empty>
4589,BLOCK,2,,<empty>,,,680,2,<empty>
4597,BLOCK,2,,<empty>,,,682,2,<empty>
4617,BLOCK,-1,,<empty>,,,691,3,<empty>
4624,BLOCK,-1,,<empty>,,,691,2,<empty>
4638,BLOCK,-1,,<empty>,,,696,2,<empty>
4644,BLOCK,-1,,<empty>,,,701,2,<empty>
4649,BLOCK,-1,,<empty>,,,703,2,<empty>
4686,BLOCK,-1,,<empty>,,,719,2,<empty>
4709,BLOCK,-1,,<empty>,,,,3,<empty>
4715,BLOCK,-1,,<empty>,,,731,2,<empty>
4717,BLOCK,-1,,<empty>,,,733,1,<empty>
4730,BLOCK,-1,,<empty>,,,733,3,<empty>
4738,BLOCK,-1,,<empty>,,,733,4,<empty>
4747,BLOCK,-1,,<empty>,,,735,2,<empty>
4760,BLOCK,-1,,<empty>,,,,3,<empty>
4766,BLOCK,-1,,<empty>,,,750,2,<empty>
4768,BLOCK,2,,<empty>,,,752,2,<empty>
4772,BLOCK,2,,<empty>,,,753,2,<empty>
4780,BLOCK,2,,<empty>,,,755,2,<empty>
4804,BLOCK,-1,,<empty>,,,,4,<empty>
4809,BLOCK,-1,,<empty>,,,769,2,<empty>
4823,BLOCK,-1,,<empty>,,,774,2,<empty>
4840,BLOCK,-1,,<empty>,,,781,2,<empty>
4856,BLOCK,-1,,<empty>,,,,3,<empty>
4876,BLOCK,-1,,<empty>,,,796,2,<empty>
4878,BLOCK,2,,<empty>,,,798,2,<empty>
4882,BLOCK,2,,<empty>,,,799,2,<empty>
4894,BLOCK,-1,,<empty>,,,,4,<empty>
4907,BLOCK,-1,,<empty>,,,813,2,<empty>
4926,BLOCK,-1,,<empty>,,,818,2,<empty>
4945,BLOCK,-1,,<empty>,,,,3,<empty>
4952,BLOCK,-1,,<empty>,,,831,2,<empty>
4964,BLOCK,-1,,<empty>,,,836,2,<empty>
4973,BLOCK,-1,,<empty>,,,840,2,<empty>
4976,BLOCK,2,,<empty>,,,845,2,<empty>
4985,BLOCK,2,,<empty>,,,847,2,<empty>
5004,BLOCK,-1,,<empty>,,,,4,<empty>
5013,BLOCK,-1,,<empty>,,,859,2,<empty>
5028,BLOCK,-1,,<empty>,,,,3,<empty>
5044,BLOCK,-1,,<empty>,,,874,2,<empty>
5050,BLOCK,2,,<empty>,,,879,2,<empty>
5076,BLOCK,2,,<empty>,,,886,2,<empty>
5080,BLOCK,2,,<empty>,,,887,2,<empty>
5088,BLOCK,-1,,<empty>,,,,4,<empty>
5107,BLOCK,-1,,<empty>,,,899,2,<empty>
5153,BLOCK,-1,,<empty>,,,904,2,<empty>
5162,BLOCK,-1,,<empty>,,,913,2,<empty>
5165,BLOCK,2,,<empty>,,,918,2,<empty>
5179,BLOCK,-1,,<empty>,,,927,1,<empty>
5187,BLOCK,-1,,<empty>,,,927,3,<empty>
5194,BLOCK,-1,,<empty>,,,927,4,<empty>
5200,BLOCK,-1,,<empty>,,,931,2,<empty>
5211,BLOCK,-1,,<empty>,,,938,2,<empty>
5220,BLOCK,-1,,<empty>,,,943,2,<empty>
5230,BLOCK,2,,<empty>,,,953,2,<empty>
5251,BLOCK,-1,,<empty>,,,962,2,<empty>
5254,BLOCK,-1,,<empty>,,,967,1,<empty>
5263,BLOCK,-1,,<empty>,,,967,3,<empty>
5272,BLOCK,-1,,<empty>,,,967,4,<empty>
5276,BLOCK,2,,<empty>,,,971,2,<empty>
5284,BLOCK,2,,<empty>,,,973,2,<empty>
5301,BLOCK,-1,,<empty>,,,980,2,<empty>
5307,BLOCK,2,,<empty>,,,984,2,<empty>
5318,BLOCK,2,,<empty>,,,994,2,<empty>
5331,BLOCK,2,,<empty>,,,997,2,<empty>
5339,BLOCK,2,,<empty>,,,999,2,<empty>
5349,BLOCK,2,,<empty>,,,1003,2,<empty>
5361,BLOCK,2,,<empty>,,,1007,2,<empty>
5369,BLOCK,2,,<empty>,,,1009,2,<empty>
5382,BLOCK,2,,<empty>,,,1012,2,<empty>
5396,BLOCK,-1,,<empty>,,,,4,<empty>
5403,BLOCK,-1,,<empty>,,,1022,2,<empty>
5423,BLOCK,-1,,<empty>,,,1027,2,<empty>
5425,BLOCK,2,,<empty>,,,1029,2,<empty>
5446,BLOCK,-1,,<empty>,,,1040,1,<empty>
5455,BLOCK,-1,,<empty>,,,1040,3,<empty>
5464,BLOCK,-1,,<empty>,,,1040,4,<empty>
5468,BLOCK,2,,<empty>,,,1044,2,<empty>
5476,BLOCK,2,,<empty>,,,1046,2,<empty>
5495,BLOCK,-1,,<empty>,,,1053,2,<empty>
5499,BLOCK,2,,<empty>,,,1055,2,<empty>
5514,BLOCK,2,,<empty>,,,1063,2,<empty>
5538,BLOCK,-1,,<empty>,,,,3,<empty>
5540,BLOCK,1,,<empty>,,,1080,1,<empty>
5548,BLOCK,2,,<empty>,,,1082,2,<empty>
5556,BLOCK,2,,<empty>,,,1084,2,<empty>
5577,BLOCK,-1,,<empty>,,,,4,<empty>
5582,BLOCK,-1,,<empty>,,,1095,2,<empty>
5599,BLOCK,-1,,<empty>,,,,4,<empty>
5606,BLOCK,-1,,<empty>,,,,4,<empty>
5613,BLOCK,1,,<empty>,,,1138,1,<empty>
5625,BLOCK,2,,<empty>,,,1140,2,<empty>
5630,BLOCK,2,,<empty>,,,1143,2,<empty>
5638,BLOCK,-1,,<empty>,,,1149,2,<empty>
5647,BLOCK,2,,<empty>,,,1155,2,<empty>
5656,BLOCK,-1,,<empty>,,,1157,1,<empty>
5667,BLOCK,-1,,<empty>,,,1157,3,<empty>
5674,BLOCK,-1,,<empty>,,,1157,4,<empty>
5678,BLOCK,-1,,<empty>,,,1161,2,<empty>
5688,BLOCK,-1,,<empty>,,,1168,2,<empty>
5698,BLOCK,-1,,<empty>,,,1175,2,<empty>
5705,BLOCK,-1,,<empty>,,,1182,2,<empty>
5770,BLOCK,-1,,<empty>,,,1224,1,<empty>
5779,BLOCK,-1,,<empty>,,,1224,3,<empty>
5787,BLOCK,-1,,<empty>,,,1224,4,<empty>
5793,BLOCK,-1,,<empty>,,,1226,2,<empty>
5804,BLOCK,-1,,<empty>,,,,3,<empty>
5807,BLOCK,2,,<empty>,,,1241,2,<empty>
5815,BLOCK,2,,<empty>,,,1243,2,<empty>
5829,BLOCK,2,,<empty>,,,1248,2,<empty>
5833,BLOCK,2,,<empty>,,,1249,2,<empty>
5842,BLOCK,2,,<empty>,,,1250,2,<empty>
5854,BLOCK,-1,,<empty>,,,,3,<empty>
5874,BLOCK,-1,,<empty>,,,1262,2,<empty>
5883,BLOCK,1,,<empty>,,,1267,1,<empty>
5893,BLOCK,2,,<empty>,,,1269,2,<empty>
5907,BLOCK,-1,,<empty>,,,,3,<empty>
5934,BLOCK,-1,,<empty>,,,1284,2,<empty>
5943,BLOCK,-1,,<empty>,,,1289,2,<empty>
5948,BLOCK,1,,<empty>,,,1294,1,<empty>
5958,BLOCK,2,,<empty>,,,1296,2,<empty>
5971,BLOCK,2,,<empty>,,,1299,2,<empty>
5981,BLOCK,-1,,<empty>,,,,3,<empty>
5989,BLOCK,-1,,<empty>,,,1309,2,<empty>
6009,BLOCK,-1,,<empty>,,,1316,2,<empty>
6012,BLOCK,-1,,<empty>,,,1320,3,<empty>
6020,BLOCK,-1,,<empty>,,,1320,2,<empty>
6023,BLOCK,-1,,<empty>,,,1324,3,<empty>
6026,BLOCK,1,,<empty>,,,1329,1,<empty>
6036,BLOCK,2,,<empty>,,,1331,2,<empty>
6043,BLOCK,2,,<empty>,,,1333,2,<empty>
6063,BLOCK,-1,,<empty>,,,,3,<empty>
6078,BLOCK,-1,,<empty>,,,1344,2,<empty>
6080,BLOCK,1,,<empty>,,,1346,1,<empty>
6084,BLOCK,2,,<empty>,,,1347,2,<empty>
6101,BLOCK,-1,,<empty>,,,,3,<empty>
6116,BLOCK,-1,,<empty>,,,1355,2,<empty>
6132,BLOCK,-1,,<empty>,,,1364,2,<empty>
6135,BLOCK,2,,<empty>,,,1369,2,<empty>
6146,BLOCK,2,,<empty>,,,1371,2,<empty>
6154,BLOCK,2,,<empty>,,,1373,2,<empty>
6202,BLOCK,-1,,<empty>,,,,3,<empty>
6204,BLOCK,2,,<empty>,,,1390,2,<empty>
6212,BLOCK,2,,<empty>,,,1392,2,<empty>
6231,BLOCK,2,,<empty>,,,1397,2,<empty>
6244,BLOCK,2,,<empty>,,,1398,2,<empty>
6267,BLOCK,-1,,<empty>,,,1408,2,<empty>
6281,BLOCK,-1,,<empty>,,,1416,3,<empty>
6286,BLOCK,-1,,<empty>,,,1421,2,<empty>
6298,BLOCK,-1,,<empty>,,,1425,2,<empty>
6314,BLOCK,-1,,<empty>,,,1432,3,<empty>
6318,BLOCK,-1,,<empty>,,,1434,2,<empty>
6336,BLOCK,-1,,<empty>,,,1441,3,<empty>
6351,BLOCK,-1,,<empty>,,,1446,2,<empty>
6374,BLOCK,1,,<empty>,,,1457,1,<empty>
6385,BLOCK,-1,,<empty>,,,,3,<empty>
6401,BLOCK,-1,,<empty>,,,1465,2,<empty>
6415,BLOCK,-1,,<empty>,,,1470,2,<empty>
6417,BLOCK,1,,<empty>,,,1472,1,<empty>
6421,BLOCK,2,,<empty>,,,1473,2,<empty>
6447,BLOCK,-1,,<empty>,,,1478,2,<empty>
6449,BLOCK,1,,<empty>,,,1480,1,<empty>
6453,BLOCK,2,,<empty>,,,1481,2,<empty>
6484,BLOCK,-1,,<empty>,,,1486,2,<empty>
6486,BLOCK,1,,<empty>,,,1488,1,<empty>
6490,BLOCK,2,,<empty>,,,1489,2,<empty>
6508,BLOCK,-1,,<empty>,,,,3,<empty>
6531,BLOCK,-1,,<empty>,,,1497,2,<empty>
6533,BLOCK,1,,<empty>,,,1500,1,<empty>
6537,BLOCK,2,,<empty>,,,1501,2,<empty>
6560,BLOCK,-1,,<empty>,,,,3,<empty>
6568,BLOCK,-1,,<empty>,,,1511,2,<empty>
6582,BLOCK,-1,,<empty>,,,1516,2,<empty>
6584,BLOCK,1,,<empty>,,,1518,1,<empty>
6594,BLOCK,2,,<empty>,,,1520,2,<empty>
6602,BLOCK,2,,<empty>,,,1522,2,<empty>
6622,BLOCK,-1,,<empty>,,,,3,<empty>
6644,BLOCK,-1,,<empty>,,,1534,2,<empty>
6663,BLOCK,-1,,<empty>,,,1539,2,<empty>
6670,BLOCK,2,,<empty>,,,1544,2,<empty>
6689,BLOCK,2,,<empty>,,,1547,2,<empty>
6700,BLOCK,2,,<empty>,,,1550,2,<empty>
6712,BLOCK,-1,,<empty>,,,,3,<empty>
6727,BLOCK,-1,,<empty>,,,1562,2,<empty>
6732,BLOCK,1,,<empty>,,,1566,1,<empty>
6742,BLOCK,2,,<empty>,,,1568,2,<empty>
6753,BLOCK,2,,<empty>,,,1571,2,<empty>
6763,BLOCK,-1,,<empty>,,,,3,<empty>
6773,BLOCK,-1,,<empty>,,,,3,<empty>
6779,BLOCK,-1,,<empty>,,,1593,2,<empty>
6785,BLOCK,-1,,<empty>,,,1595,2,<empty>
6789,BLOCK,2,,<empty>,,,1597,2,<empty>
6795,BLOCK,-1,,<empty>,,,1600,2,<empty>
6807,BLOCK,-1,,<empty>,,,1607,3,<empty>
6832,BLOCK,-1,,<empty>,,,1616,2,<empty>
6842,BLOCK,-1,,<empty>,,,,3,<empty>
6845,BLOCK,1,,<empty>,,,1629,2,<empty>
6857,BLOCK,-1,,<empty>,,,,3,<empty>
6860,BLOCK,1,,<empty>,,,1634,2,<empty>
6872,BLOCK,-1,,<empty>,,,,4,<empty>
6879,BLOCK,-1,,<empty>,,,1641,2,<empty>
6886,BLOCK,-1,,<empty>,,,1645,3,<empty>
6891,BLOCK,-1,,<empty>,,,1645,2,<empty>
6902,BLOCK,-1,,<empty>,,,,4,<empty>
6907,BLOCK,-1,,<empty>,,,1655,2,<empty>
6914,BLOCK,-1,,<empty>,,,1659,3,<empty>
6919,BLOCK,-1,,<empty>,,,1659,2,<empty>
6932,BLOCK,-1,,<empty>,,,,4,<empty>
6935,BLOCK,-1,,<empty>,,,1671,1,<empty>
6944,BLOCK,-1,,<empty>,,,1671,3,<empty>
6952,BLOCK,-1,,<empty>,,,1671,4,<empty>
6959,BLOCK,-1,,<empty>,,,,4,<empty>
6962,BLOCK,-1,,<empty>,,,1681,1,<empty>
6971,BLOCK,-1,,<empty>,,,1681,3,<empty>
6979,BLOCK,-1,,<empty>,,,1681,4,<empty>
6986,BLOCK,-1,,<empty>,,,,3,<empty>
6991,BLOCK,-1,,<empty>,,,1691,2,<empty>
7003,BLOCK,-1,,<empty>,,,1703,2,<empty>
7013,BLOCK,-1,,<empty>,,,1707,2,<empty>
7015,BLOCK,-1,,<empty>,,,1709,1,<empty>
7026,BLOCK,-1,,<empty>,,,1709,3,<empty>
7035,BLOCK,-1,,<empty>,,,1709,4,<empty>
7041,BLOCK,-1,,<empty>,,,1711,2,<empty>
7059,BLOCK,-1,,<empty>,,,1723,2,<empty>
7063,BLOCK,-1,,<empty>,,,1729,3,<empty>
7068,BLOCK,-1,,<empty>,,,1729,2,<empty>
7095,BLOCK,-1,,<empty>,,,1739,2,<empty>
7104,BLOCK,-1,,<empty>,,,1743,2,<empty>
7109,BLOCK,-1,,<empty>,,,1747,3,<empty>
7114,BLOCK,-1,,<empty>,,,1747,2,<empty>
7119,BLOCK,-1,,<empty>,,,1751,3,<empty>
7122,BLOCK,-1,,<empty>,,,1753,2,<empty>
7128,BLOCK,-1,,<empty>,,,1757,3,<empty>
7139,BLOCK,-1,,<empty>,,,1765,3,<empty>
7141,BLOCK,-1,,<empty>,,,1765,2,<empty>
7148,BLOCK,-1,,<empty>,,,,3,<empty>
7157,BLOCK,-1,,<empty>,,,1779,1,<empty>
7165,BLOCK,-1,,<empty>,,,1779,3,<empty>
7172,BLOCK,-1,,<empty>,,,1779,4,<empty>
7175,BLOCK,-1,,<empty>,,,1781,2,<empty>
7205,BLOCK,-1,,<empty>,,,,3,<empty>
7229,BLOCK,-1,,<empty>,,,1807,2,<empty>
7239,BLOCK,-1,,<empty>,,,,4,<empty>
7243,BLOCK,2,,<empty>,,,1827,2,<empty>
7250,BLOCK,-1,,<empty>,,,1829,2,<empty>
7269,BLOCK,2,,<empty>,,,1835,2,<empty>
7275,BLOCK,-1,,<empty>,,,1837,1,<empty>
7283,BLOCK,-1,,<empty>,,,1837,3,<empty>
7290,BLOCK,-1,,<empty>,,,1837,4,<empty>
7296,BLOCK,2,,<empty>,,,1845,2,<empty>
7306,BLOCK,-1,,<empty>,,,,3,<empty>
7312,BLOCK,-1,,<empty>,,,,3,<empty>
7317,BLOCK,2,,<empty>,,,1864,2,<empty>
7332,BLOCK,-1,,<empty>,,,1869,2,<empty>
7342,BLOCK,-1,,<empty>,,,1875,2,<empty>
7353,BLOCK,-1,,<empty>,,,1880,2,<empty>
7355,BLOCK,-1,,<empty>,,,1882,1,<empty>
7366,BLOCK,-1,,<empty>,,,1882,3,<empty>
7375,BLOCK,-1,,<empty>,,,1882,4,<empty>
7379,BLOCK,-1,,<empty>,,,1885,2,<empty>
7384,BLOCK,-1,,<empty>,,,1890,3,<empty>
7388,BLOCK,-1,,<empty>,,,1890,2,<empty>
7397,BLOCK,-1,,<empty>,,,,4,<empty>
7400,BLOCK,-1,,<empty>,,,1902,1,<empty>
7410,BLOCK,-1,,<empty>,,,1902,3,<empty>
7417,BLOCK,-1,,<empty>,,,1902,4,<empty>
7423,BLOCK,-1,,<empty>,,,1904,2,<empty>
7439,BLOCK,-1,,<empty>,,,,3,<empty>
7454,BLOCK,-1,,<empty>,,,,3,<empty>
7460,BLOCK,-1,,<empty>,,,1928,2,<empty>
7465,BLOCK,-1,,<empty>,,,1932,3,<empty>
7476,BLOCK,-1,,<empty>,,,,2,<empty>
7482,BLOCK,-1,,<empty>,,,1940,2,<empty>
7487,BLOCK,2,,<empty>,,,1945,2,<empty>
8006,BLOCK,-1,,<empty>,,,,1,<empty>
8011,BLOCK,-1,,<empty>,,,3,2,<empty>
8023,BLOCK,-1,,<empty>,,,8,2,<empty>
8035,BLOCK,-1,,<empty>,,,16,2,<empty>
8039,BLOCK,2,,<empty>,,,21,2,<empty>
8067,BLOCK,-1,,<empty>,,,22,2,<empty>
8072,BLOCK,-1,,<empty>,,,24,2,<empty>
8076,BLOCK,-1,,<empty>,,,26,3,<empty>
8083,BLOCK,-1,,<empty>,,,34,2,<empty>
8092,BLOCK,-1,,<empty>,,,38,3,<empty>
8115,BLOCK,1,,<empty>,,,47,1,<empty>
8141,BLOCK,-1,,<empty>,,,57,2,<empty>
8150,BLOCK,-1,,<empty>,,,,1,<empty>
8155,BLOCK,-1,,<empty>,,,,1,<empty>
8160,BLOCK,-1,,<empty>,,,,1,<empty>
8167,BLOCK,-1,,<empty>,,,77,2,<empty>
8171,BLOCK,2,,<empty>,,,78,2,<empty>
8178,BLOCK,-1,,<empty>,,,,2,<empty>
8182,BLOCK,-1,,<empty>,,,85,2,<empty>
8186,BLOCK,-1,,<empty>,,,86,2,<empty>
8195,BLOCK,-1,,<empty>,,,,2,<empty>
8203,BLOCK,-1,,<empty>,,,,1,<empty>
8211,BLOCK,-1,,<empty>,,,101,2,<empty>
8224,BLOCK,-1,,<empty>,,,,1,<empty>
8232,BLOCK,-1,,<empty>,,,,1,<empty>
8238,BLOCK,-1,,<empty>,,,,1,<empty>
8251,BLOCK,-1,,<empty>,,,,1,<empty>
8253,BLOCK,2,,<empty>,,,127,2,<empty>
8282,BLOCK,-1,,<empty>,,,,1,<empty>
8288,BLOCK,-1,,<empty>,,,143,2,<empty>
8298,BLOCK,-1,,<empty>,,,149,2,<empty>
8306,BLOCK,-1,,<empty>,,,,2,<empty>
8310,BLOCK,-1,,<empty>,,,159,2,<empty>
8315,BLOCK,-1,,<empty>,,,162,3,<empty>
8330,BLOCK,-1,,<empty>,,,,1,<empty>
8338,BLOCK,-1,,<empty>,,,,1,<empty>
8345,BLOCK,-1,,<empty>,,,,2,<empty>
8349,BLOCK,2,,<empty>,,,181,2,<empty>
8361,BLOCK,-1,,<empty>,,,182,2,<empty>
8365,BLOCK,-1,,<empty>,,,184,3,<empty>
8372,BLOCK,-1,,<empty>,,,,2,<empty>
8381,BLOCK,-1,,<empty>,,,193,2,<empty>
8385,BLOCK,2,,<empty>,,,194,2,<empty>
8393,BLOCK,-1,,<empty>,,,,1,<empty>
8407,BLOCK,-1,,<empty>,,,202,2,<empty>
8418,BLOCK,-1,,<empty>,,,,1,<empty>
8424,BLOCK,-1,,<empty>,,,211,2,<empty>
8432,BLOCK,-1,,<empty>,,,,2,<empty>
8441,BLOCK,2,,<empty>,,,221,2,<empty>
8446,BLOCK,2,,<empty>,,,223,2,<empty>
8450,BLOCK,-1,,<empty>,,,224,2,<empty>
8455,BLOCK,2,,<empty>,,,225,2,<empty>
8473,BLOCK,2,,<empty>,,,226,2,<empty>
8491,BLOCK,2,,<empty>,,,227,2,<empty>
8505,BLOCK,-1,,<empty>,,,229,3,<empty>
8510,BLOCK,2,,<empty>,,,230,2,<empty>
8528,BLOCK,2,,<empty>,,,231,2,<empty>
8544,BLOCK,-1,,<empty>,,,234,2,<empty>
8548,BLOCK,2,,<empty>,,,235,2,<empty>
8554,BLOCK,2,,<empty>,,,236,2,<empty>
8572,BLOCK,2,,<empty>,,,237,2,<empty>
8590,BLOCK,2,,<empty>,,,238,2,<empty>
8608,BLOCK,2,,<empty>,,,239,2,<empty>
8626,BLOCK,2,,<empty>,,,240,2,<empty>
8644,BLOCK,2,,<empty>,,,241,2,<empty>
8662,BLOCK,2,,<empty>,,,242,2,<empty>
8680,BLOCK,2,,<empty>,,,243,2,<empty>
8698,BLOCK,2,,<empty>,,,244,2,<empty>
8716,BLOCK,2,,<empty>,,,245,2,<empty>
8734,BLOCK,2,,<empty>,,,246,2,<empty>
8752,BLOCK,2,,<empty>,,,247,2,<empty>
8770,BLOCK,2,,<empty>,,,248,2,<empty>
8788,BLOCK,2,,<empty>,,,249,2,<empty>
8806,BLOCK,-1,,<empty>,,,250,2,<empty>
8811,BLOCK,2,,<empty>,,,251,2,<empty>
8829,BLOCK,2,,<empty>,,,253,2,<empty>
8846,BLOCK,2,,<empty>,,,256,2,<empty>
8850,BLOCK,-1,,<empty>,,,257,2,<empty>
8855,BLOCK,2,,<empty>,,,258,2,<empty>
8873,BLOCK,2,,<empty>,,,259,2,<empty>
8891,BLOCK,2,,<empty>,,,261,2,<empty>
8907,BLOCK,-1,,<empty>,,,263,2,<empty>
8911,BLOCK,2,,<empty>,,,264,2,<empty>
8917,BLOCK,2,,<empty>,,,265,2,<empty>
8934,BLOCK,-1,,<empty>,,,270,1,<empty>
8942,BLOCK,-1,,<empty>,,,270,3,<empty>
8949,BLOCK,-1,,<empty>,,,270,4,<empty>
8953,BLOCK,-1,,<empty>,,,272,1,<empty>
8961,BLOCK,-1,,<empty>,,,272,3,<empty>
8968,BLOCK,-1,,<empty>,,,272,4,<empty>
9001,BLOCK,-1,,<empty>,,,282,2,<empty>
9036,BLOCK,-1,,<empty>,,,305,2,<empty>
9045,BLOCK,-1,,<empty>,,,310,2,<empty>
9056,BLOCK,-1,,<empty>,,,312,2,<empty>
9067,BLOCK,-1,,<empty>,,,315,2,<empty>
9126,BLOCK,-1,,<empty>,,,,2,<empty>
9157,BLOCK,-1,,<empty>,,,,2,<empty>
9188,BLOCK,-1,,<empty>,,,,3,<empty>
9191,BLOCK,-1,,<empty>,,,461,2,<empty>
9200,BLOCK,-1,,<empty>,,,464,3,<empty>
9211,BLOCK,-1,,<empty>,,,,2,<empty>
9230,BLOCK,-1,,<empty>,,,,2,<empty>
9248,BLOCK,-1,,<empty>,,,485,2,<empty>
9254,BLOCK,-1,,<empty>,,,489,3,<empty>
9258,BLOCK,-1,,<empty>,,,489,2,<empty>
9264,BLOCK,-1,,<empty>,,,493,3,<empty>
9270,BLOCK,-1,,<empty>,,,,1,<empty>
9280,BLOCK,-1,,<empty>,,,512,2,<empty>
9309,BLOCK,-1,,<empty>,,,513,2,<empty>
9321,BLOCK,2,,<empty>,,,521,2,<empty>
9359,BLOCK,-1,,<empty>,,,525,3,<empty>
9363,BLOCK,-1,,<empty>,,,525,2,<empty>
9367,BLOCK,-1,,<empty>,,,531,3,<empty>
9379,BLOCK,-1,,<empty>,,,535,2,<empty>
9390,BLOCK,2,,<empty>,,,537,2,<empty>
9403,BLOCK,-1,,<empty>,,,,2,<empty>
9411,BLOCK,-1,,<empty>,,,,1,<empty>
9423,BLOCK,-1,,<empty>,,,559,2,<empty>
9428,BLOCK,-1,,<empty>,,,560,2,<empty>
9437,BLOCK,-1,,<empty>,,,564,3,<empty>
9455,BLOCK,-1,,<empty>,,,,4,<empty>
9463,BLOCK,-1,,<empty>,,,580,2,<empty>
9473,BLOCK,-1,,<empty>,,,584,2,<empty>
9479,BLOCK,-1,,<empty>,,,,1,<empty>
9484,BLOCK,-1,,<empty>,,,591,2,<empty>
9493,BLOCK,-1,,<empty>,,,,1,<empty>
9499,BLOCK,-1,,<empty>,,,,1,<empty>
9783,BLOCK,-1,,<empty>,,,,1,<empty>
9785,BLOCK,-1,,<empty>,,,,3,<empty>
9790,BLOCK,-1,,<empty>,,,,3,<empty>
9792,BLOCK,-1,,<empty>,,,11,1,<empty>
9796,BLOCK,2,,<empty>,,,13,2,<empty>
9812,BLOCK,2,,<empty>,,,19,2,<empty>
9816,BLOCK,2,,<empty>,,,20,2,<empty>
9842,BLOCK,-1,,<empty>,,,32,2,<empty>
9849,BLOCK,-1,,<empty>,,,,2,<empty>
9867,BLOCK,-1,,<empty>,,,,1,<empty>
9872,BLOCK,-1,,<empty>,,,3,2,<empty>
9920,BLOCK,-1,,<empty>,,,,1,<empty>
9931,BLOCK,1,,<empty>,,,6,1,<empty>
10065,BLOCK,-1,,<empty>,,,,1,<empty>
10082,BLOCK,1,,<empty>,,,7,1,<empty>
10102,BLOCK,2,,<empty>,,,13,2,<empty>
10106,BLOCK,2,,<empty>,,,14,2,<empty>
10123,BLOCK,2,,<empty>,,,15,2,<empty>
10140,BLOCK,2,,<empty>,,,16,2,<empty>
10157,BLOCK,2,,<empty>,,,17,2,<empty>
10183,BLOCK,-1,,<empty>,,,21,2,<empty>
10202,BLOCK,-1,,<empty>,,,28,2,<empty>
10204,BLOCK,2,,<empty>,,,29,2,<empty>
10217,BLOCK,-1,,<empty>,,,48,1,<empty>
10226,BLOCK,-1,,<empty>,,,48,3,<empty>
10233,BLOCK,-1,,<empty>,,,48,4,<empty>
10326,BLOCK,-1,,<empty>,,,,1,<empty>
10337,BLOCK,1,,<empty>,,,6,1,<empty>
10345,BLOCK,-1,,<empty>,,,10,2,<empty>
10349,BLOCK,-1,,<empty>,,,12,2,<empty>
10353,BLOCK,-1,,<empty>,,,14,3,<empty>
10427,BLOCK,-1,,<empty>,,,34,2,<empty>
10470,BLOCK,-1,,<empty>,,,41,2,<empty>
10531,BLOCK,-1,,<empty>,,,,1,<empty>
10542,BLOCK,1,,<empty>,,,6,1,<empty>
10548,BLOCK,-1,,<empty>,,,8,2,<empty>
10562,BLOCK,-1,,<empty>,,,,1,<empty>
10573,BLOCK,1,,<empty>,,,6,1,<empty>
10640,BLOCK,-1,,<empty>,,,,1,<empty>
10651,BLOCK,1,,<empty>,,,6,1,<empty>
10679,BLOCK,-1,,<empty>,,,13,2,<empty>
10691,BLOCK,-1,,<empty>,,,18,2,<empty>
10718,BLOCK,-1,,<empty>,,,40,1,<empty>
10721,BLOCK,2,,<empty>,,,40,2,<empty>
10744,BLOCK,-1,,<empty>,,,40,3,<empty>
10751,BLOCK,-1,,<empty>,,,40,4,<empty>
10757,BLOCK,-1,,<empty>,,,42,2,<empty>
10863,BLOCK,-1,,<empty>,,,,1,<empty>
10874,BLOCK,1,,<empty>,,,6,1,<empty>
10897,BLOCK,-1,,<empty>,,,12,2,<empty>
10901,BLOCK,-1,,<empty>,,,14,2,<empty>
10905,BLOCK,-1,,<empty>,,,16,3,<empty>
10915,BLOCK,-1,,<empty>,,,22,2,<empty>
10922,BLOCK,-1,,<empty>,,,25,3,<empty>
10926,BLOCK,-1,,<empty>,,,25,2,<empty>
10930,BLOCK,-1,,<empty>,,,30,3,<empty>
10940,BLOCK,-1,,<empty>,,,40,2,<empty>
10943,BLOCK,-1,,<empty>,,,42,3,<empty>
10947,BLOCK,-1,,<empty>,,,42,2,<empty>
11054,BLOCK,-1,,<empty>,,,,1,<empty>
11073,BLOCK,-1,,<empty>,,,11,2,<empty>
11076,BLOCK,1,,<empty>,,,12,1,<empty>
11091,BLOCK,-1,,<empty>,,,15,2,<empty>
11093,BLOCK,2,,<empty>,,,16,2,<empty>
11107,BLOCK,-1,,<empty>,,,24,1,<empty>
11115,BLOCK,-1,,<empty>,,,27,2,<empty>
11117,BLOCK,2,,<empty>,,,28,2,<empty>
11130,BLOCK,-1,,<empty>,,,36,2,<empty>
11132,BLOCK,2,,<empty>,,,37,2,<empty>
11187,BLOCK,1,,<empty>,,,49,1,<empty>
11242,BLOCK,-1,,<empty>,,,,1,<empty>
11265,BLOCK,-1,,<empty>,,,10,2,<empty>
11268,BLOCK,1,,<empty>,,,11,1,<empty>
11287,BLOCK,2,,<empty>,,,18,2,<empty>
11293,BLOCK,-1,,<empty>,,,20,2,<empty>
11298,BLOCK,-1,,<empty>,,,21,2,<empty>
11310,BLOCK,-1,,<empty>,,,25,3,<empty>
11321,BLOCK,2,,<empty>,,,31,2,<empty>
11341,BLOCK,-1,,<empty>,,,,1,<empty>
11389,BLOCK,-1,,<empty>,,,,1,<empty>
11400,BLOCK,1,,<empty>,,,6,1,<empty>
11437,BLOCK,-1,,<empty>,,,17,2,<empty>
11483,BLOCK,-1,,<empty>,,,,1,<empty>
11488,BLOCK,-1,,<empty>,,,12,2,<empty>
11498,BLOCK,-1,,<empty>,,,,1,<empty>
11503,BLOCK,-1,,<empty>,,,8,2,<empty>
11513,BLOCK,-1,,<empty>,,,,1,<empty>
11518,BLOCK,-1,,<empty>,,,,1,<empty>
11523,BLOCK,-1,,<empty>,,,13,2,<empty>
11533,BLOCK,-1,,<empty>,,,,1,<empty>
11580,BLOCK,-1,,<empty>,,,,1,<empty>
11591,BLOCK,1,,<empty>,,,6,1,<empty>
11628,BLOCK,-1,,<empty>,,,17,2,<empty>
11666,BLOCK,-1,,<empty>,,,50,2,<empty>
11758,BLOCK,-1,,<empty>,,,,1,<empty>
11763,BLOCK,-1,,<empty>,,,3,2,<empty>
11855,BLOCK,-1,,<empty>,,,22,2,<empty>
11869,BLOCK,-1,,<empty>,,,31,3,<empty>
12006,BLOCK,-1,,<empty>,,,,1,<empty>
12019,BLOCK,-1,,<empty>,,,3,2,<empty>
12104,BLOCK,-1,,<empty>,,,30,2,<empty>
12117,BLOCK,-1,,<empty>,,,46,2,<empty>
12145,BLOCK,-1,,<empty>,,,60,2,<empty>
12165,BLOCK,-1,,<empty>,,,71,2,<empty>
12181,BLOCK,-1,,<empty>,,,80,3,<empty>
12252,BLOCK,-1,,<empty>,,,,1,<empty>
12257,BLOCK,-1,,<empty>,,,3,2,<empty>
12299,BLOCK,-1,,<empty>,,,15,2,<empty>
12313,BLOCK,-1,,<empty>,,,24,3,<empty>
12380,BLOCK,-1,,<empty>,,,,1,<empty>
12385,BLOCK,-1,,<empty>,,,3,2,<empty>
12467,BLOCK,-1,,<empty>,,,17,2,<empty>
12481,BLOCK,-1,,<empty>,,,26,3,<empty>
12499,BLOCK,-1,,<empty>,,,,1,<empty>
12561,BLOCK,-1,,<empty>,,,,1,<empty>
12578,BLOCK,1,,<empty>,,,7,1,<empty>
12613,BLOCK,-1,,<empty>,,,18,2,<empty>
12648,BLOCK,-1,,<empty>,,,38,2,<empty>
12688,BLOCK,-1,,<empty>,,,53,2,<empty>
12700,BLOCK,-1,,<empty>,,,62,2,<empty>
12716,BLOCK,-1,,<empty>,,,74,2,<empty>
12727,BLOCK,-1,,<empty>,,,77,2,<empty>
12810,BLOCK,-1,,<empty>,,,,1,<empty>
12815,BLOCK,-1,,<empty>,,,3,2,<empty>
12843,BLOCK,-1,,<empty>,,,17,2,<empty>
12846,BLOCK,-1,,<empty>,,,25,2,<empty>
12902,BLOCK,-1,,<empty>,,,36,3,<empty>
12909,BLOCK,-1,,<empty>,,,42,3,<empty>
13010,BLOCK,-1,,<empty>,,,,1,<empty>
13015,BLOCK,-1,,<empty>,,,3,2,<empty>
13115,BLOCK,-1,,<empty>,,,33,2,<empty>
13122,BLOCK,-1,,<empty>,,,38,3,<empty>
13142,BLOCK,-1,,<empty>,,,46,2,<empty>
13158,BLOCK,-1,,<empty>,,,56,3,<empty>
13232,BLOCK,-1,,<empty>,,,,1,<empty>
13242,BLOCK,-1,,<empty>,,,3,2,<empty>
13261,BLOCK,-1,,<empty>,,,18,2,<empty>
13269,BLOCK,-1,,<empty>,,,24,3,<empty>
13272,BLOCK,-1,,<empty>,,,26,2,<empty>
13278,BLOCK,-1,,<empty>,,,37,3,<empty>
13294,BLOCK,-1,,<empty>,,,45,2,<empty>
13307,BLOCK,-1,,<empty>,,,54,2,<empty>
13363,BLOCK,-1,,<empty>,,,66,3,<empty>
13448,BLOCK,-1,,<empty>,,,,1,<empty>
13458,BLOCK,-1,,<empty>,,,3,2,<empty>
13477,BLOCK,-1,,<empty>,,,18,2,<empty>
13485,BLOCK,-1,,<empty>,,,24,3,<empty>
13488,BLOCK,-1,,<empty>,,,26,2,<empty>
13494,BLOCK,-1,,<empty>,,,38,3,<empty>
13510,BLOCK,-1,,<empty>,,,46,2,<empty>
13525,BLOCK,-1,,<empty>,,,55,2,<empty>
13535,BLOCK,-1,,<empty>,,,62,2,<empty>
13591,BLOCK,-1,,<empty>,,,74,3,<empty>
13611,BLOCK,-1,,<empty>,,,,1,<empty>
13657,BLOCK,-1,,<empty>,,,,1,<empty>
13668,BLOCK,1,,<empty>,,,6,1,<empty>
13703,BLOCK,-1,,<empty>,,,17,2,<empty>
13771,BLOCK,-1,,<empty>,,,,1,<empty>
13779,BLOCK,-1,,<empty>,,,8,2,<empty>
13812,BLOCK,-1,,<empty>,,,,1,<empty>
13820,BLOCK,-1,,<empty>,,,9,2,<empty>
13849,BLOCK,-1,,<empty>,,,,1,<empty>
13855,BLOCK,-1,,<empty>,,,4,2,<empty>
13859,BLOCK,-1,,<empty>,,,6,3,<empty>
13863,BLOCK,2,,<empty>,,,10,2,<empty>
13885,BLOCK,-1,,<empty>,,,,1,<empty>
13889,BLOCK,2,,<empty>,,,4,2,<empty>
13914,BLOCK,-1,,<empty>,,,,1,<empty>
13922,BLOCK,-1,,<empty>,,,13,2,<empty>
13949,BLOCK,-1,,<empty>,,,,1,<empty>
13959,BLOCK,-1,,<empty>,,,14,2,<empty>
13977,BLOCK,-1,,<empty>,,,,1,<empty>
14020,BLOCK,-1,,<empty>,,,,1,<empty>
14031,BLOCK,1,,<empty>,,,6,1,<empty>
14066,BLOCK,-1,,<empty>,,,17,2,<empty>
14108,BLOCK,-1,,<empty>,,,56,2,<empty>
14123,BLOCK,-1,,<empty>,,,70,2,<empty>
14224,BLOCK,-1,,<empty>,,,,1,<empty>
14246,BLOCK,-1,,<empty>,,,7,2,<empty>
14268,BLOCK,-1,,<empty>,,,10,2,<empty>
14282,BLOCK,-1,,<empty>,,,19,3,<empty>
14295,BLOCK,-1,,<empty>,,,20,2,<empty>
14310,BLOCK,-1,,<empty>,,,31,2,<empty>
14317,BLOCK,-1,,<empty>,,,36,2,<empty>
14339,BLOCK,-1,,<empty>,,,48,3,<empty>
14348,BLOCK,-1,,<empty>,,,55,2,<empty>
14354,BLOCK,1,,<empty>,,,58,1,<empty>
14360,BLOCK,-1,,<empty>,,,60,3,<empty>
14430,BLOCK,-1,,<empty>,,,,1,<empty>
14435,BLOCK,-1,,<empty>,,,3,2,<empty>
14494,BLOCK,-1,,<empty>,,,24,2,<empty>
14534,BLOCK,-1,,<empty>,,,39,3,<empty>
14578,BLOCK,-1,,<empty>,,,,1,<empty>
14583,BLOCK,-1,,<empty>,,,3,2,<empty>
14592,BLOCK,-1,,<empty>,,,9,2,<empty>
14648,BLOCK,-1,,<empty>,,,21,3,<empty>
14704,BLOCK,-1,,<empty>,,,,1,<empty>
14709,BLOCK,-1,,<empty>,,,3,2,<empty>
14720,BLOCK,-1,,<empty>,,,5,2,<empty>
14729,BLOCK,-1,,<empty>,,,11,2,<empty>
14785,BLOCK,-1,,<empty>,,,23,3,<empty>
14788,BLOCK,-1,,<empty>,,,28,3,<empty>
14852,BLOCK,-1,,<empty>,,,,1,<empty>
14863,BLOCK,1,,<empty>,,,6,1,<empty>
14876,BLOCK,-1,,<empty>,,,10,2,<empty>
14919,BLOCK,-1,,<empty>,,,23,2,<empty>
14924,BLOCK,-1,,<empty>,,,25,3,<empty>
14957,BLOCK,-1,,<empty>,,,,1,<empty>
14999,BLOCK,-1,,<empty>,,,,1,<empty>
15010,BLOCK,1,,<empty>,,,6,1,<empty>
15045,BLOCK,-1,,<empty>,,,17,2,<empty>
15076,BLOCK,-1,,<empty>,,,48,2,<empty>
15144,BLOCK,-1,,<empty>,,,,1,<empty>
15149,BLOCK,-1,,<empty>,,,3,2,<empty>
15155,BLOCK,2,,<empty>,,,8,2,<empty>
15201,BLOCK,-1,,<empty>,,,24,2,<empty>
15206,BLOCK,-1,,<empty>,,,28,3,<empty>
15252,BLOCK,-1,,<empty>,,,,1,<empty>
15257,BLOCK,-1,,<empty>,,,3,2,<empty>
15292,BLOCK,-1,,<empty>,,,15,2,<empty>
15316,BLOCK,-1,,<empty>,,,20,2,<empty>
15321,BLOCK,-1,,<empty>,,,24,3,<empty>
15330,BLOCK,-1,,<empty>,,,32,3,<empty>
15352,BLOCK,-1,,<empty>,,,,1,<empty>
15357,BLOCK,-1,,<empty>,,,3,2,<empty>
15366,BLOCK,-1,,<empty>,,,8,2,<empty>
15371,BLOCK,-1,,<empty>,,,12,3,<empty>
15407,BLOCK,-1,,<empty>,,,,1,<empty>
15412,BLOCK,-1,,<empty>,,,3,2,<empty>
15417,BLOCK,2,,<empty>,,,8,2,<empty>
15435,BLOCK,-1,,<empty>,,,17,2,<empty>
15440,BLOCK,-1,,<empty>,,,21,3,<empty>
15457,BLOCK,-1,,<empty>,,,,1,<empty>
15494,BLOCK,-1,,<empty>,,,,1,<empty>
15536,BLOCK,-1,,<empty>,,,,1,<empty>
15552,BLOCK,-1,,<empty>,,,11,2,<empty>
15575,BLOCK,-1,,<empty>,,,16,2,<empty>
15616,BLOCK,-1,,<empty>,,,,1,<empty>
15625,BLOCK,-1,,<empty>,,,,1,<empty>
15669,BLOCK,-1,,<empty>,,,,1,<empty>
15676,BLOCK,-1,,<empty>,,,5,2,<empty>
15683,BLOCK,-1,,<empty>,,,8,2,<empty>
15735,BLOCK,-1,,<empty>,,,,1,<empty>
15746,BLOCK,1,,<empty>,,,6,1,<empty>
15781,BLOCK,-1,,<empty>,,,17,2,<empty>
15807,BLOCK,-1,,<empty>,,,35,2,<empty>
15809,BLOCK,-1,,<empty>,,,37,3,<empty>
15824,BLOCK,-1,,<empty>,,,,1,<empty>
15835,BLOCK,-1,,<empty>,,,7,2,<empty>
15851,BLOCK,-1,,<empty>,,,,1,<empty>
15867,BLOCK,-1,,<empty>,,,7,2,<empty>
15879,BLOCK,-1,,<empty>,,,,1,<empty>
15901,BLOCK,-1,,<empty>,,,,1,<empty>
15907,BLOCK,1,,<empty>,,,7,1,<empty>
15920,BLOCK,1,,<empty>,,,8,1,<empty>
15935,BLOCK,-1,,<empty>,,,,1,<empty>
16011,BLOCK,-1,,<empty>,,,,1,<empty>
16022,BLOCK,1,,<empty>,,,6,1,<empty>
16057,BLOCK,-1,,<empty>,,,17,2,<empty>
16081,BLOCK,-1,,<empty>,,,34,2,<empty>
16088,BLOCK,-1,,<empty>,,,35,2,<empty>
16098,BLOCK,-1,,<empty>,,,40,2,<empty>
16101,BLOCK,-1,,<empty>,,,41,2,<empty>
16108,BLOCK,-1,,<empty>,,,43,2,<empty>
16111,BLOCK,-1,,<empty>,,,45,3,<empty>
16120,BLOCK,-1,,<empty>,,,50,2,<empty>
16123,BLOCK,-1,,<empty>,,,52,3,<empty>
16140,BLOCK,-1,,<empty>,,,57,2,<empty>
16143,BLOCK,-1,,<empty>,,,59,3,<empty>
16151,BLOCK,-1,,<empty>,,,67,3,<empty>
16154,BLOCK,-1,,<empty>,,,70,3,<empty>
16161,BLOCK,-1,,<empty>,,,75,2,<empty>
16166,BLOCK,-1,,<empty>,,,85,3,<empty>
16210,BLOCK,-1,,<empty>,,,,1,<empty>
16225,BLOCK,-1,,<empty>,,,,1,<empty>
16232,BLOCK,-1,,<empty>,,,,1,<empty>
16243,BLOCK,-1,,<empty>,,,,1,<empty>
16258,BLOCK,-1,,<empty>,,,,1,<empty>
16296,BLOCK,-1,,<empty>,,,,1,<empty>
16307,BLOCK,1,,<empty>,,,6,1,<empty>
16340,BLOCK,-1,,<empty>,,,15,2,<empty>
16401,BLOCK,-1,,<empty>,,,,1,<empty>
16410,BLOCK,-1,,<empty>,,,3,2,<empty>
16420,BLOCK,-1,,<empty>,,,4,2,<empty>
16427,BLOCK,-1,,<empty>,,,7,3,<empty>
16453,BLOCK,-1,,<empty>,,,,1,<empty>
16463,BLOCK,-1,,<empty>,,,5,2,<empty>
16468,BLOCK,-1,,<empty>,,,6,2,<empty>
16484,BLOCK,-1,,<empty>,,,17,2,<empty>
16489,BLOCK,-1,,<empty>,,,20,3,<empty>
16524,BLOCK,-1,,<empty>,,,,1,<empty>
16535,BLOCK,1,,<empty>,,,6,1,<empty>
16575,BLOCK,-1,,<empty>,,,17,2,<empty>
16580,BLOCK,-1,,<empty>,,,18,2,<empty>
16595,BLOCK,-1,,<empty>,,,30,2,<empty>
16635,BLOCK,-1,,<empty>,,,,1,<empty>
16644,BLOCK,-1,,<empty>,,,3,2,<empty>
16665,BLOCK,-1,,<empty>,,,,1,<empty>
16674,BLOCK,-1,,<empty>,,,3,2,<empty>
16680,BLOCK,-1,,<empty>,,,4,2,<empty>
16686,BLOCK,-1,,<empty>,,,10,3,<empty>
16702,BLOCK,-1,,<empty>,,,,1,<empty>
16766,BLOCK,-1,,<empty>,,,,1,<empty>
16777,BLOCK,1,,<empty>,,,6,1,<empty>
16814,BLOCK,-1,,<empty>,,,18,2,<empty>
16847,BLOCK,-1,,<empty>,,,41,2,<empty>
16852,BLOCK,-1,,<empty>,,,44,3,<empty>
16862,BLOCK,-1,,<empty>,,,49,2,<empty>
16874,BLOCK,-1,,<empty>,,,52,4,<empty>
16886,BLOCK,-1,,<empty>,,,55,3,<empty>
16898,BLOCK,-1,,<empty>,,,61,2,<empty>
16957,BLOCK,-1,,<empty>,,,,1,<empty>
16968,BLOCK,1,,<empty>,,,6,1,<empty>
16990,BLOCK,-1,,<empty>,,,11,2,<empty>
17075,BLOCK,-1,,<empty>,,,,1,<empty>
17080,BLOCK,-1,,<empty>,,,3,2,<empty>
17087,BLOCK,-1,,<empty>,,,7,2,<empty>
17103,BLOCK,-1,,<empty>,,,14,2,<empty>
17133,BLOCK,-1,,<empty>,,,30,1,<empty>
17136,BLOCK,-1,,<empty>,,,32,2,<empty>
17143,BLOCK,-1,,<empty>,,,37,2,<empty>
17147,BLOCK,-1,,<empty>,,,38,2,<empty>
17160,BLOCK,-1,,<empty>,,,46,3,<empty>
17234,BLOCK,-1,,<empty>,,,,1,<empty>
17239,BLOCK,-1,,<empty>,,,3,2,<empty>
17251,BLOCK,-1,,<empty>,,,11,2,<empty>
17257,BLOCK,-1,,<empty>,,,13,2,<empty>
17273,BLOCK,-1,,<empty>,,,22,2,<empty>
17305,BLOCK,-1,,<empty>,,,38,2,<empty>
17311,BLOCK,-1,,<empty>,,,45,2,<empty>
17390,BLOCK,-1,,<empty>,,,,1,<empty>
17395,BLOCK,-1,,<empty>,,,3,2,<empty>
17402,BLOCK,-1,,<empty>,,,7,2,<empty>
17434,BLOCK,-1,,<empty>,,,14,2,<empty>
17458,BLOCK,-1,,<empty>,,,33,1,<empty>
17461,BLOCK,-1,,<empty>,,,35,2,<empty>
17468,BLOCK,-1,,<empty>,,,40,2,<empty>
17472,BLOCK,-1,,<empty>,,,41,2,<empty>
17485,BLOCK,-1,,<empty>,,,49,3,<empty>
17564,BLOCK,-1,,<empty>,,,,1,<empty>
17569,BLOCK,-1,,<empty>,,,3,2,<empty>
17580,BLOCK,-1,,<empty>,,,9,2,<empty>
17602,BLOCK,-1,,<empty>,,,15,2,<empty>
17623,BLOCK,-1,,<empty>,,,29,1,<empty>
17626,BLOCK,-1,,<empty>,,,31,2,<empty>
17633,BLOCK,-1,,<empty>,,,36,2,<empty>
17637,BLOCK,-1,,<empty>,,,37,2,<empty>
17650,BLOCK,-1,,<empty>,,,45,3,<empty>
17713,BLOCK,-1,,<empty>,,,,1,<empty>
17729,BLOCK,-1,,<empty>,,,11,2,<empty>
17758,BLOCK,-1,,<empty>,,,,1,<empty>
17769,BLOCK,1,,<empty>,,,6,1,<empty>
17791,BLOCK,-1,,<empty>,,,11,2,<empty>
17815,BLOCK,-1,,<empty>,,,,1,<empty>
17898,BLOCK,-1,,<empty>,,,,1,<empty>
17909,BLOCK,1,,<empty>,,,6,1,<empty>
17946,BLOCK,-1,,<empty>,,,18,2,<empty>
17981,BLOCK,-1,,<empty>,,,38,2,<empty>
17991,BLOCK,-1,,<empty>,,,42,2,<empty>
18003,BLOCK,-1,,<empty>,,,53,2,<empty>
18008,BLOCK,-1,,<empty>,,,56,3,<empty>
18018,BLOCK,-1,,<empty>,,,61,2,<empty>
18056,BLOCK,-1,,<empty>,,,67,2,<empty>
18069,BLOCK,-1,,<empty>,,,70,3,<empty>
18081,BLOCK,-1,,<empty>,,,76,2,<empty>
18169,BLOCK,-1,,<empty>,,,,1,<empty>
18174,BLOCK,-1,,<empty>,,,3,2,<empty>
18185,BLOCK,-1,,<empty>,,,8,2,<empty>
18204,BLOCK,-1,,<empty>,,,15,2,<empty>
18206,BLOCK,-1,,<empty>,,,17,1,<empty>
18211,BLOCK,-1,,<empty>,,,19,2,<empty>
18233,BLOCK,-1,,<empty>,,,30,1,<empty>
18243,BLOCK,-1,,<empty>,,,34,2,<empty>
18250,BLOCK,-1,,<empty>,,,41,2,<empty>
18253,BLOCK,-1,,<empty>,,,45,3,<empty>
18260,BLOCK,-1,,<empty>,,,47,2,<empty>
18333,BLOCK,-1,,<empty>,,,,1,<empty>
18338,BLOCK,-1,,<empty>,,,3,2,<empty>
18354,BLOCK,-1,,<empty>,,,12,2,<empty>
18360,BLOCK,-1,,<empty>,,,14,2,<empty>
18391,BLOCK,-1,,<empty>,,,30,2,<empty>
18397,BLOCK,-1,,<empty>,,,37,2,<empty>
18408,BLOCK,-1,,<empty>,,,50,2,<empty>
18411,BLOCK,-1,,<empty>,,,53,3,<empty>
18470,BLOCK,-1,,<empty>,,,,1,<empty>
18475,BLOCK,-1,,<empty>,,,3,2,<empty>
18486,BLOCK,-1,,<empty>,,,8,2,<empty>
18505,BLOCK,-1,,<empty>,,,15,2,<empty>
18507,BLOCK,-1,,<empty>,,,16,1,<empty>
18512,BLOCK,-1,,<empty>,,,18,2,<empty>
18534,BLOCK,-1,,<empty>,,,28,1,<empty>
18544,BLOCK,-1,,<empty>,,,32,2,<empty>
18551,BLOCK,-1,,<empty>,,,39,2,<empty>
18554,BLOCK,-1,,<empty>,,,42,3,<empty>
18611,BLOCK,-1,,<empty>,,,,1,<empty>
18616,BLOCK,-1,,<empty>,,,3,2,<empty>
18627,BLOCK,-1,,<empty>,,,8,2,<empty>
18666,BLOCK,-1,,<empty>,,,17,2,<empty>
18668,BLOCK,-1,,<empty>,,,18,1,<empty>
18673,BLOCK,-1,,<empty>,,,20,2,<empty>
18686,BLOCK,-1,,<empty>,,,30,1,<empty>
18696,BLOCK,-1,,<empty>,,,34,2,<empty>
18703,BLOCK,-1,,<empty>,,,40,2,<empty>
18706,BLOCK,-1,,<empty>,,,43,3,<empty>
18713,BLOCK,-1,,<empty>,,,,1,<empty>
18769,BLOCK,-1,,<empty>,,,,1,<empty>
18780,BLOCK,1,,<empty>,,,6,1,<empty>
18815,BLOCK,-1,,<empty>,,,17,2,<empty>
18844,BLOCK,-1,,<empty>,,,36,2,<empty>
18857,BLOCK,-1,,<empty>,,,40,2,<empty>
18869,BLOCK,-1,,<empty>,,,58,2,<empty>
18929,BLOCK,-1,,<empty>,,,,1,<empty>
18934,BLOCK,-1,,<empty>,,,3,2,<empty>
18985,BLOCK,-1,,<empty>,,,15,2,<empty>
18989,BLOCK,-1,,<empty>,,,20,2,<empty>
18992,BLOCK,-1,,<empty>,,,24,3,<empty>
18997,BLOCK,-1,,<empty>,,,29,3,<empty>
19068,BLOCK,-1,,<empty>,,,,1,<empty>
19073,BLOCK,-1,,<empty>,,,3,2,<empty>
19162,BLOCK,-1,,<empty>,,,23,2,<empty>
19166,BLOCK,-1,,<empty>,,,29,2,<empty>
19171,BLOCK,-1,,<empty>,,,33,3,<empty>
19186,BLOCK,-1,,<empty>,,,40,2,<empty>
19192,BLOCK,-1,,<empty>,,,44,3,<empty>
19197,BLOCK,-1,,<empty>,,,50,2,<empty>
19199,BLOCK,-1,,<empty>,,,53,3,<empty>
19220,BLOCK,-1,,<empty>,,,,1,<empty>
19225,BLOCK,-1,,<empty>,,,3,2,<empty>
19245,BLOCK,-1,,<empty>,,,9,2,<empty>
19248,BLOCK,-1,,<empty>,,,13,3,<empty>
19283,BLOCK,-1,,<empty>,,,,1,<empty>
19288,BLOCK,-1,,<empty>,,,3,2,<empty>
19325,BLOCK,-1,,<empty>,,,14,2,<empty>
19333,BLOCK,-1,,<empty>,,,18,2,<empty>
19336,BLOCK,-1,,<empty>,,,22,3,<empty>
19341,BLOCK,-1,,<empty>,,,27,3,<empty>
19378,BLOCK,-1,,<empty>,,,,1,<empty>
19389,BLOCK,1,,<empty>,,,6,1,<empty>
19416,BLOCK,-1,,<empty>,,,11,2,<empty>
19430,BLOCK,-1,,<empty>,,,19,2,<empty>
19444,BLOCK,-1,,<empty>,,,21,3,<empty>
19462,BLOCK,-1,,<empty>,,,26,3,<empty>
19539,BLOCK,-1,,<empty>,,,,1,<empty>
19550,BLOCK,1,,<empty>,,,6,1,<empty>
19574,BLOCK,-1,,<empty>,,,11,2,<empty>
19582,BLOCK,-1,,<empty>,,,16,2,<empty>
19651,BLOCK,1,,<empty>,,,61,1,<empty>
19657,BLOCK,2,,<empty>,,,61,2,<empty>
19675,BLOCK,-1,,<empty>,,,64,2,<empty>
19717,BLOCK,-1,,<empty>,,,97,3,<empty>
19811,BLOCK,-1,,<empty>,,,,1,<empty>
19822,BLOCK,1,,<empty>,,,6,1,<empty>
19843,BLOCK,-1,,<empty>,,,11,2,<empty>
19855,BLOCK,1,,<empty>,,,15,1,<empty>
19861,BLOCK,2,,<empty>,,,15,2,<empty>
19880,BLOCK,1,,<empty>,,,19,1,<empty>
19886,BLOCK,2,,<empty>,,,19,2,<empty>
19905,BLOCK,1,,<empty>,,,23,1,<empty>
19911,BLOCK,2,,<empty>,,,23,2,<empty>
19930,BLOCK,1,,<empty>,,,27,1,<empty>
19936,BLOCK,2,,<empty>,,,27,2,<empty>
19948,BLOCK,-1,,<empty>,,,30,2,<empty>
20018,BLOCK,-1,,<empty>,,,116,3,<empty>
20028,BLOCK,-1,,<empty>,,,,1,<empty>
20071,BLOCK,-1,,<empty>,,,,1,<empty>
20082,BLOCK,1,,<empty>,,,6,1,<empty>
20119,BLOCK,-1,,<empty>,,,17,2,<empty>
20169,BLOCK,-1,,<empty>,,,,1,<empty>
20177,BLOCK,-1,,<empty>,,,5,2,<empty>
20183,BLOCK,-1,,<empty>,,,6,2,<empty>
20221,BLOCK,-1,,<empty>,,,,1,<empty>
20229,BLOCK,-1,,<empty>,,,5,2,<empty>
20267,BLOCK,-1,,<empty>,,,,1,<empty>
20275,BLOCK,-1,,<empty>,,,5,2,<empty>
20281,BLOCK,-1,,<empty>,,,6,2,<empty>
20305,BLOCK,-1,,<empty>,,,,1,<empty>
20313,BLOCK,-1,,<empty>,,,5,2,<empty>
20322,BLOCK,-1,,<empty>,,,,1,<empty>
20374,BLOCK,-1,,<empty>,,,,1,<empty>
20385,BLOCK,1,,<empty>,,,6,1,<empty>
20420,BLOCK,-1,,<empty>,,,17,2,<empty>
20449,BLOCK,-1,,<empty>,,,36,2,<empty>
20486,BLOCK,-1,,<empty>,,,,1,<empty>
20495,BLOCK,-1,,<empty>,,,4,2,<empty>
20499,BLOCK,-1,,<empty>,,,7,2,<empty>
20513,BLOCK,-1,,<empty>,,,,1,<empty>
20518,BLOCK,-1,,<empty>,,,,1,<empty>
20530,BLOCK,-1,,<empty>,,,,1,<empty>
20539,BLOCK,-1,,<empty>,,,4,2,<empty>
20550,BLOCK,-1,,<empty>,,,8,2,<empty>
20558,BLOCK,-1,,<empty>,,,,1,<empty>
20600,BLOCK,-1,,<empty>,,,,1,<empty>
20611,BLOCK,1,,<empty>,,,6,1,<empty>
20646,BLOCK,-1,,<empty>,,,17,2,<empty>
20677,BLOCK,-1,,<empty>,,,46,2,<empty>
20729,BLOCK,-1,,<empty>,,,,1,<empty>
20742,BLOCK,-1,,<empty>,,,6,2,<empty>
20770,BLOCK,-1,,<empty>,,,,1,<empty>
20781,BLOCK,-1,,<empty>,,,4,2,<empty>
20807,BLOCK,-1,,<empty>,,,,1,<empty>
20820,BLOCK,-1,,<empty>,,,6,2,<empty>
20841,BLOCK,-1,,<empty>,,,,1,<empty>
20854,BLOCK,-1,,<empty>,,,6,2,<empty>
20869,BLOCK,-1,,<empty>,,,,1,<empty>
20925,BLOCK,-1,,<empty>,,,,1,<empty>
20936,BLOCK,1,,<empty>,,,6,1,<empty>
20970,BLOCK,-1,,<empty>,,,16,2,<empty>
21000,BLOCK,-1,,<empty>,,,22,2,<empty>
21031,BLOCK,-1,,<empty>,,,63,2,<empty>
21116,BLOCK,-1,,<empty>,,,,1,<empty>
21121,BLOCK,-1,,<empty>,,,3,2,<empty>
21254,BLOCK,-1,,<empty>,,,,1,<empty>
21259,BLOCK,-1,,<empty>,,,3,2,<empty>
21373,BLOCK,-1,,<empty>,,,,1,<empty>
21378,BLOCK,-1,,<empty>,,,3,2,<empty>
21499,BLOCK,-1,,<empty>,,,,1,<empty>
21504,BLOCK,-1,,<empty>,,,3,2,<empty>
21730,BLOCK,1,,<empty>,,,,1,ANY
21734,BLOCK,1,,<empty>,,,,1,ANY
21739,BLOCK,1,,<empty>,,,,1,ANY
21744,BLOCK,1,,<empty>,,,,1,ANY
21749,BLOCK,1,,<empty>,,,,1,ANY
21754,BLOCK,1,,<empty>,,,,1,ANY
21759,BLOCK,1,,<empty>,,,,1,ANY
21763,BLOCK,1,,<empty>,,,,1,ANY
21767,BLOCK,1,,<empty>,,,,1,ANY
21771,BLOCK,1,,<empty>,,,,1,ANY
21775,BLOCK,1,,<empty>,,,,1,ANY
21779,BLOCK,1,,<empty>,,,,1,ANY
21787,BLOCK,1,,<empty>,,,,1,ANY
21790,BLOCK,1,,<empty>,,,,1,ANY
21793,BLOCK,1,,<empty>,,,,1,ANY
21798,BLOCK,1,,<empty>,,,,1,ANY
21806,BLOCK,1,,<empty>,,,,1,ANY
21811,BLOCK,1,,<empty>,,,,1,ANY
21817,BLOCK,1,,<empty>,,,,1,ANY
21821,BLOCK,1,,<empty>,,,,1,ANY
21825,BLOCK,1,,<empty>,,,,1,ANY
21830,BLOCK,1,,<empty>,,,,1,ANY
21836,BLOCK,1,,<empty>,,,,1,ANY
21840,BLOCK,1,,<empty>,,,,1,ANY
21845,BLOCK,1,,<empty>,,,,1,ANY
21849,BLOCK,1,,<empty>,,,,1,ANY
21853,BLOCK,1,,<empty>,,,,1,ANY
21856,BLOCK,1,,<empty>,,,,1,ANY
21861,BLOCK,1,,<empty>,,,,1,ANY
21866,BLOCK,1,,<empty>,,,,1,ANY
21870,BLOCK,1,,<empty>,,,,1,ANY
21876,BLOCK,1,,<empty>,,,,1,ANY
21882,BLOCK,1,,<empty>,,,,1,ANY
21886,BLOCK,1,,<empty>,,,,1,ANY
21891,BLOCK,1,,<empty>,,,,1,ANY
21897,BLOCK,1,,<empty>,,,,1,ANY
21902,BLOCK,1,,<empty>,,,,1,ANY
21906,BLOCK,1,,<empty>,,,,1,ANY
21911,BLOCK,1,,<empty>,,,,1,ANY
21916,BLOCK,1,,<empty>,,,,1,ANY
21920,BLOCK,1,,<empty>,,,,1,ANY
21924,BLOCK,1,,<empty>,,,,1,ANY
21929,BLOCK,1,,<empty>,,,,1,ANY
21934,BLOCK,1,,<empty>,,,,1,ANY
21940,BLOCK,1,,<empty>,,,,1,ANY
21944,BLOCK,1,,<empty>,,,,1,ANY
21949,BLOCK,1,,<empty>,,,,1,ANY
21954,BLOCK,1,,<empty>,,,,1,ANY
21959,BLOCK,1,,<empty>,,,,1,ANY
21963,BLOCK,1,,<empty>,,,,1,ANY
21968,BLOCK,1,,<empty>,,,,1,ANY
21973,BLOCK,1,,<empty>,,,,1,ANY
21979,BLOCK,1,,<empty>,,,,1,ANY
21985,BLOCK,1,,<empty>,,,,1,ANY
21989,BLOCK,1,,<empty>,,,,1,ANY
21995,BLOCK,1,,<empty>,,,,1,ANY
22001,BLOCK,1,,<empty>,,,,1,ANY
22007,BLOCK,1,,<empty>,,,,1,ANY
22012,BLOCK,1,,<empty>,,,,1,ANY
22019,BLOCK,1,,<empty>,,,,1,ANY
22025,BLOCK,1,,<empty>,,,,1,ANY
22030,BLOCK,1,,<empty>,,,,1,ANY
22035,BLOCK,1,,<empty>,,,,1,ANY
22039,BLOCK,1,,<empty>,,,,1,ANY
22044,BLOCK,1,,<empty>,,,,1,ANY
22049,BLOCK,1,,<empty>,,,,1,ANY
22054,BLOCK,1,,<empty>,,,,1,ANY
22059,BLOCK,1,,<empty>,,,,1,ANY
22064,BLOCK,1,,<empty>,,,,1,ANY
22069,BLOCK,1,,<empty>,,,,1,ANY
22074,BLOCK,1,,<empty>,,,,1,ANY
22079,BLOCK,1,,<empty>,,,,1,ANY
22084,BLOCK,1,,<empty>,,,,1,ANY
22089,BLOCK,1,,<empty>,,,,1,ANY
22094,BLOCK,1,,<empty>,,,,1,ANY
22098,BLOCK,1,,<empty>,,,,1,ANY
22104,BLOCK,1,,<empty>,,,,1,ANY
22110,BLOCK,1,,<empty>,,,,1,ANY
22116,BLOCK,1,,<empty>,,,,1,ANY
22120,BLOCK,1,,<empty>,,,,1,ANY
22124,BLOCK,1,,<empty>,,,,1,ANY
22129,BLOCK,1,,<empty>,,,,1,ANY
22133,BLOCK,1,,<empty>,,,,1,ANY
22138,BLOCK,1,,<empty>,,,,1,ANY
22142,BLOCK,1,,<empty>,,,,1,ANY
22147,BLOCK,1,,<empty>,,,,1,ANY
22153,BLOCK,1,,<empty>,,,,1,ANY
22159,BLOCK,1,,<empty>,,,,1,ANY
22166,BLOCK,1,,<empty>,,,,1,ANY
22171,BLOCK,1,,<empty>,,,,1,ANY
22176,BLOCK,1,,<empty>,,,,1,ANY
22181,BLOCK,1,,<empty>,,,,1,ANY
22187,BLOCK,1,,<empty>,,,,1,ANY
22193,BLOCK,1,,<empty>,,,,1,ANY
22199,BLOCK,1,,<empty>,,,,1,ANY
22204,BLOCK,1,,<empty>,,,,1,ANY
22210,BLOCK,1,,<empty>,,,,1,ANY
22214,BLOCK,1,,<empty>,,,,1,ANY
22221,BLOCK,1,,<empty>,,,,1,ANY
22227,BLOCK,1,,<empty>,,,,1,ANY
22234,BLOCK,1,,<empty>,,,,1,ANY
22241,BLOCK,1,,<empty>,,,,1,ANY
22246,BLOCK,1,,<empty>,,,,1,ANY
22253,BLOCK,1,,<empty>,,,,1,ANY
22260,BLOCK,1,,<empty>,,,,1,ANY
22266,BLOCK,1,,<empty>,,,,1,ANY
22270,BLOCK,1,,<empty>,,,,1,ANY
22275,BLOCK,1,,<empty>,,,,1,ANY
22281,BLOCK,1,,<empty>,,,,1,ANY
22288,BLOCK,1,,<empty>,,,,1,ANY
22293,BLOCK,1,,<empty>,,,,1,ANY
22297,BLOCK,1,,<empty>,,,,1,ANY
22300,BLOCK,1,,<empty>,,,,1,ANY
22305,BLOCK,1,,<empty>,,,,1,ANY
22310,BLOCK,1,,<empty>,,,,1,ANY
22314,BLOCK,1,,<empty>,,,,1,ANY
22317,BLOCK,1,,<empty>,,,,1,ANY
22322,BLOCK,1,,<empty>,,,,1,ANY
22326,BLOCK,1,,<empty>,,,,1,ANY
22331,BLOCK,1,,<empty>,,,,1,ANY
22335,BLOCK,1,,<empty>,,,,1,ANY
22339,BLOCK,1,,<empty>,,,,1,ANY
22343,BLOCK,1,,<empty>,,,,1,ANY
22347,BLOCK,1,,<empty>,,,,1,ANY
22355,BLOCK,1,,<empty>,,,,1,ANY
22362,BLOCK,1,,<empty>,,,,1,ANY
22368,BLOCK,1,,<empty>,,,,1,ANY
22374,BLOCK,1,,<empty>,,,,1,ANY
22377,BLOCK,1,,<empty>,,,,1,ANY
22381,BLOCK,1,,<empty>,,,,1,ANY
22385,BLOCK,1,,<empty>,,,,1,ANY
22389,BLOCK,1,,<empty>,,,,1,ANY
22392,BLOCK,1,,<empty>,,,,1,ANY
22396,BLOCK,1,,<empty>,,,,1,ANY
22399,BLOCK,1,,<empty>,,,,1,ANY
22403,BLOCK,1,,<empty>,,,,1,ANY
22407,BLOCK,1,,<empty>,,,,1,ANY
22411,BLOCK,1,,<empty>,,,,1,ANY
22416,BLOCK,1,,<empty>,,,,1,ANY
22419,BLOCK,1,,<empty>,,,,1,ANY
22423,BLOCK,1,,<empty>,,,,1,ANY
22427,BLOCK,1,,<empty>,,,,1,ANY
22431,BLOCK,1,,<empty>,,,,1,ANY
22435,BLOCK,1,,<empty>,,,,1,ANY
22439,BLOCK,1,,<empty>,,,,1,ANY
22443,BLOCK,1,,<empty>,,,,1,ANY
22448,BLOCK,1,,<empty>,,,,1,ANY
22452,BLOCK,1,,<empty>,,,,1,ANY
22457,BLOCK,1,,<empty>,,,,1,ANY
22461,BLOCK,1,,<empty>,,,,1,ANY
22465,BLOCK,1,,<empty>,,,,1,ANY
22470,BLOCK,1,,<empty>,,,,1,ANY
22475,BLOCK,1,,<empty>,,,,1,ANY
22479,BLOCK,1,,<empty>,,,,1,ANY
22482,BLOCK,1,,<empty>,,,,1,ANY
22486,BLOCK,1,,<empty>,,,,1,ANY
22490,BLOCK,1,,<empty>,,,,1,ANY
22493,BLOCK,1,,<empty>,,,,1,ANY
22497,BLOCK,1,,<empty>,,,,1,ANY
22501,BLOCK,1,,<empty>,,,,1,ANY
22505,BLOCK,1,,<empty>,,,,1,ANY
22509,BLOCK,1,,<empty>,,,,1,ANY
22513,BLOCK,1,,<empty>,,,,1,ANY
22518,BLOCK,1,,<empty>,,,,1,ANY
22522,BLOCK,1,,<empty>,,,,1,ANY
22528,BLOCK,1,,<empty>,,,,1,ANY
22536,BLOCK,1,,<empty>,,,,1,ANY
22541,BLOCK,1,,<empty>,,,,1,ANY
22546,BLOCK,1,,<empty>,,,,1,ANY
22551,BLOCK,1,,<empty>,,,,1,ANY
22555,BLOCK,1,,<empty>,,,,1,ANY
22560,BLOCK,1,,<empty>,,,,1,ANY
22563,BLOCK,1,,<empty>,,,,1,ANY
22568,BLOCK,1,,<empty>,,,,1,ANY
22573,BLOCK,1,,<empty>,,,,1,ANY
22577,BLOCK,1,,<empty>,,,,1,ANY
22581,BLOCK,1,,<empty>,,,,1,ANY
22585,BLOCK,1,,<empty>,,,,1,ANY
22589,BLOCK,1,,<empty>,,,,1,ANY
22593,BLOCK,1,,<empty>,,,,1,ANY
22598,BLOCK,1,,<empty>,,,,1,ANY
22602,BLOCK,1,,<empty>,,,,1,ANY
22606,BLOCK,1,,<empty>,,,,1,ANY
22611,BLOCK,1,,<empty>,,,,1,ANY
22615,BLOCK,1,,<empty>,,,,1,ANY
22619,BLOCK,1,,<empty>,,,,1,ANY
22625,BLOCK,1,,<empty>,,,,1,ANY
22630,BLOCK,1,,<empty>,,,,1,ANY
22635,BLOCK,1,,<empty>,,,,1,ANY
22640,BLOCK,1,,<empty>,,,,1,ANY
22648,BLOCK,1,,<empty>,,,,1,ANY
22653,BLOCK,1,,<empty>,,,,1,ANY
22658,BLOCK,1,,<empty>,,,,1,ANY
22664,BLOCK,1,,<empty>,,,,1,ANY
22668,BLOCK,1,,<empty>,,,,1,ANY
22672,BLOCK,1,,<empty>,,,,1,ANY
22676,BLOCK,1,,<empty>,,,,1,ANY
22680,BLOCK,1,,<empty>,,,,1,ANY
22685,BLOCK,1,,<empty>,,,,1,ANY
22689,BLOCK,1,,<empty>,,,,1,ANY
22694,BLOCK,1,,<empty>,,,,1,ANY
22697,BLOCK,1,,<empty>,,,,1,ANY
22701,BLOCK,1,,<empty>,,,,1,ANY
22707,BLOCK,1,,<empty>,,,,1,ANY
22711,BLOCK,1,,<empty>,,,,1,ANY
22717,BLOCK,1,,<empty>,,,,1,ANY
22721,BLOCK,1,,<empty>,,,,1,ANY
22726,BLOCK,1,,<empty>,,,,1,ANY
22730,BLOCK,1,,<empty>,,,,1,ANY
22733,BLOCK,1,,<empty>,,,,1,ANY
22737,BLOCK,1,,<empty>,,,,1,ANY
22740,BLOCK,1,,<empty>,,,,1,ANY
22743,BLOCK,1,,<empty>,,,,1,ANY
22748,BLOCK,1,,<empty>,,,,1,ANY
22752,BLOCK,1,,<empty>,,,,1,ANY
22755,BLOCK,1,,<empty>,,,,1,ANY
22759,BLOCK,1,,<empty>,,,,1,ANY
22763,BLOCK,1,,<empty>,,,,1,ANY
