9002,JUMP_TARGET,-1,"case ""low""",,283,case,1,<empty>
9006,JUMP_TARGET,-1,"case ""medium""",,286,case,4,<empty>
9010,JUMP_TARGET,-1,"case ""high""",,289,case,7,<empty>
9014,JUMP_TARGET,-1,default,,292,default,10,<empty>
10692,JUMP_TARGET,-1,"case ""low""",,19,case,1,<empty>
10696,JUMP_TARGET,-1,"case ""medium""",,22,case,4,<empty>
10700,JUMP_TARGET,-1,"case ""high""",,25,case,7,<empty>
10704,JUMP_TARGET,-1,default,,28,default,10,<empty>
11438,JUMP_TARGET,-1,"case ""low""",,18,case,1,<empty>
11442,JUMP_TARGET,-1,"case ""medium""",,21,case,4,<empty>
11446,JUMP_TARGET,-1,"case ""high""",,24,case,7,<empty>
11450,JUMP_TARGET,-1,default,,27,default,10,<empty>
11629,JUMP_TARGET,-1,"case ""low""",,18,case,1,<empty>
11633,JUMP_TARGET,-1,"case ""medium""",,21,case,4,<empty>
11637,JUMP_TARGET,-1,"case ""high""",,24,case,7,<empty>
11641,JUMP_TARGET,-1,default,,27,default,10,<empty>
12614,JUMP_TARGET,-1,"case ""low""",,19,case,1,<empty>
12618,JUMP_TARGET,-1,"case ""medium""",,22,case,4,<empty>
12622,JUMP_TARGET,-1,"case ""high""",,25,case,7,<empty>
12626,JUMP_TARGET,-1,default,,28,default,10,<empty>
13704,JUMP_TARGET,-1,"case ""low""",,18,case,1,<empty>
13708,JUMP_TARGET,-1,"case ""medium""",,21,case,4,<empty>
13712,JUMP_TARGET,-1,"case ""high""",,24,case,7,<empty>
13716,JUMP_TARGET,-1,default,,27,default,10,<empty>
14067,JUMP_TARGET,-1,"case ""low""",,18,case,1,<empty>
14071,JUMP_TARGET,-1,"case ""medium""",,21,case,4,<empty>
14075,JUMP_TARGET,-1,"case ""high""",,24,case,7,<empty>
14079,JUMP_TARGET,-1,default,,27,default,10,<empty>
15046,JUMP_TARGET,-1,"case ""low""",,18,case,1,<empty>
15050,JUMP_TARGET,-1,"case ""medium""",,21,case,4,<empty>
15054,JUMP_TARGET,-1,"case ""high""",,24,case,7,<empty>
15058,JUMP_TARGET,-1,default,,27,default,10,<empty>
15782,JUMP_TARGET,-1,"case ""low""",,18,case,1,<empty>
15786,JUMP_TARGET,-1,"case ""medium""",,21,case,4,<empty>
15790,JUMP_TARGET,-1,"case ""high""",,24,case,7,<empty>
15794,JUMP_TARGET,-1,default,,27,default,10,<empty>
16058,JUMP_TARGET,-1,"case ""low""",,18,case,1,<empty>
16062,JUMP_TARGET,-1,"case ""medium""",,21,case,4,<empty>
16066,JUMP_TARGET,-1,"case ""high""",,24,case,7,<empty>
16070,JUMP_TARGET,-1,default,,27,default,10,<empty>
16102,JUMP_TARGET,-1,"case ""low""",,42,case,1,<empty>
16115,JUMP_TARGET,-1,"case ""medium""",,49,case,4,<empty>
16127,JUMP_TARGET,-1,"case ""high""",,56,case,7,<empty>
16147,JUMP_TARGET,-1,default,,63,default,10,<empty>
16341,JUMP_TARGET,-1,"case ""low""",,16,case,1,<empty>
16347,JUMP_TARGET,-1,"case ""medium""",,20,case,5,<empty>
16353,JUMP_TARGET,-1,"case ""high""",,24,case,9,<empty>
16359,JUMP_TARGET,-1,default,,28,default,13,<empty>
16469,JUMP_TARGET,-1,case 1,,7,case,1,<empty>
16473,JUMP_TARGET,-1,case 2,,10,case,4,<empty>
16477,JUMP_TARGET,-1,case 99,,13,case,7,<empty>
16581,JUMP_TARGET,-1,case 1,,19,case,1,<empty>
16585,JUMP_TARGET,-1,case 2,,22,case,4,<empty>
16589,JUMP_TARGET,-1,default,,25,default,7,<empty>
16815,JUMP_TARGET,-1,"case ""low""",,19,case,1,<empty>
16819,JUMP_TARGET,-1,"case ""medium""",,22,case,4,<empty>
16825,JUMP_TARGET,-1,"case ""high""",,26,case,8,<empty>
16829,JUMP_TARGET,-1,default,,29,default,11,<empty>
17088,JUMP_TARGET,-1,case MYSQL,,8,case,1,<empty>
17126,JUMP_TARGET,-1,case SQLITE,,25,case,7,<empty>
17258,JUMP_TARGET,-1,case MYSQL,,14,case,1,<empty>
17287,JUMP_TARGET,-1,case SQLITE,,31,case,8,<empty>
17403,JUMP_TARGET,-1,case MYSQL,,8,case,1,<empty>
17451,JUMP_TARGET,-1,case SQLITE,,25,case,7,<empty>
17581,JUMP_TARGET,-1,case MYSQL,,10,case,1,<empty>
17616,JUMP_TARGET,-1,case SQLITE,,24,case,6,<empty>
17947,JUMP_TARGET,-1,"case ""low""",,19,case,1,<empty>
17951,JUMP_TARGET,-1,"case ""medium""",,22,case,4,<empty>
17957,JUMP_TARGET,-1,"case ""high""",,26,case,8,<empty>
17961,JUMP_TARGET,-1,default,,29,default,11,<empty>
18186,JUMP_TARGET,-1,case MYSQL,,9,case,1,<empty>
18226,JUMP_TARGET,-1,case SQLITE,,26,case,8,<empty>
18361,JUMP_TARGET,-1,case MYSQL,,15,case,1,<empty>
18373,JUMP_TARGET,-1,case SQLITE,,23,case,7,<empty>
18487,JUMP_TARGET,-1,case MYSQL,,9,case,1,<empty>
18527,JUMP_TARGET,-1,case SQLITE,,24,case,8,<empty>
18628,JUMP_TARGET,-1,case MYSQL,,9,case,1,<empty>
18679,JUMP_TARGET,-1,case SQLITE,,26,case,8,<empty>
18816,JUMP_TARGET,-1,"case ""low""",,18,case,1,<empty>
18820,JUMP_TARGET,-1,"case ""medium""",,21,case,4,<empty>
18824,JUMP_TARGET,-1,"case ""high""",,24,case,7,<empty>
18828,JUMP_TARGET,-1,default,,27,default,10,<empty>
19583,JUMP_TARGET,-1,"case ""fi""",,17,case,1,<empty>
19587,JUMP_TARGET,-1,"case ""brute""",,20,case,4,<empty>
19591,JUMP_TARGET,-1,"case ""csrf""",,23,case,7,<empty>
19595,JUMP_TARGET,-1,"case ""exec""",,26,case,10,<empty>
19599,JUMP_TARGET,-1,"case ""sqli""",,29,case,13,<empty>
19603,JUMP_TARGET,-1,"case ""sqli_blind""",,32,case,16,<empty>
19607,JUMP_TARGET,-1,"case ""upload""",,35,case,19,<empty>
19611,JUMP_TARGET,-1,"case ""xss_r""",,38,case,22,<empty>
19615,JUMP_TARGET,-1,"case ""xss_s""",,41,case,25,<empty>
19619,JUMP_TARGET,-1,"case ""weak_id""",,44,case,28,<empty>
19623,JUMP_TARGET,-1,"case ""javascript""",,47,case,31,<empty>
19627,JUMP_TARGET,-1,"case ""authbypass""",,50,case,34,<empty>
19631,JUMP_TARGET,-1,"case ""open_redirect""",,53,case,37,<empty>
19635,JUMP_TARGET,-1,default,,56,default,40,<empty>
19949,JUMP_TARGET,-1,"case ""javascript""",,31,case,1,<empty>
19953,JUMP_TARGET,-1,"case ""fi""",,34,case,4,<empty>
19957,JUMP_TARGET,-1,"case ""brute""",,37,case,7,<empty>
19961,JUMP_TARGET,-1,"case ""csrf""",,40,case,10,<empty>
19965,JUMP_TARGET,-1,"case ""exec""",,43,case,13,<empty>
19969,JUMP_TARGET,-1,"case ""sqli""",,46,case,16,<empty>
19973,JUMP_TARGET,-1,"case ""sqli_blind""",,49,case,19,<empty>
19977,JUMP_TARGET,-1,"case ""upload""",,52,case,22,<empty>
19981,JUMP_TARGET,-1,"case ""xss_r""",,55,case,25,<empty>
19985,JUMP_TARGET,-1,"case ""xss_s""",,58,case,28,<empty>
19989,JUMP_TARGET,-1,"case ""weak_id""",,61,case,31,<empty>
19993,JUMP_TARGET,-1,"case ""authbypass""",,64,case,34,<empty>
19997,JUMP_TARGET,-1,"case ""open_redirect""",,67,case,37,<empty>
20001,JUMP_TARGET,-1,default,,70,default,40,<empty>
20120,JUMP_TARGET,-1,"case ""low""",,18,case,1,<empty>
20124,JUMP_TARGET,-1,"case ""medium""",,21,case,4,<empty>
20128,JUMP_TARGET,-1,"case ""high""",,24,case,7,<empty>
20132,JUMP_TARGET,-1,default,,27,default,10,<empty>
20421,JUMP_TARGET,-1,"case ""low""",,18,case,1,<empty>
20425,JUMP_TARGET,-1,"case ""medium""",,21,case,4,<empty>
20429,JUMP_TARGET,-1,"case ""high""",,24,case,7,<empty>
20433,JUMP_TARGET,-1,default,,27,default,10,<empty>
20500,JUMP_TARGET,-1,"case ""French""",,8,case,1,<empty>
20501,JUMP_TARGET,-1,"case ""English""",,9,case,2,<empty>
20502,JUMP_TARGET,-1,"case ""German""",,10,case,3,<empty>
20503,JUMP_TARGET,-1,"case ""Spanish""",,11,case,4,<empty>
20505,JUMP_TARGET,-1,default,,14,default,6,<empty>
20647,JUMP_TARGET,-1,"case ""low""",,18,case,1,<empty>
20651,JUMP_TARGET,-1,"case ""medium""",,21,case,4,<empty>
20655,JUMP_TARGET,-1,"case ""high""",,24,case,7,<empty>
20659,JUMP_TARGET,-1,default,,27,default,10,<empty>
21001,JUMP_TARGET,-1,"case ""low""",,23,case,1,<empty>
21005,JUMP_TARGET,-1,"case ""medium""",,26,case,4,<empty>
21009,JUMP_TARGET,-1,"case ""high""",,29,case,7,<empty>
21013,JUMP_TARGET,-1,default,,32,default,10,<empty>
