2530,MODIFIER,<empty>,,,FINAL,1
2532,MODIFIER,<empty>,,,PROTECTED,1
2534,MODIFIER,<empty>,,,PROTECTED,1
2536,MODIFIER,<empty>,,,PROTECTED,1
2538,MODIFIER,<empty>,,,PROTECTED,1
2540,MODIFIER,<empty>,,,PROTECTED,1
2542,MODIFIER,<empty>,,,PROTECTED,1
2544,MODIFIER,<empty>,,,PROTECTED,1
2546,MODIFIER,<empty>,,,PROTECTED,1
2548,MODIFIER,<empty>,,,PROTECTED,1
2550,MODIFIER,<empty>,,,PROTECTED,1
2552,MODIFIER,<empty>,,,PRIVATE,1
2553,MODIFIER,<empty>,,,STATIC,2
2555,MODIFIER,<empty>,,,PROTECTED,1
2557,MODIFIER,<empty>,,,PROTECTED,1
2559,MODIFIER,<empty>,,,PROTECTED,1
2561,MODIFIER,<empty>,,,PROTECTED,1
2563,MODIFIER,<empty>,,,PROTECTED,1
2565,MODIFIER,<empty>,,,PROTECTED,1
2567,MODIFIER,<empty>,,,PROTECTED,1
2573,MODIFIER,<empty>,,,STATIC,2
3345,MODIFIER,<empty>,,,VIRTUAL,3
3346,MODIFIER,<empty>,,,PUBLIC,4
3347,MODIFIER,<empty>,,,CONSTRUCTOR,5
3389,MODIFIER,<empty>,,,PROTECTED,4
3435,MODIFIER,<empty>,,,PROTECTED,4
3719,MODIFIER,<empty>,,,PROTECTED,4
3760,MODIFIER,<empty>,,,PROTECTED,4
3770,MODIFIER,<empty>,,,PROTECTED,4
3780,MODIFIER,<empty>,,,PROTECTED,4
3835,MODIFIER,<empty>,,,PROTECTED,5
3886,MODIFIER,<empty>,,,PROTECTED,5
3892,MODIFIER,<empty>,,,PROTECTED,4
3948,MODIFIER,<empty>,,,PROTECTED,4
3985,MODIFIER,<empty>,,,PROTECTED,5
4071,MODIFIER,<empty>,,,PROTECTED,4
4154,MODIFIER,<empty>,,,PROTECTED,5
4160,MODIFIER,<empty>,,,PROTECTED,4
4226,MODIFIER,<empty>,,,PROTECTED,4
4466,MODIFIER,<empty>,,,PROTECTED,5
4705,MODIFIER,<empty>,,,PROTECTED,5
4756,MODIFIER,<empty>,,,PROTECTED,4
4800,MODIFIER,<empty>,,,PROTECTED,4
4852,MODIFIER,<empty>,,,PROTECTED,5
4890,MODIFIER,<empty>,,,PROTECTED,4
4942,MODIFIER,<empty>,,,PROTECTED,5
5000,MODIFIER,<empty>,,,PROTECTED,4
5025,MODIFIER,<empty>,,,PROTECTED,5
5084,MODIFIER,<empty>,,,PROTECTED,4
5392,MODIFIER,<empty>,,,PROTECTED,5
5534,MODIFIER,<empty>,,,PROTECTED,5
5573,MODIFIER,<empty>,,,PROTECTED,4
5596,MODIFIER,<empty>,,,PROTECTED,5
5603,MODIFIER,<empty>,,,PUBLIC,5
5801,MODIFIER,<empty>,,,PROTECTED,5
5850,MODIFIER,<empty>,,,PROTECTED,4
5903,MODIFIER,<empty>,,,PROTECTED,4
5978,MODIFIER,<empty>,,,PROTECTED,4
6060,MODIFIER,<empty>,,,PROTECTED,4
6098,MODIFIER,<empty>,,,PROTECTED,4
6199,MODIFIER,<empty>,,,PROTECTED,4
6382,MODIFIER,<empty>,,,PROTECTED,4
6504,MODIFIER,<empty>,,,PROTECTED,4
6556,MODIFIER,<empty>,,,PROTECTED,4
6619,MODIFIER,<empty>,,,PROTECTED,4
6708,MODIFIER,<empty>,,,PROTECTED,4
6760,MODIFIER,<empty>,,,PROTECTED,4
6770,MODIFIER,<empty>,,,PROTECTED,4
6839,MODIFIER,<empty>,,,PROTECTED,4
6854,MODIFIER,<empty>,,,PROTECTED,4
6869,MODIFIER,<empty>,,,PROTECTED,4
6899,MODIFIER,<empty>,,,PROTECTED,5
6929,MODIFIER,<empty>,,,PROTECTED,5
6956,MODIFIER,<empty>,,,PROTECTED,5
6983,MODIFIER,<empty>,,,PROTECTED,5
7145,MODIFIER,<empty>,,,PROTECTED,4
7202,MODIFIER,<empty>,,,PROTECTED,4
7236,MODIFIER,<empty>,,,PROTECTED,4
7302,MODIFIER,<empty>,,,PROTECTED,5
7303,MODIFIER,<empty>,,,STATIC,6
7394,MODIFIER,<empty>,,,PROTECTED,4
7436,MODIFIER,<empty>,,,PROTECTED,5
7450,MODIFIER,<empty>,,,PROTECTED,4
7451,MODIFIER,<empty>,,,STATIC,5
7472,MODIFIER,<empty>,,,PROTECTED,4
7473,MODIFIER,<empty>,,,STATIC,5
7498,MODIFIER,<empty>,,,STATIC,3
