913,METHOD_PARAMETER_IN,$text,,,BY_VALUE,1,false,24,text,2,ANY
915,METHOD_PARAMETER_IN,this,,Parsedown,BY_SHARING,0,false,24,this,1,Parsedown
924,METHOD_PARAMETER_IN,this,,Parsedown,BY_SHARING,0,false,37,this,1,Parsedown
926,METHOD_PARAMETER_IN,$text,,,BY_VALUE,1,false,37,text,2,ANY
939,METHOD_PARAMETER_IN,this,,Parsedown,BY_SHARING,0,false,59,this,1,Parsedown
941,METHOD_PARAMETER_IN,$breaksEnabled,,,BY_VALUE,1,false,59,breaksEnabled,2,ANY
944,METHOD_PARAMETER_IN,this,,Parsedown,BY_SHARING,0,false,68,this,1,Parsedown
946,METHOD_PARAMETER_IN,$markupEscaped,,,BY_VALUE,1,false,68,markupEscaped,2,ANY
949,METHOD_PARAMETER_IN,this,,Parsedown,BY_SHARING,0,false,77,this,1,Parsedown
951,METHOD_PARAMETER_IN,$urlsLinked,,,BY_VALUE,1,false,77,urlsLinked,2,ANY
954,METHOD_PARAMETER_IN,this,,Parsedown,BY_SHARING,0,false,86,this,1,Parsedown
956,METHOD_PARAMETER_IN,$safeMode,,,BY_VALUE,1,false,86,safeMode,2,ANY
959,METHOD_PARAMETER_IN,this,,Parsedown,BY_SHARING,0,false,95,this,1,Parsedown
961,METHOD_PARAMETER_IN,$strictMode,,,BY_VALUE,1,false,95,strictMode,2,ANY
964,METHOD_PARAMETER_IN,$lines,,,BY_VALUE,1,false,162,lines,2,array
966,METHOD_PARAMETER_IN,this,,Parsedown,BY_SHARING,0,false,162,this,1,Parsedown
973,METHOD_PARAMETER_IN,$lines,,,BY_VALUE,1,false,167,lines,2,array
1020,METHOD_PARAMETER_IN,this,,Parsedown,BY_SHARING,0,false,167,this,1,Parsedown
1105,METHOD_PARAMETER_IN,$Component,,,BY_VALUE,1,false,319,Component,2,array
1115,METHOD_PARAMETER_IN,this,,Parsedown,BY_SHARING,0,false,336,this,1,Parsedown
1117,METHOD_PARAMETER_IN,$Type,,,BY_VALUE,1,false,336,Type,2,ANY
1119,METHOD_PARAMETER_IN,this,,Parsedown,BY_SHARING,0,false,341,this,1,Parsedown
1121,METHOD_PARAMETER_IN,$Type,,,BY_VALUE,1,false,341,Type,2,ANY
1123,METHOD_PARAMETER_IN,$Block,,,BY_VALUE,2,false,349,Block,3,ANY
1127,METHOD_PARAMETER_IN,$Line,,,BY_VALUE,1,false,349,Line,2,ANY
1142,METHOD_PARAMETER_IN,$Line,,,BY_VALUE,1,false,374,Line,2,ANY
1144,METHOD_PARAMETER_IN,$Block,,,BY_VALUE,2,false,374,Block,3,ANY
1155,METHOD_PARAMETER_IN,$Block,,,BY_VALUE,1,false,395,Block,2,ANY
1157,METHOD_PARAMETER_IN,this,,Parsedown,BY_SHARING,0,false,403,this,1,Parsedown
1160,METHOD_PARAMETER_IN,$Line,,,BY_VALUE,1,false,403,Line,2,ANY
1172,METHOD_PARAMETER_IN,$Block,,,BY_VALUE,2,false,428,Block,3,array
1175,METHOD_PARAMETER_IN,$Line,,,BY_VALUE,1,false,428,Line,2,ANY
1182,METHOD_PARAMETER_IN,$Line,,,BY_VALUE,1,false,448,Line,2,ANY
1220,METHOD_PARAMETER_IN,$Block,,,BY_VALUE,2,false,502,Block,3,ANY
1228,METHOD_PARAMETER_IN,$Line,,,BY_VALUE,1,false,502,Line,2,ANY
1241,METHOD_PARAMETER_IN,$Block,,,BY_VALUE,1,false,531,Block,2,ANY
1245,METHOD_PARAMETER_IN,$Line,,,BY_VALUE,1,false,539,Line,2,ANY
1250,METHOD_PARAMETER_IN,this,,Parsedown,BY_SHARING,0,false,539,this,1,Parsedown
1273,METHOD_PARAMETER_IN,$Line,,,BY_VALUE,1,false,574,Line,2,ANY
1330,METHOD_PARAMETER_IN,$CurrentBlock,,,BY_VALUE,2,false,574,CurrentBlock,3,array
1353,METHOD_PARAMETER_IN,$Block,,,BY_VALUE,2,false,643,Block,3,array
1360,METHOD_PARAMETER_IN,$Line,,,BY_VALUE,1,false,643,Line,2,ANY
1399,METHOD_PARAMETER_IN,this,,Parsedown,BY_SHARING,0,false,643,this,1,Parsedown
1424,METHOD_PARAMETER_IN,$Block,,,BY_VALUE,1,false,729,Block,2,array
1434,METHOD_PARAMETER_IN,$Line,,,BY_VALUE,1,false,748,Line,2,ANY
1450,METHOD_PARAMETER_IN,$Block,,,BY_VALUE,2,false,767,Block,3,array
1452,METHOD_PARAMETER_IN,$Line,,,BY_VALUE,1,false,767,Line,2,ANY
1466,METHOD_PARAMETER_IN,$Line,,,BY_VALUE,1,false,792,Line,2,ANY
1478,METHOD_PARAMETER_IN,$Block,,,BY_VALUE,2,false,811,Block,3,array
1482,METHOD_PARAMETER_IN,$Line,,,BY_VALUE,1,false,811,Line,2,ANY
1489,METHOD_PARAMETER_IN,this,,Parsedown,BY_SHARING,0,false,829,this,1,Parsedown
1493,METHOD_PARAMETER_IN,$Line,,,BY_VALUE,1,false,829,Line,2,ANY
1512,METHOD_PARAMETER_IN,$Block,,,BY_VALUE,2,false,857,Block,3,array
1516,METHOD_PARAMETER_IN,$Line,,,BY_VALUE,1,false,857,Line,2,ANY
1519,METHOD_PARAMETER_IN,$Line,,,BY_VALUE,1,false,872,Line,2,ANY
1535,METHOD_PARAMETER_IN,this,,Parsedown,BY_SHARING,0,false,872,this,1,Parsedown
1543,METHOD_PARAMETER_IN,$Block,,,BY_VALUE,2,false,897,Block,3,array
1548,METHOD_PARAMETER_IN,$Line,,,BY_VALUE,1,false,897,Line,2,ANY
1648,METHOD_PARAMETER_IN,$Block,,,BY_VALUE,2,false,1020,Block,3,array
1651,METHOD_PARAMETER_IN,$Line,,,BY_VALUE,1,false,1020,Line,2,ANY
1715,METHOD_PARAMETER_IN,$Line,,,BY_VALUE,1,false,1078,Line,2,ANY
1718,METHOD_PARAMETER_IN,$Block,,,BY_VALUE,2,false,1093,Block,3,array
1721,METHOD_PARAMETER_IN,$Line,,,BY_VALUE,1,false,1093,Line,2,ANY
1724,METHOD_PARAMETER_IN,$text,,,BY_VALUE,1,false,1130,text,2,ANY
1726,METHOD_PARAMETER_IN,$nonNestables,,,BY_VALUE,2,false,1130,nonNestables,3,ANY
1728,METHOD_PARAMETER_IN,this,,Parsedown,BY_SHARING,0,false,1130,this,1,Parsedown
1731,METHOD_PARAMETER_IN,$text,,,BY_VALUE,1,false,1135,text,2,ANY
1739,METHOD_PARAMETER_IN,$nonNestables,,,BY_VALUE,2,false,1135,nonNestables,3,ANY
1747,METHOD_PARAMETER_IN,this,,Parsedown,BY_SHARING,0,false,1135,this,1,Parsedown
1834,METHOD_PARAMETER_IN,$text,,,BY_VALUE,1,false,1239,text,2,ANY
1838,METHOD_PARAMETER_IN,this,,Parsedown,BY_SHARING,0,false,1239,this,1,Parsedown
1853,METHOD_PARAMETER_IN,$Excerpt,,,BY_VALUE,1,false,1258,Excerpt,2,ANY
1879,METHOD_PARAMETER_IN,$Excerpt,,,BY_VALUE,1,false,1277,Excerpt,2,ANY
1903,METHOD_PARAMETER_IN,$Excerpt,,,BY_VALUE,1,false,1307,Excerpt,2,ANY
1910,METHOD_PARAMETER_IN,this,,Parsedown,BY_SHARING,0,false,1307,this,1,Parsedown
1936,METHOD_PARAMETER_IN,$Excerpt,,,BY_VALUE,1,false,1342,Excerpt,2,ANY
1939,METHOD_PARAMETER_IN,this,,Parsedown,BY_SHARING,0,false,1342,this,1,Parsedown
1947,METHOD_PARAMETER_IN,$Excerpt,,,BY_VALUE,1,false,1353,Excerpt,2,ANY
1955,METHOD_PARAMETER_IN,this,,Parsedown,BY_SHARING,0,false,1353,this,1,Parsedown
1998,METHOD_PARAMETER_IN,$Excerpt,,,BY_VALUE,1,false,1388,Excerpt,2,ANY
2032,METHOD_PARAMETER_IN,this,,Parsedown,BY_SHARING,0,false,1388,this,1,Parsedown
2048,METHOD_PARAMETER_IN,this,,Parsedown,BY_SHARING,0,false,1463,this,1,Parsedown
2051,METHOD_PARAMETER_IN,$Excerpt,,,BY_VALUE,1,false,1463,Excerpt,2,ANY
2085,METHOD_PARAMETER_IN,$Excerpt,,,BY_VALUE,1,false,1495,Excerpt,2,ANY
2098,METHOD_PARAMETER_IN,$Excerpt,,,BY_VALUE,1,false,1509,Excerpt,2,ANY
2116,METHOD_PARAMETER_IN,this,,Parsedown,BY_SHARING,0,false,1532,this,1,Parsedown
2118,METHOD_PARAMETER_IN,$Excerpt,,,BY_VALUE,1,false,1532,Excerpt,2,ANY
2145,METHOD_PARAMETER_IN,$Excerpt,,,BY_VALUE,1,false,1560,Excerpt,2,ANY
2167,METHOD_PARAMETER_IN,$text,,,BY_VALUE,1,false,1581,text,2,ANY
2169,METHOD_PARAMETER_IN,this,,Parsedown,BY_SHARING,0,false,1581,this,1,Parsedown
2173,METHOD_PARAMETER_IN,$Element,,,BY_VALUE,1,false,1591,Element,2,array
2197,METHOD_PARAMETER_IN,this,,Parsedown,BY_SHARING,0,false,1591,this,1,Parsedown
2208,METHOD_PARAMETER_IN,this,,Parsedown,BY_SHARING,0,false,1627,this,1,Parsedown
2211,METHOD_PARAMETER_IN,$Element,,,BY_VALUE,1,false,1627,Element,2,array
2216,METHOD_PARAMETER_IN,this,,Parsedown,BY_SHARING,0,false,1632,this,1,Parsedown
2219,METHOD_PARAMETER_IN,$Elements,,,BY_VALUE,1,false,1632,Elements,2,array
2222,METHOD_PARAMETER_IN,$Element,,,BY_VALUE,2,false,1637,Element,3,array
2224,METHOD_PARAMETER_IN,$closure,,,BY_VALUE,1,false,1637,closure,2,ANY
2231,METHOD_PARAMETER_IN,this,,Parsedown,BY_SHARING,0,false,1637,this,1,Parsedown
2239,METHOD_PARAMETER_IN,$Element,,,BY_VALUE,2,false,1653,Element,3,array
2242,METHOD_PARAMETER_IN,$closure,,,BY_VALUE,1,false,1653,closure,2,ANY
2245,METHOD_PARAMETER_IN,this,,Parsedown,BY_SHARING,0,false,1653,this,1,Parsedown
2256,METHOD_PARAMETER_IN,$Elements,,,BY_VALUE,2,false,1669,Elements,3,array
2262,METHOD_PARAMETER_IN,$closure,,,BY_VALUE,1,false,1669,closure,2,ANY
2265,METHOD_PARAMETER_IN,this,,Parsedown,BY_SHARING,0,false,1669,this,1,Parsedown
2268,METHOD_PARAMETER_IN,$Elements,,,BY_VALUE,2,false,1679,Elements,3,array
2274,METHOD_PARAMETER_IN,$closure,,,BY_VALUE,1,false,1679,closure,2,ANY
2277,METHOD_PARAMETER_IN,this,,Parsedown,BY_SHARING,0,false,1679,this,1,Parsedown
2280,METHOD_PARAMETER_IN,this,,Parsedown,BY_SHARING,0,false,1689,this,1,Parsedown
2282,METHOD_PARAMETER_IN,$Element,,,BY_VALUE,1,false,1689,Element,2,array
2358,METHOD_PARAMETER_IN,$Elements,,,BY_VALUE,1,false,1773,Elements,2,array
2376,METHOD_PARAMETER_IN,this,,Parsedown,BY_SHARING,0,false,1773,this,1,Parsedown
2384,METHOD_PARAMETER_IN,$lines,,,BY_VALUE,1,false,1803,lines,2,ANY
2386,METHOD_PARAMETER_IN,this,,Parsedown,BY_SHARING,0,false,1803,this,1,Parsedown
2396,METHOD_PARAMETER_IN,$regexp,,,BY_VALUE,1,false,1825,regexp,1,ANY
2398,METHOD_PARAMETER_IN,$text,,,BY_VALUE,3,false,1825,text,3,ANY
2418,METHOD_PARAMETER_IN,$Elements,,,BY_VALUE,2,false,1825,Elements,2,ANY
2434,METHOD_PARAMETER_IN,$text,,,BY_VALUE,1,false,1854,text,2,ANY
2436,METHOD_PARAMETER_IN,this,,Parsedown,BY_SHARING,0,false,1854,this,1,Parsedown
2446,METHOD_PARAMETER_IN,$Element,,,BY_VALUE,1,false,1861,Element,2,array
2456,METHOD_PARAMETER_IN,this,,Parsedown,BY_SHARING,0,false,1861,this,1,Parsedown
2476,METHOD_PARAMETER_IN,this,,Parsedown,BY_SHARING,0,false,1900,this,1,Parsedown
2482,METHOD_PARAMETER_IN,$Element,,,BY_VALUE,1,false,1900,Element,2,array
2484,METHOD_PARAMETER_IN,$attribute,,,BY_VALUE,2,false,1900,attribute,3,ANY
2495,METHOD_PARAMETER_IN,$text,,,BY_VALUE,1,false,1919,text,1,ANY
2497,METHOD_PARAMETER_IN,$allowQuotes,,,BY_VALUE,2,false,1919,allowQuotes,2,ANY
2501,METHOD_PARAMETER_IN,$needle,,,BY_VALUE,2,false,1924,needle,2,ANY
2504,METHOD_PARAMETER_IN,$string,,,BY_VALUE,1,false,1924,string,1,ANY
2513,METHOD_PARAMETER_IN,$name,,,BY_VALUE,1,false,1938,name,1,ANY
2576,METHOD_PARAMETER_IN,this,,Parsedown,BY_SHARING,0,false,,this,1,Parsedown
3722,METHOD_PARAMETER_IN,this,,Parsedown,BY_SHARING,0,false,319,this,1,Parsedown
3783,METHOD_PARAMETER_IN,this,,Parsedown,BY_SHARING,0,false,349,this,1,Parsedown
3838,METHOD_PARAMETER_IN,this,,Parsedown,BY_SHARING,0,false,374,this,1,Parsedown
3889,METHOD_PARAMETER_IN,this,,Parsedown,BY_SHARING,0,false,395,this,1,Parsedown
3951,METHOD_PARAMETER_IN,this,,Parsedown,BY_SHARING,0,false,428,this,1,Parsedown
3988,METHOD_PARAMETER_IN,this,,Parsedown,BY_SHARING,0,false,448,this,1,Parsedown
4074,METHOD_PARAMETER_IN,this,,Parsedown,BY_SHARING,0,false,502,this,1,Parsedown
4157,METHOD_PARAMETER_IN,this,,Parsedown,BY_SHARING,0,false,531,this,1,Parsedown
4229,METHOD_PARAMETER_IN,this,,Parsedown,BY_SHARING,0,false,574,this,1,Parsedown
4708,METHOD_PARAMETER_IN,this,,Parsedown,BY_SHARING,0,false,729,this,1,Parsedown
4759,METHOD_PARAMETER_IN,this,,Parsedown,BY_SHARING,0,false,748,this,1,Parsedown
4803,METHOD_PARAMETER_IN,this,,Parsedown,BY_SHARING,0,false,767,this,1,Parsedown
4855,METHOD_PARAMETER_IN,this,,Parsedown,BY_SHARING,0,false,792,this,1,Parsedown
4893,METHOD_PARAMETER_IN,this,,Parsedown,BY_SHARING,0,false,811,this,1,Parsedown
5003,METHOD_PARAMETER_IN,this,,Parsedown,BY_SHARING,0,false,857,this,1,Parsedown
5087,METHOD_PARAMETER_IN,this,,Parsedown,BY_SHARING,0,false,897,this,1,Parsedown
5395,METHOD_PARAMETER_IN,this,,Parsedown,BY_SHARING,0,false,1020,this,1,Parsedown
5537,METHOD_PARAMETER_IN,this,,Parsedown,BY_SHARING,0,false,1078,this,1,Parsedown
5576,METHOD_PARAMETER_IN,this,,Parsedown,BY_SHARING,0,false,1093,this,1,Parsedown
5853,METHOD_PARAMETER_IN,this,,Parsedown,BY_SHARING,0,false,1258,this,1,Parsedown
5906,METHOD_PARAMETER_IN,this,,Parsedown,BY_SHARING,0,false,1277,this,1,Parsedown
6507,METHOD_PARAMETER_IN,this,,Parsedown,BY_SHARING,0,false,1495,this,1,Parsedown
6559,METHOD_PARAMETER_IN,this,,Parsedown,BY_SHARING,0,false,1509,this,1,Parsedown
6711,METHOD_PARAMETER_IN,this,,Parsedown,BY_SHARING,0,false,1560,this,1,Parsedown
7553,METHOD_PARAMETER_IN,$pActions,,,BY_VALUE,1,false,84,pActions,1,ANY
7558,METHOD_PARAMETER_IN,$pUsername,,,BY_VALUE,1,false,92,pUsername,1,ANY
7590,METHOD_PARAMETER_IN,$pSecurityLevel,,,BY_VALUE,1,false,158,pSecurityLevel,1,ANY
7608,METHOD_PARAMETER_IN,$pLocale,,,BY_VALUE,1,false,179,pLocale,1,ANY
7619,METHOD_PARAMETER_IN,$pMessage,,,BY_VALUE,1,false,191,pMessage,1,ANY
7781,METHOD_PARAMETER_IN,$pPage,,,BY_VALUE,1,false,220,pPage,1,ANY
7831,METHOD_PARAMETER_IN,$pPage,,,BY_VALUE,1,false,388,pPage,1,ANY
7834,METHOD_PARAMETER_IN,$pPage,,,BY_VALUE,1,false,424,pPage,1,ANY
7837,METHOD_PARAMETER_IN,$text,,,BY_VALUE,2,false,460,text,2,ANY
7839,METHOD_PARAMETER_IN,$pLink,,,BY_VALUE,1,false,460,pLink,1,ANY
7848,METHOD_PARAMETER_IN,$pId,,,BY_VALUE,1,false,470,pId,1,ANY
7854,METHOD_PARAMETER_IN,$pId,,,BY_VALUE,1,false,477,pId,1,ANY
7906,METHOD_PARAMETER_IN,$pLocation,,,BY_VALUE,1,false,546,pLocation,1,ANY
7937,METHOD_PARAMETER_IN,$user_token,,,BY_VALUE,1,false,577,user_token,1,ANY
7939,METHOD_PARAMETER_IN,$session_token,,,BY_VALUE,2,false,577,session_token,2,ANY
7942,METHOD_PARAMETER_IN,$returnURL,,,BY_VALUE,3,false,577,returnURL,3,ANY
9744,METHOD_PARAMETER_IN,$key,,,BY_VALUE,1,false,5,key,1,ANY
9746,METHOD_PARAMETER_IN,$response,,,BY_VALUE,2,false,5,response,2,ANY
9754,METHOD_PARAMETER_IN,$key,,,BY_VALUE,1,false,9,key,1,ANY
9757,METHOD_PARAMETER_IN,$response,,,BY_VALUE,2,false,9,response,2,ANY
9779,METHOD_PARAMETER_IN,$pubKey,,,BY_VALUE,1,false,38,pubKey,1,ANY
21728,METHOD_PARAMETER_IN,p1,,,BY_VALUE,1,false,,p1,1,ANY
21729,METHOD_PARAMETER_IN,p2,,,BY_VALUE,2,false,,p2,2,ANY
21733,METHOD_PARAMETER_IN,p1,,,BY_VALUE,1,false,,p1,1,ANY
21737,METHOD_PARAMETER_IN,p1,,,BY_VALUE,1,false,,p1,1,ANY
21738,METHOD_PARAMETER_IN,p2,,,BY_VALUE,2,false,,p2,2,ANY
21742,METHOD_PARAMETER_IN,p1,,,BY_VALUE,1,false,,p1,1,ANY
21743,METHOD_PARAMETER_IN,p2,,,BY_VALUE,2,false,,p2,2,ANY
21747,METHOD_PARAMETER_IN,p1,,,BY_VALUE,1,false,,p1,1,ANY
21748,METHOD_PARAMETER_IN,p2,,,BY_VALUE,2,false,,p2,2,ANY
21752,METHOD_PARAMETER_IN,p1,,,BY_VALUE,1,false,,p1,1,ANY
21753,METHOD_PARAMETER_IN,p2,,,BY_VALUE,2,false,,p2,2,ANY
21757,METHOD_PARAMETER_IN,p1,,,BY_VALUE,1,false,,p1,1,ANY
21758,METHOD_PARAMETER_IN,p2,,,BY_VALUE,2,false,,p2,2,ANY
21762,METHOD_PARAMETER_IN,p1,,,BY_VALUE,1,false,,p1,1,ANY
21766,METHOD_PARAMETER_IN,p1,,,BY_VALUE,1,false,,p1,1,ANY
21770,METHOD_PARAMETER_IN,p1,,,BY_VALUE,1,false,,p1,1,ANY
21774,METHOD_PARAMETER_IN,p1,,,BY_VALUE,1,false,,p1,1,ANY
21778,METHOD_PARAMETER_IN,p1,,,BY_VALUE,1,false,,p1,1,ANY
21782,METHOD_PARAMETER_IN,p1,,,BY_VALUE,1,false,,p1,1,ANY
21783,METHOD_PARAMETER_IN,p2,,,BY_VALUE,2,false,,p2,2,ANY
21784,METHOD_PARAMETER_IN,p3,,,BY_VALUE,3,false,,p3,3,ANY
21785,METHOD_PARAMETER_IN,p4,,,BY_VALUE,4,false,,p4,4,ANY
21786,METHOD_PARAMETER_IN,p5,,,BY_VALUE,5,false,,p5,5,ANY
21796,METHOD_PARAMETER_IN,p1,,,BY_VALUE,1,false,,p1,1,ANY
21797,METHOD_PARAMETER_IN,p2,,,BY_VALUE,2,false,,p2,2,ANY
21801,METHOD_PARAMETER_IN,p1,,,BY_VALUE,1,false,,p1,1,ANY
21802,METHOD_PARAMETER_IN,p2,,,BY_VALUE,2,false,,p2,2,ANY
21803,METHOD_PARAMETER_IN,p3,,,BY_VALUE,3,false,,p3,3,ANY
21804,METHOD_PARAMETER_IN,p4,,,BY_VALUE,4,false,,p4,4,ANY
21805,METHOD_PARAMETER_IN,p5,,,BY_VALUE,5,false,,p5,5,ANY
21809,METHOD_PARAMETER_IN,p1,,,BY_VALUE,1,false,,p1,1,ANY
21810,METHOD_PARAMETER_IN,p2,,,BY_VALUE,2,false,,p2,2,ANY
21814,METHOD_PARAMETER_IN,p1,,,BY_VALUE,1,false,,p1,1,ANY
21815,METHOD_PARAMETER_IN,p2,,,BY_VALUE,2,false,,p2,2,ANY
21816,METHOD_PARAMETER_IN,p3,,,BY_VALUE,3,false,,p3,3,ANY
21820,METHOD_PARAMETER_IN,p1,,,BY_VALUE,1,false,,p1,1,ANY
21824,METHOD_PARAMETER_IN,p1,,,BY_VALUE,1,false,,p1,1,ANY
21828,METHOD_PARAMETER_IN,p1,,,BY_VALUE,1,false,,p1,1,ANY
21829,METHOD_PARAMETER_IN,p2,,,BY_VALUE,2,false,,p2,2,ANY
21833,METHOD_PARAMETER_IN,p1,,,BY_VALUE,1,false,,p1,1,ANY
21834,METHOD_PARAMETER_IN,p2,,,BY_VALUE,2,false,,p2,2,ANY
21835,METHOD_PARAMETER_IN,p3,,,BY_VALUE,3,false,,p3,3,ANY
21839,METHOD_PARAMETER_IN,p1,,,BY_VALUE,1,false,,p1,1,ANY
21843,METHOD_PARAMETER_IN,p1,,,BY_VALUE,1,false,,p1,1,ANY
21844,METHOD_PARAMETER_IN,p2,,,BY_VALUE,2,false,,p2,2,ANY
21848,METHOD_PARAMETER_IN,p1,,,BY_VALUE,1,false,,p1,1,ANY
21852,METHOD_PARAMETER_IN,p1,,,BY_VALUE,1,false,,p1,1,ANY
21859,METHOD_PARAMETER_IN,p1,,,BY_VALUE,1,false,,p1,1,ANY
21860,METHOD_PARAMETER_IN,p2,,,BY_VALUE,2,false,,p2,2,ANY
21864,METHOD_PARAMETER_IN,p1,,,BY_VALUE,1,false,,p1,1,ANY
21865,METHOD_PARAMETER_IN,p2,,,BY_VALUE,2,false,,p2,2,ANY
21869,METHOD_PARAMETER_IN,p1,,,BY_VALUE,1,false,,p1,1,ANY
21873,METHOD_PARAMETER_IN,p0,,,BY_VALUE,0,false,,p0,0,ANY
21874,METHOD_PARAMETER_IN,p1,,,BY_VALUE,1,false,,p1,1,ANY
21875,METHOD_PARAMETER_IN,p2,,,BY_VALUE,2,false,,p2,2,ANY
21879,METHOD_PARAMETER_IN,p0,,,BY_VALUE,0,false,,p0,0,ANY
21880,METHOD_PARAMETER_IN,p1,,,BY_VALUE,1,false,,p1,1,ANY
21881,METHOD_PARAMETER_IN,p2,,,BY_VALUE,2,false,,p2,2,ANY
21885,METHOD_PARAMETER_IN,p1,,,BY_VALUE,1,false,,p1,1,ANY
21889,METHOD_PARAMETER_IN,p1,,,BY_VALUE,1,false,,p1,1,ANY
21890,METHOD_PARAMETER_IN,p2,,,BY_VALUE,2,false,,p2,2,ANY
21894,METHOD_PARAMETER_IN,p0,,,BY_VALUE,0,false,,p0,0,ANY
21895,METHOD_PARAMETER_IN,p1,,,BY_VALUE,1,false,,p1,1,ANY
21896,METHOD_PARAMETER_IN,p2,,,BY_VALUE,2,false,,p2,2,ANY
21900,METHOD_PARAMETER_IN,p0,,,BY_VALUE,0,false,,p0,0,ANY
21901,METHOD_PARAMETER_IN,p1,,,BY_VALUE,1,false,,p1,1,ANY
21905,METHOD_PARAMETER_IN,p1,,,BY_VALUE,1,false,,p1,1,ANY
21909,METHOD_PARAMETER_IN,p0,,,BY_VALUE,0,false,,p0,0,ANY
21910,METHOD_PARAMETER_IN,p1,,,BY_VALUE,1,false,,p1,1,ANY
21914,METHOD_PARAMETER_IN,p1,,,BY_VALUE,1,false,,p1,1,ANY
21915,METHOD_PARAMETER_IN,p2,,,BY_VALUE,2,false,,p2,2,ANY
21919,METHOD_PARAMETER_IN,p1,,,BY_VALUE,1,false,,p1,1,ANY
21923,METHOD_PARAMETER_IN,p1,,,BY_VALUE,1,false,,p1,1,ANY
21927,METHOD_PARAMETER_IN,p1,,,BY_VALUE,1,false,,p1,1,ANY
21928,METHOD_PARAMETER_IN,p2,,,BY_VALUE,2,false,,p2,2,ANY
21932,METHOD_PARAMETER_IN,p1,,,BY_VALUE,1,false,,p1,1,ANY
21933,METHOD_PARAMETER_IN,p2,,,BY_VALUE,2,false,,p2,2,ANY
21937,METHOD_PARAMETER_IN,p1,,,BY_VALUE,1,false,,p1,1,ANY
21938,METHOD_PARAMETER_IN,p2,,,BY_VALUE,2,false,,p2,2,ANY
21939,METHOD_PARAMETER_IN,p3,,,BY_VALUE,3,false,,p3,3,ANY
21943,METHOD_PARAMETER_IN,p1,,,BY_VALUE,1,false,,p1,1,ANY
21947,METHOD_PARAMETER_IN,p1,,,BY_VALUE,1,false,,p1,1,ANY
21948,METHOD_PARAMETER_IN,p2,,,BY_VALUE,2,false,,p2,2,ANY
21952,METHOD_PARAMETER_IN,p1,,,BY_VALUE,1,false,,p1,1,ANY
21953,METHOD_PARAMETER_IN,p2,,,BY_VALUE,2,false,,p2,2,ANY
21957,METHOD_PARAMETER_IN,p1,,,BY_VALUE,1,false,,p1,1,ANY
21958,METHOD_PARAMETER_IN,p2,,,BY_VALUE,2,false,,p2,2,ANY
21962,METHOD_PARAMETER_IN,p1,,,BY_VALUE,1,false,,p1,1,ANY
21966,METHOD_PARAMETER_IN,p1,,,BY_VALUE,1,false,,p1,1,ANY
21967,METHOD_PARAMETER_IN,p2,,,BY_VALUE,2,false,,p2,2,ANY
21971,METHOD_PARAMETER_IN,p1,,,BY_VALUE,1,false,,p1,1,ANY
21972,METHOD_PARAMETER_IN,p2,,,BY_VALUE,2,false,,p2,2,ANY
21976,METHOD_PARAMETER_IN,p0,,,BY_VALUE,0,false,,p0,0,ANY
21977,METHOD_PARAMETER_IN,p1,,,BY_VALUE,1,false,,p1,1,ANY
21978,METHOD_PARAMETER_IN,p2,,,BY_VALUE,2,false,,p2,2,ANY
21982,METHOD_PARAMETER_IN,p0,,,BY_VALUE,0,false,,p0,0,ANY
21983,METHOD_PARAMETER_IN,p1,,,BY_VALUE,1,false,,p1,1,ANY
21984,METHOD_PARAMETER_IN,p2,,,BY_VALUE,2,false,,p2,2,ANY
21988,METHOD_PARAMETER_IN,p1,,,BY_VALUE,1,false,,p1,1,ANY
21992,METHOD_PARAMETER_IN,p0,,,BY_VALUE,0,false,,p0,0,ANY
21993,METHOD_PARAMETER_IN,p1,,,BY_VALUE,1,false,,p1,1,ANY
21994,METHOD_PARAMETER_IN,p2,,,BY_VALUE,2,false,,p2,2,ANY
21998,METHOD_PARAMETER_IN,p0,,,BY_VALUE,0,false,,p0,0,ANY
21999,METHOD_PARAMETER_IN,p1,,,BY_VALUE,1,false,,p1,1,ANY
22000,METHOD_PARAMETER_IN,p2,,,BY_VALUE,2,false,,p2,2,ANY
22004,METHOD_PARAMETER_IN,p0,,,BY_VALUE,0,false,,p0,0,ANY
22005,METHOD_PARAMETER_IN,p1,,,BY_VALUE,1,false,,p1,1,ANY
22006,METHOD_PARAMETER_IN,p2,,,BY_VALUE,2,false,,p2,2,ANY
22010,METHOD_PARAMETER_IN,p1,,,BY_VALUE,1,false,,p1,1,ANY
22011,METHOD_PARAMETER_IN,p2,,,BY_VALUE,2,false,,p2,2,ANY
22015,METHOD_PARAMETER_IN,p0,,,BY_VALUE,0,false,,p0,0,ANY
22016,METHOD_PARAMETER_IN,p1,,,BY_VALUE,1,false,,p1,1,ANY
22017,METHOD_PARAMETER_IN,p2,,,BY_VALUE,2,false,,p2,2,ANY
22018,METHOD_PARAMETER_IN,p3,,,BY_VALUE,3,false,,p3,3,ANY
22022,METHOD_PARAMETER_IN,p0,,,BY_VALUE,0,false,,p0,0,ANY
22023,METHOD_PARAMETER_IN,p1,,,BY_VALUE,1,false,,p1,1,ANY
22024,METHOD_PARAMETER_IN,p2,,,BY_VALUE,2,false,,p2,2,ANY
22028,METHOD_PARAMETER_IN,p1,,,BY_VALUE,1,false,,p1,1,ANY
22029,METHOD_PARAMETER_IN,p2,,,BY_VALUE,2,false,,p2,2,ANY
22033,METHOD_PARAMETER_IN,p1,,,BY_VALUE,1,false,,p1,1,ANY
22034,METHOD_PARAMETER_IN,p2,,,BY_VALUE,2,false,,p2,2,ANY
22038,METHOD_PARAMETER_IN,p1,,,BY_VALUE,1,false,,p1,1,ANY
22042,METHOD_PARAMETER_IN,p1,,,BY_VALUE,1,false,,p1,1,ANY
22043,METHOD_PARAMETER_IN,p2,,,BY_VALUE,2,false,,p2,2,ANY
22047,METHOD_PARAMETER_IN,p1,,,BY_VALUE,1,false,,p1,1,ANY
22048,METHOD_PARAMETER_IN,p2,,,BY_VALUE,2,false,,p2,2,ANY
22052,METHOD_PARAMETER_IN,p1,,,BY_VALUE,1,false,,p1,1,ANY
22053,METHOD_PARAMETER_IN,p2,,,BY_VALUE,2,false,,p2,2,ANY
22057,METHOD_PARAMETER_IN,p1,,,BY_VALUE,1,false,,p1,1,ANY
22058,METHOD_PARAMETER_IN,p2,,,BY_VALUE,2,false,,p2,2,ANY
22062,METHOD_PARAMETER_IN,p1,,,BY_VALUE,1,false,,p1,1,ANY
22063,METHOD_PARAMETER_IN,p2,,,BY_VALUE,2,false,,p2,2,ANY
22067,METHOD_PARAMETER_IN,p1,,,BY_VALUE,1,false,,p1,1,ANY
22068,METHOD_PARAMETER_IN,p2,,,BY_VALUE,2,false,,p2,2,ANY
22072,METHOD_PARAMETER_IN,p1,,,BY_VALUE,1,false,,p1,1,ANY
22073,METHOD_PARAMETER_IN,p2,,,BY_VALUE,2,false,,p2,2,ANY
22077,METHOD_PARAMETER_IN,p1,,,BY_VALUE,1,false,,p1,1,ANY
22078,METHOD_PARAMETER_IN,p2,,,BY_VALUE,2,false,,p2,2,ANY
22082,METHOD_PARAMETER_IN,p1,,,BY_VALUE,1,false,,p1,1,ANY
22083,METHOD_PARAMETER_IN,p2,,,BY_VALUE,2,false,,p2,2,ANY
22087,METHOD_PARAMETER_IN,p1,,,BY_VALUE,1,false,,p1,1,ANY
22088,METHOD_PARAMETER_IN,p2,,,BY_VALUE,2,false,,p2,2,ANY
22092,METHOD_PARAMETER_IN,p1,,,BY_VALUE,1,false,,p1,1,ANY
22093,METHOD_PARAMETER_IN,p2,,,BY_VALUE,2,false,,p2,2,ANY
22097,METHOD_PARAMETER_IN,p1,,,BY_VALUE,1,false,,p1,1,ANY
22101,METHOD_PARAMETER_IN,p0,,,BY_VALUE,0,false,,p0,0,ANY
22102,METHOD_PARAMETER_IN,p1,,,BY_VALUE,1,false,,p1,1,ANY
22103,METHOD_PARAMETER_IN,p2,,,BY_VALUE,2,false,,p2,2,ANY
22107,METHOD_PARAMETER_IN,p0,,,BY_VALUE,0,false,,p0,0,ANY
22108,METHOD_PARAMETER_IN,p1,,,BY_VALUE,1,false,,p1,1,ANY
22109,METHOD_PARAMETER_IN,p2,,,BY_VALUE,2,false,,p2,2,ANY
22113,METHOD_PARAMETER_IN,p1,,,BY_VALUE,1,false,,p1,1,ANY
22114,METHOD_PARAMETER_IN,p2,,,BY_VALUE,2,false,,p2,2,ANY
22115,METHOD_PARAMETER_IN,p3,,,BY_VALUE,3,false,,p3,3,ANY
22119,METHOD_PARAMETER_IN,p1,,,BY_VALUE,1,false,,p1,1,ANY
22123,METHOD_PARAMETER_IN,p1,,,BY_VALUE,1,false,,p1,1,ANY
22127,METHOD_PARAMETER_IN,p1,,,BY_VALUE,1,false,,p1,1,ANY
22128,METHOD_PARAMETER_IN,p2,,,BY_VALUE,2,false,,p2,2,ANY
22132,METHOD_PARAMETER_IN,p1,,,BY_VALUE,1,false,,p1,1,ANY
22136,METHOD_PARAMETER_IN,p1,,,BY_VALUE,1,false,,p1,1,ANY
22137,METHOD_PARAMETER_IN,p2,,,BY_VALUE,2,false,,p2,2,ANY
22141,METHOD_PARAMETER_IN,p1,,,BY_VALUE,1,false,,p1,1,ANY
22145,METHOD_PARAMETER_IN,p1,,,BY_VALUE,1,false,,p1,1,ANY
22146,METHOD_PARAMETER_IN,p2,,,BY_VALUE,2,false,,p2,2,ANY
22150,METHOD_PARAMETER_IN,p1,,,BY_VALUE,1,false,,p1,1,ANY
22151,METHOD_PARAMETER_IN,p2,,,BY_VALUE,2,false,,p2,2,ANY
22152,METHOD_PARAMETER_IN,p3,,,BY_VALUE,3,false,,p3,3,ANY
22156,METHOD_PARAMETER_IN,p1,,,BY_VALUE,1,false,,p1,1,ANY
22157,METHOD_PARAMETER_IN,p2,,,BY_VALUE,2,false,,p2,2,ANY
22158,METHOD_PARAMETER_IN,p3,,,BY_VALUE,3,false,,p3,3,ANY
22162,METHOD_PARAMETER_IN,p0,,,BY_VALUE,0,false,,p0,0,ANY
22163,METHOD_PARAMETER_IN,p1,,,BY_VALUE,1,false,,p1,1,ANY
22164,METHOD_PARAMETER_IN,p2,,,BY_VALUE,2,false,,p2,2,ANY
22165,METHOD_PARAMETER_IN,p3,,,BY_VALUE,3,false,,p3,3,ANY
22169,METHOD_PARAMETER_IN,p1,,,BY_VALUE,1,false,,p1,1,ANY
22170,METHOD_PARAMETER_IN,p2,,,BY_VALUE,2,false,,p2,2,ANY
22174,METHOD_PARAMETER_IN,p1,,,BY_VALUE,1,false,,p1,1,ANY
22175,METHOD_PARAMETER_IN,p2,,,BY_VALUE,2,false,,p2,2,ANY
22179,METHOD_PARAMETER_IN,p1,,,BY_VALUE,1,false,,p1,1,ANY
22180,METHOD_PARAMETER_IN,p2,,,BY_VALUE,2,false,,p2,2,ANY
22184,METHOD_PARAMETER_IN,p0,,,BY_VALUE,0,false,,p0,0,ANY
22185,METHOD_PARAMETER_IN,p1,,,BY_VALUE,1,false,,p1,1,ANY
22186,METHOD_PARAMETER_IN,p2,,,BY_VALUE,2,false,,p2,2,ANY
22190,METHOD_PARAMETER_IN,p1,,,BY_VALUE,1,false,,p1,1,ANY
22191,METHOD_PARAMETER_IN,p2,,,BY_VALUE,2,false,,p2,2,ANY
22192,METHOD_PARAMETER_IN,p3,,,BY_VALUE,3,false,,p3,3,ANY
22196,METHOD_PARAMETER_IN,p0,,,BY_VALUE,0,false,,p0,0,ANY
22197,METHOD_PARAMETER_IN,p1,,,BY_VALUE,1,false,,p1,1,ANY
22198,METHOD_PARAMETER_IN,p2,,,BY_VALUE,2,false,,p2,2,ANY
22202,METHOD_PARAMETER_IN,p1,,,BY_VALUE,1,false,,p1,1,ANY
22203,METHOD_PARAMETER_IN,p2,,,BY_VALUE,2,false,,p2,2,ANY
22207,METHOD_PARAMETER_IN,p0,,,BY_VALUE,0,false,,p0,0,ANY
22208,METHOD_PARAMETER_IN,p1,,,BY_VALUE,1,false,,p1,1,ANY
22209,METHOD_PARAMETER_IN,p2,,,BY_VALUE,2,false,,p2,2,ANY
22213,METHOD_PARAMETER_IN,p1,,,BY_VALUE,1,false,,p1,1,ANY
22217,METHOD_PARAMETER_IN,p0,,,BY_VALUE,0,false,,p0,0,ANY
22218,METHOD_PARAMETER_IN,p1,,,BY_VALUE,1,false,,p1,1,ANY
22219,METHOD_PARAMETER_IN,p2,,,BY_VALUE,2,false,,p2,2,ANY
22220,METHOD_PARAMETER_IN,p3,,,BY_VALUE,3,false,,p3,3,ANY
22224,METHOD_PARAMETER_IN,p0,,,BY_VALUE,0,false,,p0,0,ANY
22225,METHOD_PARAMETER_IN,p1,,,BY_VALUE,1,false,,p1,1,ANY
22226,METHOD_PARAMETER_IN,p2,,,BY_VALUE,2,false,,p2,2,ANY
22230,METHOD_PARAMETER_IN,p0,,,BY_VALUE,0,false,,p0,0,ANY
22231,METHOD_PARAMETER_IN,p1,,,BY_VALUE,1,false,,p1,1,ANY
22232,METHOD_PARAMETER_IN,p2,,,BY_VALUE,2,false,,p2,2,ANY
22233,METHOD_PARAMETER_IN,p3,,,BY_VALUE,3,false,,p3,3,ANY
22237,METHOD_PARAMETER_IN,p0,,,BY_VALUE,0,false,,p0,0,ANY
22238,METHOD_PARAMETER_IN,p1,,,BY_VALUE,1,false,,p1,1,ANY
22239,METHOD_PARAMETER_IN,p2,,,BY_VALUE,2,false,,p2,2,ANY
22240,METHOD_PARAMETER_IN,p3,,,BY_VALUE,3,false,,p3,3,ANY
22244,METHOD_PARAMETER_IN,p1,,,BY_VALUE,1,false,,p1,1,ANY
22245,METHOD_PARAMETER_IN,p2,,,BY_VALUE,2,false,,p2,2,ANY
22249,METHOD_PARAMETER_IN,p0,,,BY_VALUE,0,false,,p0,0,ANY
22250,METHOD_PARAMETER_IN,p1,,,BY_VALUE,1,false,,p1,1,ANY
22251,METHOD_PARAMETER_IN,p2,,,BY_VALUE,2,false,,p2,2,ANY
22252,METHOD_PARAMETER_IN,p3,,,BY_VALUE,3,false,,p3,3,ANY
22256,METHOD_PARAMETER_IN,p0,,,BY_VALUE,0,false,,p0,0,ANY
22257,METHOD_PARAMETER_IN,p1,,,BY_VALUE,1,false,,p1,1,ANY
22258,METHOD_PARAMETER_IN,p2,,,BY_VALUE,2,false,,p2,2,ANY
22259,METHOD_PARAMETER_IN,p3,,,BY_VALUE,3,false,,p3,3,ANY
22263,METHOD_PARAMETER_IN,p0,,,BY_VALUE,0,false,,p0,0,ANY
22264,METHOD_PARAMETER_IN,p1,,,BY_VALUE,1,false,,p1,1,ANY
22265,METHOD_PARAMETER_IN,p2,,,BY_VALUE,2,false,,p2,2,ANY
22269,METHOD_PARAMETER_IN,p1,,,BY_VALUE,1,false,,p1,1,ANY
22273,METHOD_PARAMETER_IN,p1,,,BY_VALUE,1,false,,p1,1,ANY
22274,METHOD_PARAMETER_IN,p2,,,BY_VALUE,2,false,,p2,2,ANY
22278,METHOD_PARAMETER_IN,p0,,,BY_VALUE,0,false,,p0,0,ANY
22279,METHOD_PARAMETER_IN,p1,,,BY_VALUE,1,false,,p1,1,ANY
22280,METHOD_PARAMETER_IN,p2,,,BY_VALUE,2,false,,p2,2,ANY
22284,METHOD_PARAMETER_IN,p0,,,BY_VALUE,0,false,,p0,0,ANY
22285,METHOD_PARAMETER_IN,p1,,,BY_VALUE,1,false,,p1,1,ANY
22286,METHOD_PARAMETER_IN,p2,,,BY_VALUE,2,false,,p2,2,ANY
22287,METHOD_PARAMETER_IN,p3,,,BY_VALUE,3,false,,p3,3,ANY
22291,METHOD_PARAMETER_IN,p1,,,BY_VALUE,1,false,,p1,1,ANY
22292,METHOD_PARAMETER_IN,p2,,,BY_VALUE,2,false,,p2,2,ANY
22296,METHOD_PARAMETER_IN,p1,,,BY_VALUE,1,false,,p1,1,ANY
22303,METHOD_PARAMETER_IN,p0,,,BY_VALUE,0,false,,p0,0,ANY
22304,METHOD_PARAMETER_IN,p1,,,BY_VALUE,1,false,,p1,1,ANY
22308,METHOD_PARAMETER_IN,p1,,,BY_VALUE,1,false,,p1,1,ANY
22309,METHOD_PARAMETER_IN,p2,,,BY_VALUE,2,false,,p2,2,ANY
22313,METHOD_PARAMETER_IN,p1,,,BY_VALUE,1,false,,p1,1,ANY
22320,METHOD_PARAMETER_IN,p1,,,BY_VALUE,1,false,,p1,1,ANY
22321,METHOD_PARAMETER_IN,p2,,,BY_VALUE,2,false,,p2,2,ANY
22325,METHOD_PARAMETER_IN,p1,,,BY_VALUE,1,false,,p1,1,ANY
22329,METHOD_PARAMETER_IN,p1,,,BY_VALUE,1,false,,p1,1,ANY
22330,METHOD_PARAMETER_IN,p2,,,BY_VALUE,2,false,,p2,2,ANY
22334,METHOD_PARAMETER_IN,p1,,,BY_VALUE,1,false,,p1,1,ANY
22338,METHOD_PARAMETER_IN,p1,,,BY_VALUE,1,false,,p1,1,ANY
22342,METHOD_PARAMETER_IN,p1,,,BY_VALUE,1,false,,p1,1,ANY
22346,METHOD_PARAMETER_IN,p1,,,BY_VALUE,1,false,,p1,1,ANY
22350,METHOD_PARAMETER_IN,p0,,,BY_VALUE,0,false,,p0,0,ANY
22351,METHOD_PARAMETER_IN,p1,,,BY_VALUE,1,false,,p1,1,ANY
22352,METHOD_PARAMETER_IN,p2,,,BY_VALUE,2,false,,p2,2,ANY
22353,METHOD_PARAMETER_IN,p3,,,BY_VALUE,3,false,,p3,3,ANY
22354,METHOD_PARAMETER_IN,p4,,,BY_VALUE,4,false,,p4,4,ANY
22358,METHOD_PARAMETER_IN,p0,,,BY_VALUE,0,false,,p0,0,ANY
22359,METHOD_PARAMETER_IN,p1,,,BY_VALUE,1,false,,p1,1,ANY
22360,METHOD_PARAMETER_IN,p2,,,BY_VALUE,2,false,,p2,2,ANY
22361,METHOD_PARAMETER_IN,p3,,,BY_VALUE,3,false,,p3,3,ANY
22365,METHOD_PARAMETER_IN,p0,,,BY_VALUE,0,false,,p0,0,ANY
22366,METHOD_PARAMETER_IN,p1,,,BY_VALUE,1,false,,p1,1,ANY
22367,METHOD_PARAMETER_IN,p2,,,BY_VALUE,2,false,,p2,2,ANY
22371,METHOD_PARAMETER_IN,p0,,,BY_VALUE,0,false,,p0,0,ANY
22372,METHOD_PARAMETER_IN,p1,,,BY_VALUE,1,false,,p1,1,ANY
22373,METHOD_PARAMETER_IN,p2,,,BY_VALUE,2,false,,p2,2,ANY
22380,METHOD_PARAMETER_IN,p1,,,BY_VALUE,1,false,,p1,1,ANY
22384,METHOD_PARAMETER_IN,p1,,,BY_VALUE,1,false,,p1,1,ANY
22388,METHOD_PARAMETER_IN,p1,,,BY_VALUE,1,false,,p1,1,ANY
22395,METHOD_PARAMETER_IN,p1,,,BY_VALUE,1,false,,p1,1,ANY
22402,METHOD_PARAMETER_IN,p1,,,BY_VALUE,1,false,,p1,1,ANY
22406,METHOD_PARAMETER_IN,p1,,,BY_VALUE,1,false,,p1,1,ANY
22410,METHOD_PARAMETER_IN,p1,,,BY_VALUE,1,false,,p1,1,ANY
22414,METHOD_PARAMETER_IN,p1,,,BY_VALUE,1,false,,p1,1,ANY
22415,METHOD_PARAMETER_IN,p2,,,BY_VALUE,2,false,,p2,2,ANY
22422,METHOD_PARAMETER_IN,p1,,,BY_VALUE,1,false,,p1,1,ANY
22426,METHOD_PARAMETER_IN,p1,,,BY_VALUE,1,false,,p1,1,ANY
22430,METHOD_PARAMETER_IN,p1,,,BY_VALUE,1,false,,p1,1,ANY
22434,METHOD_PARAMETER_IN,p1,,,BY_VALUE,1,false,,p1,1,ANY
22438,METHOD_PARAMETER_IN,p1,,,BY_VALUE,1,false,,p1,1,ANY
22442,METHOD_PARAMETER_IN,p1,,,BY_VALUE,1,false,,p1,1,ANY
22446,METHOD_PARAMETER_IN,p1,,,BY_VALUE,1,false,,p1,1,ANY
22447,METHOD_PARAMETER_IN,p2,,,BY_VALUE,2,false,,p2,2,ANY
22451,METHOD_PARAMETER_IN,p1,,,BY_VALUE,1,false,,p1,1,ANY
22455,METHOD_PARAMETER_IN,p0,,,BY_VALUE,0,false,,p0,0,ANY
22456,METHOD_PARAMETER_IN,p1,,,BY_VALUE,1,false,,p1,1,ANY
22460,METHOD_PARAMETER_IN,p1,,,BY_VALUE,1,false,,p1,1,ANY
22464,METHOD_PARAMETER_IN,p1,,,BY_VALUE,1,false,,p1,1,ANY
22468,METHOD_PARAMETER_IN,p1,,,BY_VALUE,1,false,,p1,1,ANY
22469,METHOD_PARAMETER_IN,p2,,,BY_VALUE,2,false,,p2,2,ANY
22473,METHOD_PARAMETER_IN,p1,,,BY_VALUE,1,false,,p1,1,ANY
22474,METHOD_PARAMETER_IN,p2,,,BY_VALUE,2,false,,p2,2,ANY
22478,METHOD_PARAMETER_IN,p1,,,BY_VALUE,1,false,,p1,1,ANY
22485,METHOD_PARAMETER_IN,p1,,,BY_VALUE,1,false,,p1,1,ANY
22489,METHOD_PARAMETER_IN,p1,,,BY_VALUE,1,false,,p1,1,ANY
22496,METHOD_PARAMETER_IN,p1,,,BY_VALUE,1,false,,p1,1,ANY
22500,METHOD_PARAMETER_IN,p1,,,BY_VALUE,1,false,,p1,1,ANY
22504,METHOD_PARAMETER_IN,p1,,,BY_VALUE,1,false,,p1,1,ANY
22508,METHOD_PARAMETER_IN,p1,,,BY_VALUE,1,false,,p1,1,ANY
22512,METHOD_PARAMETER_IN,p1,,,BY_VALUE,1,false,,p1,1,ANY
22516,METHOD_PARAMETER_IN,p1,,,BY_VALUE,1,false,,p1,1,ANY
22517,METHOD_PARAMETER_IN,p2,,,BY_VALUE,2,false,,p2,2,ANY
22521,METHOD_PARAMETER_IN,p1,,,BY_VALUE,1,false,,p1,1,ANY
22525,METHOD_PARAMETER_IN,p0,,,BY_VALUE,0,false,,p0,0,ANY
22526,METHOD_PARAMETER_IN,p1,,,BY_VALUE,1,false,,p1,1,ANY
22527,METHOD_PARAMETER_IN,p2,,,BY_VALUE,2,false,,p2,2,ANY
22531,METHOD_PARAMETER_IN,p0,,,BY_VALUE,0,false,,p0,0,ANY
22532,METHOD_PARAMETER_IN,p1,,,BY_VALUE,1,false,,p1,1,ANY
22533,METHOD_PARAMETER_IN,p2,,,BY_VALUE,2,false,,p2,2,ANY
22534,METHOD_PARAMETER_IN,p3,,,BY_VALUE,3,false,,p3,3,ANY
22535,METHOD_PARAMETER_IN,p4,,,BY_VALUE,4,false,,p4,4,ANY
22539,METHOD_PARAMETER_IN,p0,,,BY_VALUE,0,false,,p0,0,ANY
22540,METHOD_PARAMETER_IN,p1,,,BY_VALUE,1,false,,p1,1,ANY
22544,METHOD_PARAMETER_IN,p0,,,BY_VALUE,0,false,,p0,0,ANY
22545,METHOD_PARAMETER_IN,p1,,,BY_VALUE,1,false,,p1,1,ANY
22549,METHOD_PARAMETER_IN,p0,,,BY_VALUE,0,false,,p0,0,ANY
22550,METHOD_PARAMETER_IN,p1,,,BY_VALUE,1,false,,p1,1,ANY
22554,METHOD_PARAMETER_IN,p1,,,BY_VALUE,1,false,,p1,1,ANY
22558,METHOD_PARAMETER_IN,p1,,,BY_VALUE,1,false,,p1,1,ANY
22559,METHOD_PARAMETER_IN,p2,,,BY_VALUE,2,false,,p2,2,ANY
22566,METHOD_PARAMETER_IN,p1,,,BY_VALUE,1,false,,p1,1,ANY
22567,METHOD_PARAMETER_IN,p2,,,BY_VALUE,2,false,,p2,2,ANY
22571,METHOD_PARAMETER_IN,p1,,,BY_VALUE,1,false,,p1,1,ANY
22572,METHOD_PARAMETER_IN,p2,,,BY_VALUE,2,false,,p2,2,ANY
22576,METHOD_PARAMETER_IN,p1,,,BY_VALUE,1,false,,p1,1,ANY
22580,METHOD_PARAMETER_IN,p1,,,BY_VALUE,1,false,,p1,1,ANY
22584,METHOD_PARAMETER_IN,p1,,,BY_VALUE,1,false,,p1,1,ANY
22588,METHOD_PARAMETER_IN,p1,,,BY_VALUE,1,false,,p1,1,ANY
22592,METHOD_PARAMETER_IN,p1,,,BY_VALUE,1,false,,p1,1,ANY
22596,METHOD_PARAMETER_IN,p1,,,BY_VALUE,1,false,,p1,1,ANY
22597,METHOD_PARAMETER_IN,p2,,,BY_VALUE,2,false,,p2,2,ANY
22601,METHOD_PARAMETER_IN,p1,,,BY_VALUE,1,false,,p1,1,ANY
22605,METHOD_PARAMETER_IN,p1,,,BY_VALUE,1,false,,p1,1,ANY
22609,METHOD_PARAMETER_IN,p1,,,BY_VALUE,1,false,,p1,1,ANY
22610,METHOD_PARAMETER_IN,p2,,,BY_VALUE,2,false,,p2,2,ANY
22614,METHOD_PARAMETER_IN,p1,,,BY_VALUE,1,false,,p1,1,ANY
22618,METHOD_PARAMETER_IN,p1,,,BY_VALUE,1,false,,p1,1,ANY
22622,METHOD_PARAMETER_IN,p0,,,BY_VALUE,0,false,,p0,0,ANY
22623,METHOD_PARAMETER_IN,p1,,,BY_VALUE,1,false,,p1,1,ANY
22624,METHOD_PARAMETER_IN,p2,,,BY_VALUE,2,false,,p2,2,ANY
22628,METHOD_PARAMETER_IN,p0,,,BY_VALUE,0,false,,p0,0,ANY
22629,METHOD_PARAMETER_IN,p1,,,BY_VALUE,1,false,,p1,1,ANY
22633,METHOD_PARAMETER_IN,p0,,,BY_VALUE,0,false,,p0,0,ANY
22634,METHOD_PARAMETER_IN,p1,,,BY_VALUE,1,false,,p1,1,ANY
22638,METHOD_PARAMETER_IN,p0,,,BY_VALUE,0,false,,p0,0,ANY
22639,METHOD_PARAMETER_IN,p1,,,BY_VALUE,1,false,,p1,1,ANY
22643,METHOD_PARAMETER_IN,p0,,,BY_VALUE,0,false,,p0,0,ANY
22644,METHOD_PARAMETER_IN,p1,,,BY_VALUE,1,false,,p1,1,ANY
22645,METHOD_PARAMETER_IN,p2,,,BY_VALUE,2,false,,p2,2,ANY
22646,METHOD_PARAMETER_IN,p3,,,BY_VALUE,3,false,,p3,3,ANY
22647,METHOD_PARAMETER_IN,p4,,,BY_VALUE,4,false,,p4,4,ANY
22651,METHOD_PARAMETER_IN,p0,,,BY_VALUE,0,false,,p0,0,ANY
22652,METHOD_PARAMETER_IN,p1,,,BY_VALUE,1,false,,p1,1,ANY
22656,METHOD_PARAMETER_IN,p0,,,BY_VALUE,0,false,,p0,0,ANY
22657,METHOD_PARAMETER_IN,p1,,,BY_VALUE,1,false,,p1,1,ANY
22661,METHOD_PARAMETER_IN,p1,,,BY_VALUE,1,false,,p1,1,ANY
22662,METHOD_PARAMETER_IN,p2,,,BY_VALUE,2,false,,p2,2,ANY
22663,METHOD_PARAMETER_IN,p3,,,BY_VALUE,3,false,,p3,3,ANY
22667,METHOD_PARAMETER_IN,p1,,,BY_VALUE,1,false,,p1,1,ANY
22671,METHOD_PARAMETER_IN,p1,,,BY_VALUE,1,false,,p1,1,ANY
22675,METHOD_PARAMETER_IN,p1,,,BY_VALUE,1,false,,p1,1,ANY
22679,METHOD_PARAMETER_IN,p1,,,BY_VALUE,1,false,,p1,1,ANY
22683,METHOD_PARAMETER_IN,p1,,,BY_VALUE,1,false,,p1,1,ANY
22684,METHOD_PARAMETER_IN,p2,,,BY_VALUE,2,false,,p2,2,ANY
22688,METHOD_PARAMETER_IN,p1,,,BY_VALUE,1,false,,p1,1,ANY
22692,METHOD_PARAMETER_IN,p1,,,BY_VALUE,1,false,,p1,1,ANY
22693,METHOD_PARAMETER_IN,p2,,,BY_VALUE,2,false,,p2,2,ANY
22700,METHOD_PARAMETER_IN,p1,,,BY_VALUE,1,false,,p1,1,ANY
22704,METHOD_PARAMETER_IN,p1,,,BY_VALUE,1,false,,p1,1,ANY
22705,METHOD_PARAMETER_IN,p2,,,BY_VALUE,2,false,,p2,2,ANY
22706,METHOD_PARAMETER_IN,p3,,,BY_VALUE,3,false,,p3,3,ANY
22710,METHOD_PARAMETER_IN,p1,,,BY_VALUE,1,false,,p1,1,ANY
22714,METHOD_PARAMETER_IN,p1,,,BY_VALUE,1,false,,p1,1,ANY
22715,METHOD_PARAMETER_IN,p2,,,BY_VALUE,2,false,,p2,2,ANY
22716,METHOD_PARAMETER_IN,p3,,,BY_VALUE,3,false,,p3,3,ANY
22720,METHOD_PARAMETER_IN,p1,,,BY_VALUE,1,false,,p1,1,ANY
22724,METHOD_PARAMETER_IN,p1,,,BY_VALUE,1,false,,p1,1,ANY
22725,METHOD_PARAMETER_IN,p2,,,BY_VALUE,2,false,,p2,2,ANY
22729,METHOD_PARAMETER_IN,p1,,,BY_VALUE,1,false,,p1,1,ANY
22736,METHOD_PARAMETER_IN,p1,,,BY_VALUE,1,false,,p1,1,ANY
22746,METHOD_PARAMETER_IN,p1,,,BY_VALUE,1,false,,p1,1,ANY
22747,METHOD_PARAMETER_IN,p2,,,BY_VALUE,2,false,,p2,2,ANY
22751,METHOD_PARAMETER_IN,p1,,,BY_VALUE,1,false,,p1,1,ANY
22758,METHOD_PARAMETER_IN,p1,,,BY_VALUE,1,false,,p1,1,ANY
22762,METHOD_PARAMETER_IN,p1,,,BY_VALUE,1,false,,p1,1,ANY
