22765,METHOD_PARAMETER_OUT,$text,,BY_VALUE,1,false,24,text,2,ANY
22766,METHOD_PARAMETER_OUT,this,,BY_SHARING,0,false,24,this,1,Parsedown
22767,METHOD_PARAMETER_OUT,this,,BY_SHARING,0,false,37,this,1,Parsedown
22768,METHOD_PARAMETER_OUT,$text,,BY_VALUE,1,false,37,text,2,ANY
22769,METHOD_PARAMETER_OUT,this,,BY_SHARING,0,false,59,this,1,Parsedown
22770,METHOD_PARAMETER_OUT,$breaksEnabled,,BY_VALUE,1,false,59,breaksEnabled,2,ANY
22771,METHOD_PARAMETER_OUT,this,,BY_SHARING,0,false,68,this,1,Parsedown
22772,METHOD_PARAMETER_OUT,$markupEscaped,,BY_VALUE,1,false,68,markupEscaped,2,ANY
22773,METHOD_PARAMETER_OUT,this,,BY_SHARING,0,false,77,this,1,Parsedown
22774,METHOD_PARAMETER_OUT,$urlsLinked,,BY_VALUE,1,false,77,urlsLinked,2,ANY
22775,METHOD_PARAMETER_OUT,this,,BY_SHARING,0,false,86,this,1,Parsedown
22776,METHOD_PARAMETER_OUT,$safeMode,,BY_VALUE,1,false,86,safeMode,2,ANY
22777,METHOD_PARAMETER_OUT,this,,BY_SHARING,0,false,95,this,1,Parsedown
22778,METHOD_PARAMETER_OUT,$strictMode,,BY_VALUE,1,false,95,strictMode,2,ANY
22779,METHOD_PARAMETER_OUT,$lines,,BY_VALUE,1,false,162,lines,2,array
22780,METHOD_PARAMETER_OUT,this,,BY_SHARING,0,false,162,this,1,Parsedown
22781,METHOD_PARAMETER_OUT,$lines,,BY_VALUE,1,false,167,lines,2,array
22782,METHOD_PARAMETER_OUT,this,,BY_SHARING,0,false,167,this,1,Parsedown
22783,METHOD_PARAMETER_OUT,$Component,,BY_VALUE,1,false,319,Component,2,array
22784,METHOD_PARAMETER_OUT,this,,BY_SHARING,0,false,336,this,1,Parsedown
22785,METHOD_PARAMETER_OUT,$Type,,BY_VALUE,1,false,336,Type,2,ANY
22786,METHOD_PARAMETER_OUT,this,,BY_SHARING,0,false,341,this,1,Parsedown
22787,METHOD_PARAMETER_OUT,$Type,,BY_VALUE,1,false,341,Type,2,ANY
22788,METHOD_PARAMETER_OUT,$Block,,BY_VALUE,2,false,349,Block,3,ANY
22789,METHOD_PARAMETER_OUT,$Line,,BY_VALUE,1,false,349,Line,2,ANY
22790,METHOD_PARAMETER_OUT,$Line,,BY_VALUE,1,false,374,Line,2,ANY
22791,METHOD_PARAMETER_OUT,$Block,,BY_VALUE,2,false,374,Block,3,ANY
22792,METHOD_PARAMETER_OUT,$Block,,BY_VALUE,1,false,395,Block,2,ANY
22793,METHOD_PARAMETER_OUT,this,,BY_SHARING,0,false,403,this,1,Parsedown
22794,METHOD_PARAMETER_OUT,$Line,,BY_VALUE,1,false,403,Line,2,ANY
22795,METHOD_PARAMETER_OUT,$Block,,BY_VALUE,2,false,428,Block,3,array
22796,METHOD_PARAMETER_OUT,$Line,,BY_VALUE,1,false,428,Line,2,ANY
22797,METHOD_PARAMETER_OUT,$Line,,BY_VALUE,1,false,448,Line,2,ANY
22798,METHOD_PARAMETER_OUT,$Block,,BY_VALUE,2,false,502,Block,3,ANY
22799,METHOD_PARAMETER_OUT,$Line,,BY_VALUE,1,false,502,Line,2,ANY
22800,METHOD_PARAMETER_OUT,$Block,,BY_VALUE,1,false,531,Block,2,ANY
22801,METHOD_PARAMETER_OUT,$Line,,BY_VALUE,1,false,539,Line,2,ANY
22802,METHOD_PARAMETER_OUT,this,,BY_SHARING,0,false,539,this,1,Parsedown
22803,METHOD_PARAMETER_OUT,$Line,,BY_VALUE,1,false,574,Line,2,ANY
22804,METHOD_PARAMETER_OUT,$CurrentBlock,,BY_VALUE,2,false,574,CurrentBlock,3,array
22805,METHOD_PARAMETER_OUT,$Block,,BY_VALUE,2,false,643,Block,3,array
22806,METHOD_PARAMETER_OUT,$Line,,BY_VALUE,1,false,643,Line,2,ANY
22807,METHOD_PARAMETER_OUT,this,,BY_SHARING,0,false,643,this,1,Parsedown
22808,METHOD_PARAMETER_OUT,$Block,,BY_VALUE,1,false,729,Block,2,array
22809,METHOD_PARAMETER_OUT,$Line,,BY_VALUE,1,false,748,Line,2,ANY
22810,METHOD_PARAMETER_OUT,$Block,,BY_VALUE,2,false,767,Block,3,array
22811,METHOD_PARAMETER_OUT,$Line,,BY_VALUE,1,false,767,Line,2,ANY
22812,METHOD_PARAMETER_OUT,$Line,,BY_VALUE,1,false,792,Line,2,ANY
22813,METHOD_PARAMETER_OUT,$Block,,BY_VALUE,2,false,811,Block,3,array
22814,METHOD_PARAMETER_OUT,$Line,,BY_VALUE,1,false,811,Line,2,ANY
22815,METHOD_PARAMETER_OUT,this,,BY_SHARING,0,false,829,this,1,Parsedown
22816,METHOD_PARAMETER_OUT,$Line,,BY_VALUE,1,false,829,Line,2,ANY
22817,METHOD_PARAMETER_OUT,$Block,,BY_VALUE,2,false,857,Block,3,array
22818,METHOD_PARAMETER_OUT,$Line,,BY_VALUE,1,false,857,Line,2,ANY
22819,METHOD_PARAMETER_OUT,$Line,,BY_VALUE,1,false,872,Line,2,ANY
22820,METHOD_PARAMETER_OUT,this,,BY_SHARING,0,false,872,this,1,Parsedown
22821,METHOD_PARAMETER_OUT,$Block,,BY_VALUE,2,false,897,Block,3,array
22822,METHOD_PARAMETER_OUT,$Line,,BY_VALUE,1,false,897,Line,2,ANY
22823,METHOD_PARAMETER_OUT,$Block,,BY_VALUE,2,false,1020,Block,3,array
22824,METHOD_PARAMETER_OUT,$Line,,BY_VALUE,1,false,1020,Line,2,ANY
22825,METHOD_PARAMETER_OUT,$Line,,BY_VALUE,1,false,1078,Line,2,ANY
22826,METHOD_PARAMETER_OUT,$Block,,BY_VALUE,2,false,1093,Block,3,array
22827,METHOD_PARAMETER_OUT,$Line,,BY_VALUE,1,false,1093,Line,2,ANY
22828,METHOD_PARAMETER_OUT,$text,,BY_VALUE,1,false,1130,text,2,ANY
22829,METHOD_PARAMETER_OUT,$nonNestables,,BY_VALUE,2,false,1130,nonNestables,3,ANY
22830,METHOD_PARAMETER_OUT,this,,BY_SHARING,0,false,1130,this,1,Parsedown
22831,METHOD_PARAMETER_OUT,$text,,BY_VALUE,1,false,1135,text,2,ANY
22832,METHOD_PARAMETER_OUT,$nonNestables,,BY_VALUE,2,false,1135,nonNestables,3,ANY
22833,METHOD_PARAMETER_OUT,this,,BY_SHARING,0,false,1135,this,1,Parsedown
22834,METHOD_PARAMETER_OUT,$text,,BY_VALUE,1,false,1239,text,2,ANY
22835,METHOD_PARAMETER_OUT,this,,BY_SHARING,0,false,1239,this,1,Parsedown
22836,METHOD_PARAMETER_OUT,$Excerpt,,BY_VALUE,1,false,1258,Excerpt,2,ANY
22837,METHOD_PARAMETER_OUT,$Excerpt,,BY_VALUE,1,false,1277,Excerpt,2,ANY
22838,METHOD_PARAMETER_OUT,$Excerpt,,BY_VALUE,1,false,1307,Excerpt,2,ANY
22839,METHOD_PARAMETER_OUT,this,,BY_SHARING,0,false,1307,this,1,Parsedown
22840,METHOD_PARAMETER_OUT,$Excerpt,,BY_VALUE,1,false,1342,Excerpt,2,ANY
22841,METHOD_PARAMETER_OUT,this,,BY_SHARING,0,false,1342,this,1,Parsedown
22842,METHOD_PARAMETER_OUT,$Excerpt,,BY_VALUE,1,false,1353,Excerpt,2,ANY
22843,METHOD_PARAMETER_OUT,this,,BY_SHARING,0,false,1353,this,1,Parsedown
22844,METHOD_PARAMETER_OUT,$Excerpt,,BY_VALUE,1,false,1388,Excerpt,2,ANY
22845,METHOD_PARAMETER_OUT,this,,BY_SHARING,0,false,1388,this,1,Parsedown
22846,METHOD_PARAMETER_OUT,this,,BY_SHARING,0,false,1463,this,1,Parsedown
22847,METHOD_PARAMETER_OUT,$Excerpt,,BY_VALUE,1,false,1463,Excerpt,2,ANY
22848,METHOD_PARAMETER_OUT,$Excerpt,,BY_VALUE,1,false,1495,Excerpt,2,ANY
22849,METHOD_PARAMETER_OUT,$Excerpt,,BY_VALUE,1,false,1509,Excerpt,2,ANY
22850,METHOD_PARAMETER_OUT,this,,BY_SHARING,0,false,1532,this,1,Parsedown
22851,METHOD_PARAMETER_OUT,$Excerpt,,BY_VALUE,1,false,1532,Excerpt,2,ANY
22852,METHOD_PARAMETER_OUT,$Excerpt,,BY_VALUE,1,false,1560,Excerpt,2,ANY
22853,METHOD_PARAMETER_OUT,$text,,BY_VALUE,1,false,1581,text,2,ANY
22854,METHOD_PARAMETER_OUT,this,,BY_SHARING,0,false,1581,this,1,Parsedown
22855,METHOD_PARAMETER_OUT,$Element,,BY_VALUE,1,false,1591,Element,2,array
22856,METHOD_PARAMETER_OUT,this,,BY_SHARING,0,false,1591,this,1,Parsedown
22857,METHOD_PARAMETER_OUT,this,,BY_SHARING,0,false,1627,this,1,Parsedown
22858,METHOD_PARAMETER_OUT,$Element,,BY_VALUE,1,false,1627,Element,2,array
22859,METHOD_PARAMETER_OUT,this,,BY_SHARING,0,false,1632,this,1,Parsedown
22860,METHOD_PARAMETER_OUT,$Elements,,BY_VALUE,1,false,1632,Elements,2,array
22861,METHOD_PARAMETER_OUT,$Element,,BY_VALUE,2,false,1637,Element,3,array
22862,METHOD_PARAMETER_OUT,$closure,,BY_VALUE,1,false,1637,closure,2,ANY
22863,METHOD_PARAMETER_OUT,this,,BY_SHARING,0,false,1637,this,1,Parsedown
22864,METHOD_PARAMETER_OUT,$Element,,BY_VALUE,2,false,1653,Element,3,array
22865,METHOD_PARAMETER_OUT,$closure,,BY_VALUE,1,false,1653,closure,2,ANY
22866,METHOD_PARAMETER_OUT,this,,BY_SHARING,0,false,1653,this,1,Parsedown
22867,METHOD_PARAMETER_OUT,$Elements,,BY_VALUE,2,false,1669,Elements,3,array
22868,METHOD_PARAMETER_OUT,$closure,,BY_VALUE,1,false,1669,closure,2,ANY
22869,METHOD_PARAMETER_OUT,this,,BY_SHARING,0,false,1669,this,1,Parsedown
22870,METHOD_PARAMETER_OUT,$Elements,,BY_VALUE,2,false,1679,Elements,3,array
22871,METHOD_PARAMETER_OUT,$closure,,BY_VALUE,1,false,1679,closure,2,ANY
22872,METHOD_PARAMETER_OUT,this,,BY_SHARING,0,false,1679,this,1,Parsedown
22873,METHOD_PARAMETER_OUT,this,,BY_SHARING,0,false,1689,this,1,Parsedown
22874,METHOD_PARAMETER_OUT,$Element,,BY_VALUE,1,false,1689,Element,2,array
22875,METHOD_PARAMETER_OUT,$Elements,,BY_VALUE,1,false,1773,Elements,2,array
22876,METHOD_PARAMETER_OUT,this,,BY_SHARING,0,false,1773,this,1,Parsedown
22877,METHOD_PARAMETER_OUT,$lines,,BY_VALUE,1,false,1803,lines,2,ANY
22878,METHOD_PARAMETER_OUT,this,,BY_SHARING,0,false,1803,this,1,Parsedown
22879,METHOD_PARAMETER_OUT,$regexp,,BY_VALUE,1,false,1825,regexp,1,ANY
22880,METHOD_PARAMETER_OUT,$text,,BY_VALUE,3,false,1825,text,3,ANY
22881,METHOD_PARAMETER_OUT,$Elements,,BY_VALUE,2,false,1825,Elements,2,ANY
22882,METHOD_PARAMETER_OUT,$text,,BY_VALUE,1,false,1854,text,2,ANY
22883,METHOD_PARAMETER_OUT,this,,BY_SHARING,0,false,1854,this,1,Parsedown
22884,METHOD_PARAMETER_OUT,$Element,,BY_VALUE,1,false,1861,Element,2,array
22885,METHOD_PARAMETER_OUT,this,,BY_SHARING,0,false,1861,this,1,Parsedown
22886,METHOD_PARAMETER_OUT,this,,BY_SHARING,0,false,1900,this,1,Parsedown
22887,METHOD_PARAMETER_OUT,$Element,,BY_VALUE,1,false,1900,Element,2,array
22888,METHOD_PARAMETER_OUT,$attribute,,BY_VALUE,2,false,1900,attribute,3,ANY
22889,METHOD_PARAMETER_OUT,$text,,BY_VALUE,1,false,1919,text,1,ANY
22890,METHOD_PARAMETER_OUT,$allowQuotes,,BY_VALUE,2,false,1919,allowQuotes,2,ANY
22891,METHOD_PARAMETER_OUT,$needle,,BY_VALUE,2,false,1924,needle,2,ANY
22892,METHOD_PARAMETER_OUT,$string,,BY_VALUE,1,false,1924,string,1,ANY
22893,METHOD_PARAMETER_OUT,$name,,BY_VALUE,1,false,1938,name,1,ANY
22894,METHOD_PARAMETER_OUT,this,,BY_SHARING,0,false,,this,1,Parsedown
22895,METHOD_PARAMETER_OUT,this,,BY_SHARING,0,false,319,this,1,Parsedown
22896,METHOD_PARAMETER_OUT,this,,BY_SHARING,0,false,349,this,1,Parsedown
22897,METHOD_PARAMETER_OUT,this,,BY_SHARING,0,false,374,this,1,Parsedown
22898,METHOD_PARAMETER_OUT,this,,BY_SHARING,0,false,395,this,1,Parsedown
22899,METHOD_PARAMETER_OUT,this,,BY_SHARING,0,false,428,this,1,Parsedown
22900,METHOD_PARAMETER_OUT,this,,BY_SHARING,0,false,448,this,1,Parsedown
22901,METHOD_PARAMETER_OUT,this,,BY_SHARING,0,false,502,this,1,Parsedown
22902,METHOD_PARAMETER_OUT,this,,BY_SHARING,0,false,531,this,1,Parsedown
22903,METHOD_PARAMETER_OUT,this,,BY_SHARING,0,false,574,this,1,Parsedown
22904,METHOD_PARAMETER_OUT,this,,BY_SHARING,0,false,729,this,1,Parsedown
22905,METHOD_PARAMETER_OUT,this,,BY_SHARING,0,false,748,this,1,Parsedown
22906,METHOD_PARAMETER_OUT,this,,BY_SHARING,0,false,767,this,1,Parsedown
22907,METHOD_PARAMETER_OUT,this,,BY_SHARING,0,false,792,this,1,Parsedown
22908,METHOD_PARAMETER_OUT,this,,BY_SHARING,0,false,811,this,1,Parsedown
22909,METHOD_PARAMETER_OUT,this,,BY_SHARING,0,false,857,this,1,Parsedown
22910,METHOD_PARAMETER_OUT,this,,BY_SHARING,0,false,897,this,1,Parsedown
22911,METHOD_PARAMETER_OUT,this,,BY_SHARING,0,false,1020,this,1,Parsedown
22912,METHOD_PARAMETER_OUT,this,,BY_SHARING,0,false,1078,this,1,Parsedown
22913,METHOD_PARAMETER_OUT,this,,BY_SHARING,0,false,1093,this,1,Parsedown
22914,METHOD_PARAMETER_OUT,this,,BY_SHARING,0,false,1258,this,1,Parsedown
22915,METHOD_PARAMETER_OUT,this,,BY_SHARING,0,false,1277,this,1,Parsedown
22916,METHOD_PARAMETER_OUT,this,,BY_SHARING,0,false,1495,this,1,Parsedown
22917,METHOD_PARAMETER_OUT,this,,BY_SHARING,0,false,1509,this,1,Parsedown
22918,METHOD_PARAMETER_OUT,this,,BY_SHARING,0,false,1560,this,1,Parsedown
22919,METHOD_PARAMETER_OUT,$pActions,,BY_VALUE,1,false,84,pActions,1,ANY
22920,METHOD_PARAMETER_OUT,$pUsername,,BY_VALUE,1,false,92,pUsername,1,ANY
22921,METHOD_PARAMETER_OUT,$pSecurityLevel,,BY_VALUE,1,false,158,pSecurityLevel,1,ANY
22922,METHOD_PARAMETER_OUT,$pLocale,,BY_VALUE,1,false,179,pLocale,1,ANY
22923,METHOD_PARAMETER_OUT,$pMessage,,BY_VALUE,1,false,191,pMessage,1,ANY
22924,METHOD_PARAMETER_OUT,$pPage,,BY_VALUE,1,false,220,pPage,1,ANY
22925,METHOD_PARAMETER_OUT,$pPage,,BY_VALUE,1,false,388,pPage,1,ANY
22926,METHOD_PARAMETER_OUT,$pPage,,BY_VALUE,1,false,424,pPage,1,ANY
22927,METHOD_PARAMETER_OUT,$text,,BY_VALUE,2,false,460,text,2,ANY
22928,METHOD_PARAMETER_OUT,$pLink,,BY_VALUE,1,false,460,pLink,1,ANY
22929,METHOD_PARAMETER_OUT,$pId,,BY_VALUE,1,false,470,pId,1,ANY
22930,METHOD_PARAMETER_OUT,$pId,,BY_VALUE,1,false,477,pId,1,ANY
22931,METHOD_PARAMETER_OUT,$pLocation,,BY_VALUE,1,false,546,pLocation,1,ANY
22932,METHOD_PARAMETER_OUT,$user_token,,BY_VALUE,1,false,577,user_token,1,ANY
22933,METHOD_PARAMETER_OUT,$session_token,,BY_VALUE,2,false,577,session_token,2,ANY
22934,METHOD_PARAMETER_OUT,$returnURL,,BY_VALUE,3,false,577,returnURL,3,ANY
22935,METHOD_PARAMETER_OUT,$key,,BY_VALUE,1,false,5,key,1,ANY
22936,METHOD_PARAMETER_OUT,$response,,BY_VALUE,2,false,5,response,2,ANY
22937,METHOD_PARAMETER_OUT,$key,,BY_VALUE,1,false,9,key,1,ANY
22938,METHOD_PARAMETER_OUT,$response,,BY_VALUE,2,false,9,response,2,ANY
22939,METHOD_PARAMETER_OUT,$pubKey,,BY_VALUE,1,false,38,pubKey,1,ANY
22940,METHOD_PARAMETER_OUT,p1,,BY_VALUE,1,false,,p1,1,ANY
22941,METHOD_PARAMETER_OUT,p2,,BY_VALUE,2,false,,p2,2,ANY
22942,METHOD_PARAMETER_OUT,p1,,BY_VALUE,1,false,,p1,1,ANY
22943,METHOD_PARAMETER_OUT,p1,,BY_VALUE,1,false,,p1,1,ANY
22944,METHOD_PARAMETER_OUT,p2,,BY_VALUE,2,false,,p2,2,ANY
22945,METHOD_PARAMETER_OUT,p1,,BY_VALUE,1,false,,p1,1,ANY
22946,METHOD_PARAMETER_OUT,p2,,BY_VALUE,2,false,,p2,2,ANY
22947,METHOD_PARAMETER_OUT,p1,,BY_VALUE,1,false,,p1,1,ANY
22948,METHOD_PARAMETER_OUT,p2,,BY_VALUE,2,false,,p2,2,ANY
22949,METHOD_PARAMETER_OUT,p1,,BY_VALUE,1,false,,p1,1,ANY
22950,METHOD_PARAMETER_OUT,p2,,BY_VALUE,2,false,,p2,2,ANY
22951,METHOD_PARAMETER_OUT,p1,,BY_VALUE,1,false,,p1,1,ANY
22952,METHOD_PARAMETER_OUT,p2,,BY_VALUE,2,false,,p2,2,ANY
22953,METHOD_PARAMETER_OUT,p1,,BY_VALUE,1,false,,p1,1,ANY
22954,METHOD_PARAMETER_OUT,p1,,BY_VALUE,1,false,,p1,1,ANY
22955,METHOD_PARAMETER_OUT,p1,,BY_VALUE,1,false,,p1,1,ANY
22956,METHOD_PARAMETER_OUT,p1,,BY_VALUE,1,false,,p1,1,ANY
22957,METHOD_PARAMETER_OUT,p1,,BY_VALUE,1,false,,p1,1,ANY
22958,METHOD_PARAMETER_OUT,p1,,BY_VALUE,1,false,,p1,1,ANY
22959,METHOD_PARAMETER_OUT,p2,,BY_VALUE,2,false,,p2,2,ANY
22960,METHOD_PARAMETER_OUT,p3,,BY_VALUE,3,false,,p3,3,ANY
22961,METHOD_PARAMETER_OUT,p4,,BY_VALUE,4,false,,p4,4,ANY
22962,METHOD_PARAMETER_OUT,p5,,BY_VALUE,5,false,,p5,5,ANY
22963,METHOD_PARAMETER_OUT,p1,,BY_VALUE,1,false,,p1,1,ANY
22964,METHOD_PARAMETER_OUT,p2,,BY_VALUE,2,false,,p2,2,ANY
22965,METHOD_PARAMETER_OUT,p1,,BY_VALUE,1,false,,p1,1,ANY
22966,METHOD_PARAMETER_OUT,p2,,BY_VALUE,2,false,,p2,2,ANY
22967,METHOD_PARAMETER_OUT,p3,,BY_VALUE,3,false,,p3,3,ANY
22968,METHOD_PARAMETER_OUT,p4,,BY_VALUE,4,false,,p4,4,ANY
22969,METHOD_PARAMETER_OUT,p5,,BY_VALUE,5,false,,p5,5,ANY
22970,METHOD_PARAMETER_OUT,p1,,BY_VALUE,1,false,,p1,1,ANY
22971,METHOD_PARAMETER_OUT,p2,,BY_VALUE,2,false,,p2,2,ANY
22972,METHOD_PARAMETER_OUT,p1,,BY_VALUE,1,false,,p1,1,ANY
22973,METHOD_PARAMETER_OUT,p2,,BY_VALUE,2,false,,p2,2,ANY
22974,METHOD_PARAMETER_OUT,p3,,BY_VALUE,3,false,,p3,3,ANY
22975,METHOD_PARAMETER_OUT,p1,,BY_VALUE,1,false,,p1,1,ANY
22976,METHOD_PARAMETER_OUT,p1,,BY_VALUE,1,false,,p1,1,ANY
22977,METHOD_PARAMETER_OUT,p1,,BY_VALUE,1,false,,p1,1,ANY
22978,METHOD_PARAMETER_OUT,p2,,BY_VALUE,2,false,,p2,2,ANY
22979,METHOD_PARAMETER_OUT,p1,,BY_VALUE,1,false,,p1,1,ANY
22980,METHOD_PARAMETER_OUT,p2,,BY_VALUE,2,false,,p2,2,ANY
22981,METHOD_PARAMETER_OUT,p3,,BY_VALUE,3,false,,p3,3,ANY
22982,METHOD_PARAMETER_OUT,p1,,BY_VALUE,1,false,,p1,1,ANY
22983,METHOD_PARAMETER_OUT,p1,,BY_VALUE,1,false,,p1,1,ANY
22984,METHOD_PARAMETER_OUT,p2,,BY_VALUE,2,false,,p2,2,ANY
22985,METHOD_PARAMETER_OUT,p1,,BY_VALUE,1,false,,p1,1,ANY
22986,METHOD_PARAMETER_OUT,p1,,BY_VALUE,1,false,,p1,1,ANY
22987,METHOD_PARAMETER_OUT,p1,,BY_VALUE,1,false,,p1,1,ANY
22988,METHOD_PARAMETER_OUT,p2,,BY_VALUE,2,false,,p2,2,ANY
22989,METHOD_PARAMETER_OUT,p1,,BY_VALUE,1,false,,p1,1,ANY
22990,METHOD_PARAMETER_OUT,p2,,BY_VALUE,2,false,,p2,2,ANY
22991,METHOD_PARAMETER_OUT,p1,,BY_VALUE,1,false,,p1,1,ANY
22992,METHOD_PARAMETER_OUT,p0,,BY_VALUE,0,false,,p0,0,ANY
22993,METHOD_PARAMETER_OUT,p1,,BY_VALUE,1,false,,p1,1,ANY
22994,METHOD_PARAMETER_OUT,p2,,BY_VALUE,2,false,,p2,2,ANY
22995,METHOD_PARAMETER_OUT,p0,,BY_VALUE,0,false,,p0,0,ANY
22996,METHOD_PARAMETER_OUT,p1,,BY_VALUE,1,false,,p1,1,ANY
22997,METHOD_PARAMETER_OUT,p2,,BY_VALUE,2,false,,p2,2,ANY
22998,METHOD_PARAMETER_OUT,p1,,BY_VALUE,1,false,,p1,1,ANY
22999,METHOD_PARAMETER_OUT,p1,,BY_VALUE,1,false,,p1,1,ANY
23000,METHOD_PARAMETER_OUT,p2,,BY_VALUE,2,false,,p2,2,ANY
23001,METHOD_PARAMETER_OUT,p0,,BY_VALUE,0,false,,p0,0,ANY
23002,METHOD_PARAMETER_OUT,p1,,BY_VALUE,1,false,,p1,1,ANY
23003,METHOD_PARAMETER_OUT,p2,,BY_VALUE,2,false,,p2,2,ANY
23004,METHOD_PARAMETER_OUT,p0,,BY_VALUE,0,false,,p0,0,ANY
23005,METHOD_PARAMETER_OUT,p1,,BY_VALUE,1,false,,p1,1,ANY
23006,METHOD_PARAMETER_OUT,p1,,BY_VALUE,1,false,,p1,1,ANY
23007,METHOD_PARAMETER_OUT,p0,,BY_VALUE,0,false,,p0,0,ANY
23008,METHOD_PARAMETER_OUT,p1,,BY_VALUE,1,false,,p1,1,ANY
23009,METHOD_PARAMETER_OUT,p1,,BY_VALUE,1,false,,p1,1,ANY
23010,METHOD_PARAMETER_OUT,p2,,BY_VALUE,2,false,,p2,2,ANY
23011,METHOD_PARAMETER_OUT,p1,,BY_VALUE,1,false,,p1,1,ANY
23012,METHOD_PARAMETER_OUT,p1,,BY_VALUE,1,false,,p1,1,ANY
23013,METHOD_PARAMETER_OUT,p1,,BY_VALUE,1,false,,p1,1,ANY
23014,METHOD_PARAMETER_OUT,p2,,BY_VALUE,2,false,,p2,2,ANY
23015,METHOD_PARAMETER_OUT,p1,,BY_VALUE,1,false,,p1,1,ANY
23016,METHOD_PARAMETER_OUT,p2,,BY_VALUE,2,false,,p2,2,ANY
23017,METHOD_PARAMETER_OUT,p1,,BY_VALUE,1,false,,p1,1,ANY
23018,METHOD_PARAMETER_OUT,p2,,BY_VALUE,2,false,,p2,2,ANY
23019,METHOD_PARAMETER_OUT,p3,,BY_VALUE,3,false,,p3,3,ANY
23020,METHOD_PARAMETER_OUT,p1,,BY_VALUE,1,false,,p1,1,ANY
23021,METHOD_PARAMETER_OUT,p1,,BY_VALUE,1,false,,p1,1,ANY
23022,METHOD_PARAMETER_OUT,p2,,BY_VALUE,2,false,,p2,2,ANY
23023,METHOD_PARAMETER_OUT,p1,,BY_VALUE,1,false,,p1,1,ANY
23024,METHOD_PARAMETER_OUT,p2,,BY_VALUE,2,false,,p2,2,ANY
23025,METHOD_PARAMETER_OUT,p1,,BY_VALUE,1,false,,p1,1,ANY
23026,METHOD_PARAMETER_OUT,p2,,BY_VALUE,2,false,,p2,2,ANY
23027,METHOD_PARAMETER_OUT,p1,,BY_VALUE,1,false,,p1,1,ANY
23028,METHOD_PARAMETER_OUT,p1,,BY_VALUE,1,false,,p1,1,ANY
23029,METHOD_PARAMETER_OUT,p2,,BY_VALUE,2,false,,p2,2,ANY
23030,METHOD_PARAMETER_OUT,p1,,BY_VALUE,1,false,,p1,1,ANY
23031,METHOD_PARAMETER_OUT,p2,,BY_VALUE,2,false,,p2,2,ANY
23032,METHOD_PARAMETER_OUT,p0,,BY_VALUE,0,false,,p0,0,ANY
23033,METHOD_PARAMETER_OUT,p1,,BY_VALUE,1,false,,p1,1,ANY
23034,METHOD_PARAMETER_OUT,p2,,BY_VALUE,2,false,,p2,2,ANY
23035,METHOD_PARAMETER_OUT,p0,,BY_VALUE,0,false,,p0,0,ANY
23036,METHOD_PARAMETER_OUT,p1,,BY_VALUE,1,false,,p1,1,ANY
23037,METHOD_PARAMETER_OUT,p2,,BY_VALUE,2,false,,p2,2,ANY
23038,METHOD_PARAMETER_OUT,p1,,BY_VALUE,1,false,,p1,1,ANY
23039,METHOD_PARAMETER_OUT,p0,,BY_VALUE,0,false,,p0,0,ANY
23040,METHOD_PARAMETER_OUT,p1,,BY_VALUE,1,false,,p1,1,ANY
23041,METHOD_PARAMETER_OUT,p2,,BY_VALUE,2,false,,p2,2,ANY
23042,METHOD_PARAMETER_OUT,p0,,BY_VALUE,0,false,,p0,0,ANY
23043,METHOD_PARAMETER_OUT,p1,,BY_VALUE,1,false,,p1,1,ANY
23044,METHOD_PARAMETER_OUT,p2,,BY_VALUE,2,false,,p2,2,ANY
23045,METHOD_PARAMETER_OUT,p0,,BY_VALUE,0,false,,p0,0,ANY
23046,METHOD_PARAMETER_OUT,p1,,BY_VALUE,1,false,,p1,1,ANY
23047,METHOD_PARAMETER_OUT,p2,,BY_VALUE,2,false,,p2,2,ANY
23048,METHOD_PARAMETER_OUT,p1,,BY_VALUE,1,false,,p1,1,ANY
23049,METHOD_PARAMETER_OUT,p2,,BY_VALUE,2,false,,p2,2,ANY
23050,METHOD_PARAMETER_OUT,p0,,BY_VALUE,0,false,,p0,0,ANY
23051,METHOD_PARAMETER_OUT,p1,,BY_VALUE,1,false,,p1,1,ANY
23052,METHOD_PARAMETER_OUT,p2,,BY_VALUE,2,false,,p2,2,ANY
23053,METHOD_PARAMETER_OUT,p3,,BY_VALUE,3,false,,p3,3,ANY
23054,METHOD_PARAMETER_OUT,p0,,BY_VALUE,0,false,,p0,0,ANY
23055,METHOD_PARAMETER_OUT,p1,,BY_VALUE,1,false,,p1,1,ANY
23056,METHOD_PARAMETER_OUT,p2,,BY_VALUE,2,false,,p2,2,ANY
23057,METHOD_PARAMETER_OUT,p1,,BY_VALUE,1,false,,p1,1,ANY
23058,METHOD_PARAMETER_OUT,p2,,BY_VALUE,2,false,,p2,2,ANY
23059,METHOD_PARAMETER_OUT,p1,,BY_VALUE,1,false,,p1,1,ANY
23060,METHOD_PARAMETER_OUT,p2,,BY_VALUE,2,false,,p2,2,ANY
23061,METHOD_PARAMETER_OUT,p1,,BY_VALUE,1,false,,p1,1,ANY
23062,METHOD_PARAMETER_OUT,p1,,BY_VALUE,1,false,,p1,1,ANY
23063,METHOD_PARAMETER_OUT,p2,,BY_VALUE,2,false,,p2,2,ANY
23064,METHOD_PARAMETER_OUT,p1,,BY_VALUE,1,false,,p1,1,ANY
23065,METHOD_PARAMETER_OUT,p2,,BY_VALUE,2,false,,p2,2,ANY
23066,METHOD_PARAMETER_OUT,p1,,BY_VALUE,1,false,,p1,1,ANY
23067,METHOD_PARAMETER_OUT,p2,,BY_VALUE,2,false,,p2,2,ANY
23068,METHOD_PARAMETER_OUT,p1,,BY_VALUE,1,false,,p1,1,ANY
23069,METHOD_PARAMETER_OUT,p2,,BY_VALUE,2,false,,p2,2,ANY
23070,METHOD_PARAMETER_OUT,p1,,BY_VALUE,1,false,,p1,1,ANY
23071,METHOD_PARAMETER_OUT,p2,,BY_VALUE,2,false,,p2,2,ANY
23072,METHOD_PARAMETER_OUT,p1,,BY_VALUE,1,false,,p1,1,ANY
23073,METHOD_PARAMETER_OUT,p2,,BY_VALUE,2,false,,p2,2,ANY
23074,METHOD_PARAMETER_OUT,p1,,BY_VALUE,1,false,,p1,1,ANY
23075,METHOD_PARAMETER_OUT,p2,,BY_VALUE,2,false,,p2,2,ANY
23076,METHOD_PARAMETER_OUT,p1,,BY_VALUE,1,false,,p1,1,ANY
23077,METHOD_PARAMETER_OUT,p2,,BY_VALUE,2,false,,p2,2,ANY
23078,METHOD_PARAMETER_OUT,p1,,BY_VALUE,1,false,,p1,1,ANY
23079,METHOD_PARAMETER_OUT,p2,,BY_VALUE,2,false,,p2,2,ANY
23080,METHOD_PARAMETER_OUT,p1,,BY_VALUE,1,false,,p1,1,ANY
23081,METHOD_PARAMETER_OUT,p2,,BY_VALUE,2,false,,p2,2,ANY
23082,METHOD_PARAMETER_OUT,p1,,BY_VALUE,1,false,,p1,1,ANY
23083,METHOD_PARAMETER_OUT,p2,,BY_VALUE,2,false,,p2,2,ANY
23084,METHOD_PARAMETER_OUT,p1,,BY_VALUE,1,false,,p1,1,ANY
23085,METHOD_PARAMETER_OUT,p0,,BY_VALUE,0,false,,p0,0,ANY
23086,METHOD_PARAMETER_OUT,p1,,BY_VALUE,1,false,,p1,1,ANY
23087,METHOD_PARAMETER_OUT,p2,,BY_VALUE,2,false,,p2,2,ANY
23088,METHOD_PARAMETER_OUT,p0,,BY_VALUE,0,false,,p0,0,ANY
23089,METHOD_PARAMETER_OUT,p1,,BY_VALUE,1,false,,p1,1,ANY
23090,METHOD_PARAMETER_OUT,p2,,BY_VALUE,2,false,,p2,2,ANY
23091,METHOD_PARAMETER_OUT,p1,,BY_VALUE,1,false,,p1,1,ANY
23092,METHOD_PARAMETER_OUT,p2,,BY_VALUE,2,false,,p2,2,ANY
23093,METHOD_PARAMETER_OUT,p3,,BY_VALUE,3,false,,p3,3,ANY
23094,METHOD_PARAMETER_OUT,p1,,BY_VALUE,1,false,,p1,1,ANY
23095,METHOD_PARAMETER_OUT,p1,,BY_VALUE,1,false,,p1,1,ANY
23096,METHOD_PARAMETER_OUT,p1,,BY_VALUE,1,false,,p1,1,ANY
23097,METHOD_PARAMETER_OUT,p2,,BY_VALUE,2,false,,p2,2,ANY
23098,METHOD_PARAMETER_OUT,p1,,BY_VALUE,1,false,,p1,1,ANY
23099,METHOD_PARAMETER_OUT,p1,,BY_VALUE,1,false,,p1,1,ANY
23100,METHOD_PARAMETER_OUT,p2,,BY_VALUE,2,false,,p2,2,ANY
23101,METHOD_PARAMETER_OUT,p1,,BY_VALUE,1,false,,p1,1,ANY
23102,METHOD_PARAMETER_OUT,p1,,BY_VALUE,1,false,,p1,1,ANY
23103,METHOD_PARAMETER_OUT,p2,,BY_VALUE,2,false,,p2,2,ANY
23104,METHOD_PARAMETER_OUT,p1,,BY_VALUE,1,false,,p1,1,ANY
23105,METHOD_PARAMETER_OUT,p2,,BY_VALUE,2,false,,p2,2,ANY
23106,METHOD_PARAMETER_OUT,p3,,BY_VALUE,3,false,,p3,3,ANY
23107,METHOD_PARAMETER_OUT,p1,,BY_VALUE,1,false,,p1,1,ANY
23108,METHOD_PARAMETER_OUT,p2,,BY_VALUE,2,false,,p2,2,ANY
23109,METHOD_PARAMETER_OUT,p3,,BY_VALUE,3,false,,p3,3,ANY
23110,METHOD_PARAMETER_OUT,p0,,BY_VALUE,0,false,,p0,0,ANY
23111,METHOD_PARAMETER_OUT,p1,,BY_VALUE,1,false,,p1,1,ANY
23112,METHOD_PARAMETER_OUT,p2,,BY_VALUE,2,false,,p2,2,ANY
23113,METHOD_PARAMETER_OUT,p3,,BY_VALUE,3,false,,p3,3,ANY
23114,METHOD_PARAMETER_OUT,p1,,BY_VALUE,1,false,,p1,1,ANY
23115,METHOD_PARAMETER_OUT,p2,,BY_VALUE,2,false,,p2,2,ANY
23116,METHOD_PARAMETER_OUT,p1,,BY_VALUE,1,false,,p1,1,ANY
23117,METHOD_PARAMETER_OUT,p2,,BY_VALUE,2,false,,p2,2,ANY
23118,METHOD_PARAMETER_OUT,p1,,BY_VALUE,1,false,,p1,1,ANY
23119,METHOD_PARAMETER_OUT,p2,,BY_VALUE,2,false,,p2,2,ANY
23120,METHOD_PARAMETER_OUT,p0,,BY_VALUE,0,false,,p0,0,ANY
23121,METHOD_PARAMETER_OUT,p1,,BY_VALUE,1,false,,p1,1,ANY
23122,METHOD_PARAMETER_OUT,p2,,BY_VALUE,2,false,,p2,2,ANY
23123,METHOD_PARAMETER_OUT,p1,,BY_VALUE,1,false,,p1,1,ANY
23124,METHOD_PARAMETER_OUT,p2,,BY_VALUE,2,false,,p2,2,ANY
23125,METHOD_PARAMETER_OUT,p3,,BY_VALUE,3,false,,p3,3,ANY
23126,METHOD_PARAMETER_OUT,p0,,BY_VALUE,0,false,,p0,0,ANY
23127,METHOD_PARAMETER_OUT,p1,,BY_VALUE,1,false,,p1,1,ANY
23128,METHOD_PARAMETER_OUT,p2,,BY_VALUE,2,false,,p2,2,ANY
23129,METHOD_PARAMETER_OUT,p1,,BY_VALUE,1,false,,p1,1,ANY
23130,METHOD_PARAMETER_OUT,p2,,BY_VALUE,2,false,,p2,2,ANY
23131,METHOD_PARAMETER_OUT,p0,,BY_VALUE,0,false,,p0,0,ANY
23132,METHOD_PARAMETER_OUT,p1,,BY_VALUE,1,false,,p1,1,ANY
23133,METHOD_PARAMETER_OUT,p2,,BY_VALUE,2,false,,p2,2,ANY
23134,METHOD_PARAMETER_OUT,p1,,BY_VALUE,1,false,,p1,1,ANY
23135,METHOD_PARAMETER_OUT,p0,,BY_VALUE,0,false,,p0,0,ANY
23136,METHOD_PARAMETER_OUT,p1,,BY_VALUE,1,false,,p1,1,ANY
23137,METHOD_PARAMETER_OUT,p2,,BY_VALUE,2,false,,p2,2,ANY
23138,METHOD_PARAMETER_OUT,p3,,BY_VALUE,3,false,,p3,3,ANY
23139,METHOD_PARAMETER_OUT,p0,,BY_VALUE,0,false,,p0,0,ANY
23140,METHOD_PARAMETER_OUT,p1,,BY_VALUE,1,false,,p1,1,ANY
23141,METHOD_PARAMETER_OUT,p2,,BY_VALUE,2,false,,p2,2,ANY
23142,METHOD_PARAMETER_OUT,p0,,BY_VALUE,0,false,,p0,0,ANY
23143,METHOD_PARAMETER_OUT,p1,,BY_VALUE,1,false,,p1,1,ANY
23144,METHOD_PARAMETER_OUT,p2,,BY_VALUE,2,false,,p2,2,ANY
23145,METHOD_PARAMETER_OUT,p3,,BY_VALUE,3,false,,p3,3,ANY
23146,METHOD_PARAMETER_OUT,p0,,BY_VALUE,0,false,,p0,0,ANY
23147,METHOD_PARAMETER_OUT,p1,,BY_VALUE,1,false,,p1,1,ANY
23148,METHOD_PARAMETER_OUT,p2,,BY_VALUE,2,false,,p2,2,ANY
23149,METHOD_PARAMETER_OUT,p3,,BY_VALUE,3,false,,p3,3,ANY
23150,METHOD_PARAMETER_OUT,p1,,BY_VALUE,1,false,,p1,1,ANY
23151,METHOD_PARAMETER_OUT,p2,,BY_VALUE,2,false,,p2,2,ANY
23152,METHOD_PARAMETER_OUT,p0,,BY_VALUE,0,false,,p0,0,ANY
23153,METHOD_PARAMETER_OUT,p1,,BY_VALUE,1,false,,p1,1,ANY
23154,METHOD_PARAMETER_OUT,p2,,BY_VALUE,2,false,,p2,2,ANY
23155,METHOD_PARAMETER_OUT,p3,,BY_VALUE,3,false,,p3,3,ANY
23156,METHOD_PARAMETER_OUT,p0,,BY_VALUE,0,false,,p0,0,ANY
23157,METHOD_PARAMETER_OUT,p1,,BY_VALUE,1,false,,p1,1,ANY
23158,METHOD_PARAMETER_OUT,p2,,BY_VALUE,2,false,,p2,2,ANY
23159,METHOD_PARAMETER_OUT,p3,,BY_VALUE,3,false,,p3,3,ANY
23160,METHOD_PARAMETER_OUT,p0,,BY_VALUE,0,false,,p0,0,ANY
23161,METHOD_PARAMETER_OUT,p1,,BY_VALUE,1,false,,p1,1,ANY
23162,METHOD_PARAMETER_OUT,p2,,BY_VALUE,2,false,,p2,2,ANY
23163,METHOD_PARAMETER_OUT,p1,,BY_VALUE,1,false,,p1,1,ANY
23164,METHOD_PARAMETER_OUT,p1,,BY_VALUE,1,false,,p1,1,ANY
23165,METHOD_PARAMETER_OUT,p2,,BY_VALUE,2,false,,p2,2,ANY
23166,METHOD_PARAMETER_OUT,p0,,BY_VALUE,0,false,,p0,0,ANY
23167,METHOD_PARAMETER_OUT,p1,,BY_VALUE,1,false,,p1,1,ANY
23168,METHOD_PARAMETER_OUT,p2,,BY_VALUE,2,false,,p2,2,ANY
23169,METHOD_PARAMETER_OUT,p0,,BY_VALUE,0,false,,p0,0,ANY
23170,METHOD_PARAMETER_OUT,p1,,BY_VALUE,1,false,,p1,1,ANY
23171,METHOD_PARAMETER_OUT,p2,,BY_VALUE,2,false,,p2,2,ANY
23172,METHOD_PARAMETER_OUT,p3,,BY_VALUE,3,false,,p3,3,ANY
23173,METHOD_PARAMETER_OUT,p1,,BY_VALUE,1,false,,p1,1,ANY
23174,METHOD_PARAMETER_OUT,p2,,BY_VALUE,2,false,,p2,2,ANY
23175,METHOD_PARAMETER_OUT,p1,,BY_VALUE,1,false,,p1,1,ANY
23176,METHOD_PARAMETER_OUT,p0,,BY_VALUE,0,false,,p0,0,ANY
23177,METHOD_PARAMETER_OUT,p1,,BY_VALUE,1,false,,p1,1,ANY
23178,METHOD_PARAMETER_OUT,p1,,BY_VALUE,1,false,,p1,1,ANY
23179,METHOD_PARAMETER_OUT,p2,,BY_VALUE,2,false,,p2,2,ANY
23180,METHOD_PARAMETER_OUT,p1,,BY_VALUE,1,false,,p1,1,ANY
23181,METHOD_PARAMETER_OUT,p1,,BY_VALUE,1,false,,p1,1,ANY
23182,METHOD_PARAMETER_OUT,p2,,BY_VALUE,2,false,,p2,2,ANY
23183,METHOD_PARAMETER_OUT,p1,,BY_VALUE,1,false,,p1,1,ANY
23184,METHOD_PARAMETER_OUT,p1,,BY_VALUE,1,false,,p1,1,ANY
23185,METHOD_PARAMETER_OUT,p2,,BY_VALUE,2,false,,p2,2,ANY
23186,METHOD_PARAMETER_OUT,p1,,BY_VALUE,1,false,,p1,1,ANY
23187,METHOD_PARAMETER_OUT,p1,,BY_VALUE,1,false,,p1,1,ANY
23188,METHOD_PARAMETER_OUT,p1,,BY_VALUE,1,false,,p1,1,ANY
23189,METHOD_PARAMETER_OUT,p1,,BY_VALUE,1,false,,p1,1,ANY
23190,METHOD_PARAMETER_OUT,p0,,BY_VALUE,0,false,,p0,0,ANY
23191,METHOD_PARAMETER_OUT,p1,,BY_VALUE,1,false,,p1,1,ANY
23192,METHOD_PARAMETER_OUT,p2,,BY_VALUE,2,false,,p2,2,ANY
23193,METHOD_PARAMETER_OUT,p3,,BY_VALUE,3,false,,p3,3,ANY
23194,METHOD_PARAMETER_OUT,p4,,BY_VALUE,4,false,,p4,4,ANY
23195,METHOD_PARAMETER_OUT,p0,,BY_VALUE,0,false,,p0,0,ANY
23196,METHOD_PARAMETER_OUT,p1,,BY_VALUE,1,false,,p1,1,ANY
23197,METHOD_PARAMETER_OUT,p2,,BY_VALUE,2,false,,p2,2,ANY
23198,METHOD_PARAMETER_OUT,p3,,BY_VALUE,3,false,,p3,3,ANY
23199,METHOD_PARAMETER_OUT,p0,,BY_VALUE,0,false,,p0,0,ANY
23200,METHOD_PARAMETER_OUT,p1,,BY_VALUE,1,false,,p1,1,ANY
23201,METHOD_PARAMETER_OUT,p2,,BY_VALUE,2,false,,p2,2,ANY
23202,METHOD_PARAMETER_OUT,p0,,BY_VALUE,0,false,,p0,0,ANY
23203,METHOD_PARAMETER_OUT,p1,,BY_VALUE,1,false,,p1,1,ANY
23204,METHOD_PARAMETER_OUT,p2,,BY_VALUE,2,false,,p2,2,ANY
23205,METHOD_PARAMETER_OUT,p1,,BY_VALUE,1,false,,p1,1,ANY
23206,METHOD_PARAMETER_OUT,p1,,BY_VALUE,1,false,,p1,1,ANY
23207,METHOD_PARAMETER_OUT,p1,,BY_VALUE,1,false,,p1,1,ANY
23208,METHOD_PARAMETER_OUT,p1,,BY_VALUE,1,false,,p1,1,ANY
23209,METHOD_PARAMETER_OUT,p1,,BY_VALUE,1,false,,p1,1,ANY
23210,METHOD_PARAMETER_OUT,p1,,BY_VALUE,1,false,,p1,1,ANY
23211,METHOD_PARAMETER_OUT,p1,,BY_VALUE,1,false,,p1,1,ANY
23212,METHOD_PARAMETER_OUT,p1,,BY_VALUE,1,false,,p1,1,ANY
23213,METHOD_PARAMETER_OUT,p2,,BY_VALUE,2,false,,p2,2,ANY
23214,METHOD_PARAMETER_OUT,p1,,BY_VALUE,1,false,,p1,1,ANY
23215,METHOD_PARAMETER_OUT,p1,,BY_VALUE,1,false,,p1,1,ANY
23216,METHOD_PARAMETER_OUT,p1,,BY_VALUE,1,false,,p1,1,ANY
23217,METHOD_PARAMETER_OUT,p1,,BY_VALUE,1,false,,p1,1,ANY
23218,METHOD_PARAMETER_OUT,p1,,BY_VALUE,1,false,,p1,1,ANY
23219,METHOD_PARAMETER_OUT,p1,,BY_VALUE,1,false,,p1,1,ANY
23220,METHOD_PARAMETER_OUT,p1,,BY_VALUE,1,false,,p1,1,ANY
23221,METHOD_PARAMETER_OUT,p2,,BY_VALUE,2,false,,p2,2,ANY
23222,METHOD_PARAMETER_OUT,p1,,BY_VALUE,1,false,,p1,1,ANY
23223,METHOD_PARAMETER_OUT,p0,,BY_VALUE,0,false,,p0,0,ANY
23224,METHOD_PARAMETER_OUT,p1,,BY_VALUE,1,false,,p1,1,ANY
23225,METHOD_PARAMETER_OUT,p1,,BY_VALUE,1,false,,p1,1,ANY
23226,METHOD_PARAMETER_OUT,p1,,BY_VALUE,1,false,,p1,1,ANY
23227,METHOD_PARAMETER_OUT,p1,,BY_VALUE,1,false,,p1,1,ANY
23228,METHOD_PARAMETER_OUT,p2,,BY_VALUE,2,false,,p2,2,ANY
23229,METHOD_PARAMETER_OUT,p1,,BY_VALUE,1,false,,p1,1,ANY
23230,METHOD_PARAMETER_OUT,p2,,BY_VALUE,2,false,,p2,2,ANY
23231,METHOD_PARAMETER_OUT,p1,,BY_VALUE,1,false,,p1,1,ANY
23232,METHOD_PARAMETER_OUT,p1,,BY_VALUE,1,false,,p1,1,ANY
23233,METHOD_PARAMETER_OUT,p1,,BY_VALUE,1,false,,p1,1,ANY
23234,METHOD_PARAMETER_OUT,p1,,BY_VALUE,1,false,,p1,1,ANY
23235,METHOD_PARAMETER_OUT,p1,,BY_VALUE,1,false,,p1,1,ANY
23236,METHOD_PARAMETER_OUT,p1,,BY_VALUE,1,false,,p1,1,ANY
23237,METHOD_PARAMETER_OUT,p1,,BY_VALUE,1,false,,p1,1,ANY
23238,METHOD_PARAMETER_OUT,p1,,BY_VALUE,1,false,,p1,1,ANY
23239,METHOD_PARAMETER_OUT,p1,,BY_VALUE,1,false,,p1,1,ANY
23240,METHOD_PARAMETER_OUT,p2,,BY_VALUE,2,false,,p2,2,ANY
23241,METHOD_PARAMETER_OUT,p1,,BY_VALUE,1,false,,p1,1,ANY
23242,METHOD_PARAMETER_OUT,p0,,BY_VALUE,0,false,,p0,0,ANY
23243,METHOD_PARAMETER_OUT,p1,,BY_VALUE,1,false,,p1,1,ANY
23244,METHOD_PARAMETER_OUT,p2,,BY_VALUE,2,false,,p2,2,ANY
23245,METHOD_PARAMETER_OUT,p0,,BY_VALUE,0,false,,p0,0,ANY
23246,METHOD_PARAMETER_OUT,p1,,BY_VALUE,1,false,,p1,1,ANY
23247,METHOD_PARAMETER_OUT,p2,,BY_VALUE,2,false,,p2,2,ANY
23248,METHOD_PARAMETER_OUT,p3,,BY_VALUE,3,false,,p3,3,ANY
23249,METHOD_PARAMETER_OUT,p4,,BY_VALUE,4,false,,p4,4,ANY
23250,METHOD_PARAMETER_OUT,p0,,BY_VALUE,0,false,,p0,0,ANY
23251,METHOD_PARAMETER_OUT,p1,,BY_VALUE,1,false,,p1,1,ANY
23252,METHOD_PARAMETER_OUT,p0,,BY_VALUE,0,false,,p0,0,ANY
23253,METHOD_PARAMETER_OUT,p1,,BY_VALUE,1,false,,p1,1,ANY
23254,METHOD_PARAMETER_OUT,p0,,BY_VALUE,0,false,,p0,0,ANY
23255,METHOD_PARAMETER_OUT,p1,,BY_VALUE,1,false,,p1,1,ANY
23256,METHOD_PARAMETER_OUT,p1,,BY_VALUE,1,false,,p1,1,ANY
23257,METHOD_PARAMETER_OUT,p1,,BY_VALUE,1,false,,p1,1,ANY
23258,METHOD_PARAMETER_OUT,p2,,BY_VALUE,2,false,,p2,2,ANY
23259,METHOD_PARAMETER_OUT,p1,,BY_VALUE,1,false,,p1,1,ANY
23260,METHOD_PARAMETER_OUT,p2,,BY_VALUE,2,false,,p2,2,ANY
23261,METHOD_PARAMETER_OUT,p1,,BY_VALUE,1,false,,p1,1,ANY
23262,METHOD_PARAMETER_OUT,p2,,BY_VALUE,2,false,,p2,2,ANY
23263,METHOD_PARAMETER_OUT,p1,,BY_VALUE,1,false,,p1,1,ANY
23264,METHOD_PARAMETER_OUT,p1,,BY_VALUE,1,false,,p1,1,ANY
23265,METHOD_PARAMETER_OUT,p1,,BY_VALUE,1,false,,p1,1,ANY
23266,METHOD_PARAMETER_OUT,p1,,BY_VALUE,1,false,,p1,1,ANY
23267,METHOD_PARAMETER_OUT,p1,,BY_VALUE,1,false,,p1,1,ANY
23268,METHOD_PARAMETER_OUT,p1,,BY_VALUE,1,false,,p1,1,ANY
23269,METHOD_PARAMETER_OUT,p2,,BY_VALUE,2,false,,p2,2,ANY
23270,METHOD_PARAMETER_OUT,p1,,BY_VALUE,1,false,,p1,1,ANY
23271,METHOD_PARAMETER_OUT,p1,,BY_VALUE,1,false,,p1,1,ANY
23272,METHOD_PARAMETER_OUT,p1,,BY_VALUE,1,false,,p1,1,ANY
23273,METHOD_PARAMETER_OUT,p2,,BY_VALUE,2,false,,p2,2,ANY
23274,METHOD_PARAMETER_OUT,p1,,BY_VALUE,1,false,,p1,1,ANY
23275,METHOD_PARAMETER_OUT,p1,,BY_VALUE,1,false,,p1,1,ANY
23276,METHOD_PARAMETER_OUT,p0,,BY_VALUE,0,false,,p0,0,ANY
23277,METHOD_PARAMETER_OUT,p1,,BY_VALUE,1,false,,p1,1,ANY
23278,METHOD_PARAMETER_OUT,p2,,BY_VALUE,2,false,,p2,2,ANY
23279,METHOD_PARAMETER_OUT,p0,,BY_VALUE,0,false,,p0,0,ANY
23280,METHOD_PARAMETER_OUT,p1,,BY_VALUE,1,false,,p1,1,ANY
23281,METHOD_PARAMETER_OUT,p0,,BY_VALUE,0,false,,p0,0,ANY
23282,METHOD_PARAMETER_OUT,p1,,BY_VALUE,1,false,,p1,1,ANY
23283,METHOD_PARAMETER_OUT,p0,,BY_VALUE,0,false,,p0,0,ANY
23284,METHOD_PARAMETER_OUT,p1,,BY_VALUE,1,false,,p1,1,ANY
23285,METHOD_PARAMETER_OUT,p0,,BY_VALUE,0,false,,p0,0,ANY
23286,METHOD_PARAMETER_OUT,p1,,BY_VALUE,1,false,,p1,1,ANY
23287,METHOD_PARAMETER_OUT,p2,,BY_VALUE,2,false,,p2,2,ANY
23288,METHOD_PARAMETER_OUT,p3,,BY_VALUE,3,false,,p3,3,ANY
23289,METHOD_PARAMETER_OUT,p4,,BY_VALUE,4,false,,p4,4,ANY
23290,METHOD_PARAMETER_OUT,p0,,BY_VALUE,0,false,,p0,0,ANY
23291,METHOD_PARAMETER_OUT,p1,,BY_VALUE,1,false,,p1,1,ANY
23292,METHOD_PARAMETER_OUT,p0,,BY_VALUE,0,false,,p0,0,ANY
23293,METHOD_PARAMETER_OUT,p1,,BY_VALUE,1,false,,p1,1,ANY
23294,METHOD_PARAMETER_OUT,p1,,BY_VALUE,1,false,,p1,1,ANY
23295,METHOD_PARAMETER_OUT,p2,,BY_VALUE,2,false,,p2,2,ANY
23296,METHOD_PARAMETER_OUT,p3,,BY_VALUE,3,false,,p3,3,ANY
23297,METHOD_PARAMETER_OUT,p1,,BY_VALUE,1,false,,p1,1,ANY
23298,METHOD_PARAMETER_OUT,p1,,BY_VALUE,1,false,,p1,1,ANY
23299,METHOD_PARAMETER_OUT,p1,,BY_VALUE,1,false,,p1,1,ANY
23300,METHOD_PARAMETER_OUT,p1,,BY_VALUE,1,false,,p1,1,ANY
23301,METHOD_PARAMETER_OUT,p1,,BY_VALUE,1,false,,p1,1,ANY
23302,METHOD_PARAMETER_OUT,p2,,BY_VALUE,2,false,,p2,2,ANY
23303,METHOD_PARAMETER_OUT,p1,,BY_VALUE,1,false,,p1,1,ANY
23304,METHOD_PARAMETER_OUT,p1,,BY_VALUE,1,false,,p1,1,ANY
23305,METHOD_PARAMETER_OUT,p2,,BY_VALUE,2,false,,p2,2,ANY
23306,METHOD_PARAMETER_OUT,p1,,BY_VALUE,1,false,,p1,1,ANY
23307,METHOD_PARAMETER_OUT,p1,,BY_VALUE,1,false,,p1,1,ANY
23308,METHOD_PARAMETER_OUT,p2,,BY_VALUE,2,false,,p2,2,ANY
23309,METHOD_PARAMETER_OUT,p3,,BY_VALUE,3,false,,p3,3,ANY
23310,METHOD_PARAMETER_OUT,p1,,BY_VALUE,1,false,,p1,1,ANY
23311,METHOD_PARAMETER_OUT,p1,,BY_VALUE,1,false,,p1,1,ANY
23312,METHOD_PARAMETER_OUT,p2,,BY_VALUE,2,false,,p2,2,ANY
23313,METHOD_PARAMETER_OUT,p3,,BY_VALUE,3,false,,p3,3,ANY
23314,METHOD_PARAMETER_OUT,p1,,BY_VALUE,1,false,,p1,1,ANY
23315,METHOD_PARAMETER_OUT,p1,,BY_VALUE,1,false,,p1,1,ANY
23316,METHOD_PARAMETER_OUT,p2,,BY_VALUE,2,false,,p2,2,ANY
23317,METHOD_PARAMETER_OUT,p1,,BY_VALUE,1,false,,p1,1,ANY
23318,METHOD_PARAMETER_OUT,p1,,BY_VALUE,1,false,,p1,1,ANY
23319,METHOD_PARAMETER_OUT,p1,,BY_VALUE,1,false,,p1,1,ANY
23320,METHOD_PARAMETER_OUT,p2,,BY_VALUE,2,false,,p2,2,ANY
23321,METHOD_PARAMETER_OUT,p1,,BY_VALUE,1,false,,p1,1,ANY
23322,METHOD_PARAMETER_OUT,p1,,BY_VALUE,1,false,,p1,1,ANY
23323,METHOD_PARAMETER_OUT,p1,,BY_VALUE,1,false,,p1,1,ANY
