22,FIELD_IDENTIFIER,2,,DVWA_WEB_PAGE_TO_ROOT,DVWA_WEB_PAGE_TO_ROOT,,4,2
269,FIELD_IDENTIFIER,2,,false,false,,24,2
299,FIELD_IDENTIFIER,2,,false,false,,30,2
342,FIELD_IDENTIFIER,2,,false,false,,44,2
384,FIELD_IDENTIFIER,2,,false,false,,61,2
411,FIELD_IDENTIFIER,2,,false,false,,70,2
438,FIELD_IDENTIFIER,2,,false,false,,79,2
446,FIELD_IDENTIFIER,2,,DVWA_WEB_PAGE_TO_ROOT,DVWA_WEB_PAGE_TO_ROOT,,88,2
452,FIELD_IDENTIFIER,2,,DVWA_WEB_PAGE_TO_ROOT,DVWA_WEB_PAGE_TO_ROOT,,89,2
2581,FIELD_IDENTIFIER,2,,urlsLinked,urlsLinked,,84,2
2584,FIELD_IDENTIFIER,2,,true,true,,84,2
2588,FIELD_IDENTIFIER,2,,safeLinksWhitelist,safeLinksWhitelist,,104,2
2654,FIELD_IDENTIFIER,2,,BlockTypes,BlockTypes,,126,2
2887,FIELD_IDENTIFIER,2,,unmarkedBlockTypes,unmarkedBlockTypes,,154,2
2897,FIELD_IDENTIFIER,2,,InlineTypes,InlineTypes,,1109,2
3001,FIELD_IDENTIFIER,2,,inlineMarkerList,inlineMarkerList,,1124,2
3006,FIELD_IDENTIFIER,2,,instances,instances,,1952,2
3013,FIELD_IDENTIFIER,2,,specialCharacters,specialCharacters,,1963,2
3091,FIELD_IDENTIFIER,2,,StrongRegex,StrongRegex,,1967,2
3105,FIELD_IDENTIFIER,2,,EmRegex,EmRegex,,1972,2
3119,FIELD_IDENTIFIER,2,,regexHtmlAttribute,regexHtmlAttribute,,1977,2
3124,FIELD_IDENTIFIER,2,,voidElements,voidElements,,1979,2
3182,FIELD_IDENTIFIER,2,,textLevelElements,textLevelElements,,1983,2
3365,FIELD_IDENTIFIER,2,,DefinitionData,DefinitionData,,40,2
3395,FIELD_IDENTIFIER,2,,breaksEnabled,breaksEnabled,,61,2
3402,FIELD_IDENTIFIER,2,,markupEscaped,markupEscaped,,70,2
3409,FIELD_IDENTIFIER,2,,urlsLinked,urlsLinked,,79,2
3416,FIELD_IDENTIFIER,2,,safeMode,safeMode,,88,2
3425,FIELD_IDENTIFIER,2,,strictMode,strictMode,,97,2
3449,FIELD_IDENTIFIER,2,,null,null,,170,2
3495,FIELD_IDENTIFIER,2,,true,true,,186,2
3498,FIELD_IDENTIFIER,2,,false,false,,186,2
3577,FIELD_IDENTIFIER,2,,unmarkedBlockTypes,unmarkedBlockTypes,,233,2
3582,FIELD_IDENTIFIER,2,,BlockTypes,BlockTypes,,235,2
3590,FIELD_IDENTIFIER,2,,BlockTypes,BlockTypes,,237,2
3651,FIELD_IDENTIFIER,2,,true,true,,261,2
3660,FIELD_IDENTIFIER,2,,true,true,,266,2
3692,FIELD_IDENTIFIER,2,,true,true,,295,2
3899,FIELD_IDENTIFIER,2,,markupEscaped,markupEscaped,,405,2
3901,FIELD_IDENTIFIER,2,,safeMode,safeMode,,405,2
3928,FIELD_IDENTIFIER,2,,true,true,,415,2
3939,FIELD_IDENTIFIER,2,,false,false,,419,2
3946,FIELD_IDENTIFIER,2,,true,true,,421,2
3976,FIELD_IDENTIFIER,2,,false,false,,437,2
3983,FIELD_IDENTIFIER,2,,true,true,,439,2
4016,FIELD_IDENTIFIER,2,,false,false,,461,2
4140,FIELD_IDENTIFIER,2,,true,true,,521,2
4183,FIELD_IDENTIFIER,2,,strictMode,strictMode,,550,2
4313,FIELD_IDENTIFIER,2,,true,true,,593,2
4387,FIELD_IDENTIFIER,2,,true,true,,612,2
4486,FIELD_IDENTIFIER,2,,null,null,,647,2
4558,FIELD_IDENTIFIER,2,,true,true,,667,2
4628,FIELD_IDENTIFIER,2,,null,null,,693,2
4664,FIELD_IDENTIFIER,2,,true,true,,707,2
4949,FIELD_IDENTIFIER,2,,markupEscaped,markupEscaped,,831,2
4951,FIELD_IDENTIFIER,2,,safeMode,safeMode,,831,2
4960,FIELD_IDENTIFIER,2,,regexHtmlAttribute,regexHtmlAttribute,,836,2
4972,FIELD_IDENTIFIER,2,,textLevelElements,textLevelElements,,840,2
4996,FIELD_IDENTIFIER,2,,true,true,,849,2
5039,FIELD_IDENTIFIER,2,,false,false,,874,2
5067,FIELD_IDENTIFIER,2,,null,null,,881,2
5073,FIELD_IDENTIFIER,2,,DefinitionData,DefinitionData,,884,2
5124,FIELD_IDENTIFIER,2,,false,false,,905,2
5132,FIELD_IDENTIFIER,2,,false,false,,906,2
5140,FIELD_IDENTIFIER,2,,false,false,,907,2
5152,FIELD_IDENTIFIER,2,,false,false,,908,2
5205,FIELD_IDENTIFIER,2,,null,null,,936,2
5327,FIELD_IDENTIFIER,2,,true,true,,996,2
5637,FIELD_IDENTIFIER,2,,inlineMarkerList,inlineMarkerList,,1149,2
5661,FIELD_IDENTIFIER,2,,InlineTypes,InlineTypes,,1157,2
5799,FIELD_IDENTIFIER,2,,false,false,,1228,2
5826,FIELD_IDENTIFIER,2,,breaksEnabled,breaksEnabled,,1247,2
5927,FIELD_IDENTIFIER,2,,false,false,,1284,2
6006,FIELD_IDENTIFIER,2,,StrongRegex,StrongRegex,,1316,2
6017,FIELD_IDENTIFIER,2,,EmRegex,EmRegex,,1320,2
6077,FIELD_IDENTIFIER,2,,specialCharacters,specialCharacters,,1344,2
6131,FIELD_IDENTIFIER,2,,null,null,,1364,2
6179,FIELD_IDENTIFIER,2,,true,true,,1377,2
6222,FIELD_IDENTIFIER,2,,null,null,,1394,2
6250,FIELD_IDENTIFIER,2,,null,null,,1399,2
6256,FIELD_IDENTIFIER,2,,null,null,,1400,2
6349,FIELD_IDENTIFIER,2,,DefinitionData,DefinitionData,,1446,2
6357,FIELD_IDENTIFIER,2,,DefinitionData,DefinitionData,,1451,2
6390,FIELD_IDENTIFIER,2,,markupEscaped,markupEscaped,,1465,2
6392,FIELD_IDENTIFIER,2,,safeMode,safeMode,,1465,2
6400,FIELD_IDENTIFIER,2,,false,false,,1465,2
6480,FIELD_IDENTIFIER,2,,regexHtmlAttribute,regexHtmlAttribute,,1486,2
6526,FIELD_IDENTIFIER,2,,false,false,,1497,2
6628,FIELD_IDENTIFIER,2,,urlsLinked,urlsLinked,,1534,2
6631,FIELD_IDENTIFIER,2,,true,true,,1534,2
6655,FIELD_IDENTIFIER,2,,false,false,,1539,2
6662,FIELD_IDENTIFIER,2,,PREG_OFFSET_CAPTURE,PREG_OFFSET_CAPTURE,,1540,2
6722,FIELD_IDENTIFIER,2,,false,false,,1562,2
6990,FIELD_IDENTIFIER,2,,safeMode,safeMode,,1691,2
7040,FIELD_IDENTIFIER,2,,null,null,,1711,2
7054,FIELD_IDENTIFIER,2,,false,false,,1721,2
7083,FIELD_IDENTIFIER,2,,safeMode,safeMode,,1734,2
7127,FIELD_IDENTIFIER,2,,true,true,,1755,2
7155,FIELD_IDENTIFIER,2,,true,true,,1777,2
7249,FIELD_IDENTIFIER,2,,PREG_OFFSET_CAPTURE,PREG_OFFSET_CAPTURE,,1829,2
7404,FIELD_IDENTIFIER,2,,safeLinksWhitelist,safeLinksWhitelist,,1902,2
7445,FIELD_IDENTIFIER,2,,ENT_NOQUOTES,ENT_NOQUOTES,,1921,2
7448,FIELD_IDENTIFIER,2,,ENT_QUOTES,ENT_QUOTES,,1921,2
7464,FIELD_IDENTIFIER,2,,false,false,,1930,2
8021,FIELD_IDENTIFIER,2,,DVWA_WEB_PAGE_TO_ROOT,DVWA_WEB_PAGE_TO_ROOT,,8,2
8030,FIELD_IDENTIFIER,2,,DVWA_WEB_PAGE_TO_ROOT,DVWA_WEB_PAGE_TO_ROOT,,13,2
8087,FIELD_IDENTIFIER,2,,true,true,,35,2
8091,FIELD_IDENTIFIER,2,,true,true,,36,2
8096,FIELD_IDENTIFIER,2,,false,false,,39,2
8100,FIELD_IDENTIFIER,2,,false,false,,40,2
8106,FIELD_IDENTIFIER,2,,false,false,,44,2
8113,FIELD_IDENTIFIER,2,,PHP_URL_HOST,PHP_URL_HOST,,45,2
8191,FIELD_IDENTIFIER,2,,DVWA_WEB_PAGE_TO_ROOT,DVWA_WEB_PAGE_TO_ROOT,,87,2
8215,FIELD_IDENTIFIER,2,,true,true,,102,2
8314,FIELD_IDENTIFIER,2,,true,true,,160,2
8319,FIELD_IDENTIFIER,2,,false,false,,163,2
8327,FIELD_IDENTIFIER,2,,false,false,,166,2
8411,FIELD_IDENTIFIER,2,,false,false,,203,2
8982,FIELD_IDENTIFIER,2,,DVWA_WEB_PAGE_TO_ROOT,DVWA_WEB_PAGE_TO_ROOT,,274,2
9099,FIELD_IDENTIFIER,2,,DVWA_WEB_PAGE_TO_ROOT,DVWA_WEB_PAGE_TO_ROOT,,333,2
9103,FIELD_IDENTIFIER,2,,DVWA_WEB_PAGE_TO_ROOT,DVWA_WEB_PAGE_TO_ROOT,,335,2
9107,FIELD_IDENTIFIER,2,,DVWA_WEB_PAGE_TO_ROOT,DVWA_WEB_PAGE_TO_ROOT,,337,2
9111,FIELD_IDENTIFIER,2,,DVWA_WEB_PAGE_TO_ROOT,DVWA_WEB_PAGE_TO_ROOT,,346,2
9122,FIELD_IDENTIFIER,2,,DVWA_WEB_PAGE_TO_ROOT,DVWA_WEB_PAGE_TO_ROOT,,376,2
9145,FIELD_IDENTIFIER,2,,DVWA_WEB_PAGE_TO_ROOT,DVWA_WEB_PAGE_TO_ROOT,,404,2
9149,FIELD_IDENTIFIER,2,,DVWA_WEB_PAGE_TO_ROOT,DVWA_WEB_PAGE_TO_ROOT,,406,2
9176,FIELD_IDENTIFIER,2,,DVWA_WEB_PAGE_TO_ROOT,DVWA_WEB_PAGE_TO_ROOT,,440,2
9180,FIELD_IDENTIFIER,2,,DVWA_WEB_PAGE_TO_ROOT,DVWA_WEB_PAGE_TO_ROOT,,442,2
9222,FIELD_IDENTIFIER,2,,DVWA_WEB_PAGE_TO_ROOT,DVWA_WEB_PAGE_TO_ROOT,,473,2
9239,FIELD_IDENTIFIER,2,,DVWA_WEB_PAGE_TO_ROOT,DVWA_WEB_PAGE_TO_ROOT,,479,2
9318,FIELD_IDENTIFIER,2,,DVWA_WEB_PAGE_TO_ROOT,DVWA_WEB_PAGE_TO_ROOT,,518,2
9350,FIELD_IDENTIFIER,2,,ATTR_ERRMODE,ATTR_ERRMODE,,522,2
9352,FIELD_IDENTIFIER,2,,ERRMODE_EXCEPTION,ERRMODE_EXCEPTION,,522,2
9355,FIELD_IDENTIFIER,2,,ATTR_EMULATE_PREPARES,ATTR_EMULATE_PREPARES,,523,2
9358,FIELD_IDENTIFIER,2,,false,false,,523,2
9378,FIELD_IDENTIFIER,2,,SQLITE,SQLITE,,535,2
9385,FIELD_IDENTIFIER,2,,DVWA_WEB_PAGE_TO_ROOT,DVWA_WEB_PAGE_TO_ROOT,,536,2
9400,FIELD_IDENTIFIER,2,,true,true,,538,2
9467,FIELD_IDENTIFIER,2,,true,true,,581,2
9518,FIELD_IDENTIFIER,2,,DIRECTORY_SEPARATOR,DIRECTORY_SEPARATOR,,608,2
9521,FIELD_IDENTIFIER,2,,DVWA_WEB_PAGE_TO_ROOT,DVWA_WEB_PAGE_TO_ROOT,,608,2
9525,FIELD_IDENTIFIER,2,,DIRECTORY_SEPARATOR,DIRECTORY_SEPARATOR,,608,2
9529,FIELD_IDENTIFIER,2,,DIRECTORY_SEPARATOR,DIRECTORY_SEPARATOR,,608,2
9538,FIELD_IDENTIFIER,2,,DIRECTORY_SEPARATOR,DIRECTORY_SEPARATOR,,609,2
9541,FIELD_IDENTIFIER,2,,DVWA_WEB_PAGE_TO_ROOT,DVWA_WEB_PAGE_TO_ROOT,,609,2
9688,FIELD_IDENTIFIER,2,,PHP_OS,PHP_OS,,625,2
9837,FIELD_IDENTIFIER,2,,false,false,,28,2
9841,FIELD_IDENTIFIER,2,,success,success,,30,2
9846,FIELD_IDENTIFIER,2,,null,null,,33,2
9928,FIELD_IDENTIFIER,2,,DVWA_WEB_PAGE_TO_ROOT,DVWA_WEB_PAGE_TO_ROOT,,4,2
10073,FIELD_IDENTIFIER,2,,DVWA_WEB_PAGE_TO_ROOT,DVWA_WEB_PAGE_TO_ROOT,,4,2
10079,FIELD_IDENTIFIER,2,,DVWA_WEB_PAGE_TO_ROOT,DVWA_WEB_PAGE_TO_ROOT,,5,2
10195,FIELD_IDENTIFIER,2,,DVWA_WEB_PAGE_TO_ROOT,DVWA_WEB_PAGE_TO_ROOT,,26,2
10334,FIELD_IDENTIFIER,2,,DVWA_WEB_PAGE_TO_ROOT,DVWA_WEB_PAGE_TO_ROOT,,4,2
10382,FIELD_IDENTIFIER,2,,E_USER_ERROR,E_USER_ERROR,,22,2
10407,FIELD_IDENTIFIER,2,,E_USER_ERROR,E_USER_ERROR,,26,2
10434,FIELD_IDENTIFIER,2,,DVWA_WEB_PAGE_TO_ROOT,DVWA_WEB_PAGE_TO_ROOT,,36,2
10463,FIELD_IDENTIFIER,2,,false,false,,40,2
10480,FIELD_IDENTIFIER,2,,DVWA_WEB_PAGE_TO_ROOT,DVWA_WEB_PAGE_TO_ROOT,,44,2
10509,FIELD_IDENTIFIER,2,,DVWA_WEB_PAGE_TO_ROOT,DVWA_WEB_PAGE_TO_ROOT,,71,2
10513,FIELD_IDENTIFIER,2,,DVWA_WEB_PAGE_TO_ROOT,DVWA_WEB_PAGE_TO_ROOT,,83,2
10521,FIELD_IDENTIFIER,2,,DVWA_WEB_PAGE_TO_ROOT,DVWA_WEB_PAGE_TO_ROOT,,123,2
10539,FIELD_IDENTIFIER,2,,DVWA_WEB_PAGE_TO_ROOT,DVWA_WEB_PAGE_TO_ROOT,,4,2
10570,FIELD_IDENTIFIER,2,,DVWA_WEB_PAGE_TO_ROOT,DVWA_WEB_PAGE_TO_ROOT,,4,2
10648,FIELD_IDENTIFIER,2,,DVWA_WEB_PAGE_TO_ROOT,DVWA_WEB_PAGE_TO_ROOT,,4,2
10784,FIELD_IDENTIFIER,2,,DVWA_WEB_PAGE_TO_ROOT,DVWA_WEB_PAGE_TO_ROOT,,54,2
10871,FIELD_IDENTIFIER,2,,DVWA_WEB_PAGE_TO_ROOT,DVWA_WEB_PAGE_TO_ROOT,,4,2
10920,FIELD_IDENTIFIER,2,,DVWA_WEB_PAGE_TO_ROOT,DVWA_WEB_PAGE_TO_ROOT,,23,2
10964,FIELD_IDENTIFIER,2,,DVWA_WEB_PAGE_TO_ROOT,DVWA_WEB_PAGE_TO_ROOT,,48,2
10974,FIELD_IDENTIFIER,2,,DIRECTORY_SEPARATOR,DIRECTORY_SEPARATOR,,51,2
10978,FIELD_IDENTIFIER,2,,DIRECTORY_SEPARATOR,DIRECTORY_SEPARATOR,,51,2
11062,FIELD_IDENTIFIER,2,,DVWA_WEB_PAGE_TO_ROOT,DVWA_WEB_PAGE_TO_ROOT,,3,2
11154,FIELD_IDENTIFIER,2,,first_name,first_name,,46,2
11157,FIELD_IDENTIFIER,2,,surname,surname,,46,2
11160,FIELD_IDENTIFIER,2,,id,id,,46,2
11183,FIELD_IDENTIFIER,2,,false,false,,47,2
11250,FIELD_IDENTIFIER,2,,DVWA_WEB_PAGE_TO_ROOT,DVWA_WEB_PAGE_TO_ROOT,,3,2
11397,FIELD_IDENTIFIER,2,,DVWA_WEB_PAGE_TO_ROOT,DVWA_WEB_PAGE_TO_ROOT,,4,2
11460,FIELD_IDENTIFIER,2,,DVWA_WEB_PAGE_TO_ROOT,DVWA_WEB_PAGE_TO_ROOT,,33,2
11588,FIELD_IDENTIFIER,2,,DVWA_WEB_PAGE_TO_ROOT,DVWA_WEB_PAGE_TO_ROOT,,4,2
11651,FIELD_IDENTIFIER,2,,DVWA_WEB_PAGE_TO_ROOT,DVWA_WEB_PAGE_TO_ROOT,,33,2
11792,FIELD_IDENTIFIER,2,,E_USER_ERROR,E_USER_ERROR,,10,2
11817,FIELD_IDENTIFIER,2,,E_USER_ERROR,E_USER_ERROR,,15,2
11848,FIELD_IDENTIFIER,2,,false,false,,20,2
11884,FIELD_IDENTIFIER,2,,false,false,,37,2
12048,FIELD_IDENTIFIER,2,,E_USER_ERROR,E_USER_ERROR,,10,2
12073,FIELD_IDENTIFIER,2,,E_USER_ERROR,E_USER_ERROR,,15,2
12085,FIELD_IDENTIFIER,2,,false,false,,21,2
12092,FIELD_IDENTIFIER,2,,PARAM_STR,PARAM_STR,,25,2
12121,FIELD_IDENTIFIER,2,,true,true,,47,2
12128,FIELD_IDENTIFIER,2,,PARAM_STR,PARAM_STR,,54,2
12132,FIELD_IDENTIFIER,2,,PARAM_STR,PARAM_STR,,55,2
12144,FIELD_IDENTIFIER,2,,false,false,,60,2
12179,FIELD_IDENTIFIER,2,,PARAM_STR,PARAM_STR,,78,2
12196,FIELD_IDENTIFIER,2,,PARAM_STR,PARAM_STR,,89,2
12204,FIELD_IDENTIFIER,2,,PARAM_STR,PARAM_STR,,95,2
12292,FIELD_IDENTIFIER,2,,false,false,,13,2
12324,FIELD_IDENTIFIER,2,,false,false,,29,2
12406,FIELD_IDENTIFIER,2,,E_USER_ERROR,E_USER_ERROR,,6,2
12429,FIELD_IDENTIFIER,2,,E_USER_ERROR,E_USER_ERROR,,10,2
12460,FIELD_IDENTIFIER,2,,false,false,,15,2
12494,FIELD_IDENTIFIER,2,,false,false,,32,2
12569,FIELD_IDENTIFIER,2,,DVWA_WEB_PAGE_TO_ROOT,DVWA_WEB_PAGE_TO_ROOT,,4,2
12575,FIELD_IDENTIFIER,2,,DVWA_WEB_PAGE_TO_ROOT,DVWA_WEB_PAGE_TO_ROOT,,5,2
12633,FIELD_IDENTIFIER,2,,false,false,,33,2
12638,FIELD_IDENTIFIER,2,,DVWA_WEB_PAGE_TO_ROOT,DVWA_WEB_PAGE_TO_ROOT,,34,2
12662,FIELD_IDENTIFIER,2,,DIRECTORY_SEPARATOR,DIRECTORY_SEPARATOR,,39,2
12665,FIELD_IDENTIFIER,2,,DVWA_WEB_PAGE_TO_ROOT,DVWA_WEB_PAGE_TO_ROOT,,39,2
12669,FIELD_IDENTIFIER,2,,DIRECTORY_SEPARATOR,DIRECTORY_SEPARATOR,,39,2
12680,FIELD_IDENTIFIER,2,,true,true,,41,2
12819,FIELD_IDENTIFIER,2,,true,true,,5,2
12864,FIELD_IDENTIFIER,2,,E_USER_ERROR,E_USER_ERROR,,26,2
12898,FIELD_IDENTIFIER,2,,false,false,,31,2
12908,FIELD_IDENTIFIER,2,,false,false,,39,2
12915,FIELD_IDENTIFIER,2,,false,false,,45,2
12925,FIELD_IDENTIFIER,2,,false,false,,49,2
13025,FIELD_IDENTIFIER,2,,true,true,,8,2
13048,FIELD_IDENTIFIER,2,,E_USER_ERROR,E_USER_ERROR,,13,2
13075,FIELD_IDENTIFIER,2,,E_USER_ERROR,E_USER_ERROR,,18,2
13102,FIELD_IDENTIFIER,2,,E_USER_ERROR,E_USER_ERROR,,23,2
13121,FIELD_IDENTIFIER,2,,false,false,,36,2
13130,FIELD_IDENTIFIER,2,,PARAM_STR,PARAM_STR,,41,2
13134,FIELD_IDENTIFIER,2,,PARAM_STR,PARAM_STR,,42,2
13149,FIELD_IDENTIFIER,2,,PARAM_STR,PARAM_STR,,49,2
13154,FIELD_IDENTIFIER,2,,PARAM_STR,PARAM_STR,,50,2
13164,FIELD_IDENTIFIER,2,,false,false,,59,2
13246,FIELD_IDENTIFIER,2,,true,true,,5,2
13267,FIELD_IDENTIFIER,2,,false,false,,21,2
13284,FIELD_IDENTIFIER,2,,false,false,,40,2
13298,FIELD_IDENTIFIER,2,,true,true,,47,2
13325,FIELD_IDENTIFIER,2,,E_USER_ERROR,E_USER_ERROR,,56,2
13359,FIELD_IDENTIFIER,2,,false,false,,61,2
13369,FIELD_IDENTIFIER,2,,false,false,,69,2
13378,FIELD_IDENTIFIER,2,,false,false,,72,2
13462,FIELD_IDENTIFIER,2,,true,true,,5,2
13483,FIELD_IDENTIFIER,2,,false,false,,21,2
13500,FIELD_IDENTIFIER,2,,false,false,,41,2
13514,FIELD_IDENTIFIER,2,,true,true,,48,2
13531,FIELD_IDENTIFIER,2,,false,false,,57,2
13553,FIELD_IDENTIFIER,2,,E_USER_ERROR,E_USER_ERROR,,64,2
13587,FIELD_IDENTIFIER,2,,false,false,,69,2
13597,FIELD_IDENTIFIER,2,,false,false,,77,2
13606,FIELD_IDENTIFIER,2,,false,false,,80,2
13665,FIELD_IDENTIFIER,2,,DVWA_WEB_PAGE_TO_ROOT,DVWA_WEB_PAGE_TO_ROOT,,4,2
13728,FIELD_IDENTIFIER,2,,DVWA_WEB_PAGE_TO_ROOT,DVWA_WEB_PAGE_TO_ROOT,,39,2
13797,FIELD_IDENTIFIER,2,,DVWA_WEB_PAGE_TO_ROOT,DVWA_WEB_PAGE_TO_ROOT,,15,2
14028,FIELD_IDENTIFIER,2,,DVWA_WEB_PAGE_TO_ROOT,DVWA_WEB_PAGE_TO_ROOT,,4,2
14087,FIELD_IDENTIFIER,2,,DVWA_WEB_PAGE_TO_ROOT,DVWA_WEB_PAGE_TO_ROOT,,32,2
14096,FIELD_IDENTIFIER,2,,DVWA_WEB_PAGE_TO_ROOT,DVWA_WEB_PAGE_TO_ROOT,,38,2
14228,FIELD_IDENTIFIER,2,,false,false,,3,2
14253,FIELD_IDENTIFIER,2,,true,true,,8,2
14281,FIELD_IDENTIFIER,2,,true,true,,17,2
14308,FIELD_IDENTIFIER,2,,true,true,,27,2
14470,FIELD_IDENTIFIER,2,,E_USER_ERROR,E_USER_ERROR,,14,2
14482,FIELD_IDENTIFIER,2,,PARAM_STR,PARAM_STR,,19,2
14486,FIELD_IDENTIFIER,2,,PARAM_STR,PARAM_STR,,20,2
14514,FIELD_IDENTIFIER,2,,E_USER_ERROR,E_USER_ERROR,,27,2
14525,FIELD_IDENTIFIER,2,,PARAM_STR,PARAM_STR,,32,2
14530,FIELD_IDENTIFIER,2,,PARAM_STR,PARAM_STR,,33,2
14610,FIELD_IDENTIFIER,2,,E_USER_ERROR,E_USER_ERROR,,11,2
14644,FIELD_IDENTIFIER,2,,false,false,,16,2
14659,FIELD_IDENTIFIER,2,,false,false,,26,2
14719,FIELD_IDENTIFIER,2,,false,false,,5,2
14747,FIELD_IDENTIFIER,2,,E_USER_ERROR,E_USER_ERROR,,13,2
14781,FIELD_IDENTIFIER,2,,false,false,,18,2
14799,FIELD_IDENTIFIER,2,,false,false,,33,2
14860,FIELD_IDENTIFIER,2,,DVWA_WEB_PAGE_TO_ROOT,DVWA_WEB_PAGE_TO_ROOT,,4,2
14947,FIELD_IDENTIFIER,2,,DVWA_WEB_PAGE_TO_ROOT,DVWA_WEB_PAGE_TO_ROOT,,40,2
15007,FIELD_IDENTIFIER,2,,DVWA_WEB_PAGE_TO_ROOT,DVWA_WEB_PAGE_TO_ROOT,,4,2
15066,FIELD_IDENTIFIER,2,,DVWA_WEB_PAGE_TO_ROOT,DVWA_WEB_PAGE_TO_ROOT,,32,2
15743,FIELD_IDENTIFIER,2,,DVWA_WEB_PAGE_TO_ROOT,DVWA_WEB_PAGE_TO_ROOT,,4,2
15802,FIELD_IDENTIFIER,2,,DVWA_WEB_PAGE_TO_ROOT,DVWA_WEB_PAGE_TO_ROOT,,32,2
16019,FIELD_IDENTIFIER,2,,DVWA_WEB_PAGE_TO_ROOT,DVWA_WEB_PAGE_TO_ROOT,,4,2
16177,FIELD_IDENTIFIER,2,,DVWA_WEB_PAGE_TO_ROOT,DVWA_WEB_PAGE_TO_ROOT,,105,2
16219,FIELD_IDENTIFIER,2,,DVWA_WEB_PAGE_TO_ROOT,DVWA_WEB_PAGE_TO_ROOT,,2,2
16252,FIELD_IDENTIFIER,2,,DVWA_WEB_PAGE_TO_ROOT,DVWA_WEB_PAGE_TO_ROOT,,2,2
16304,FIELD_IDENTIFIER,2,,DVWA_WEB_PAGE_TO_ROOT,DVWA_WEB_PAGE_TO_ROOT,,4,2
16419,FIELD_IDENTIFIER,2,,false,false,,4,2
16532,FIELD_IDENTIFIER,2,,DVWA_WEB_PAGE_TO_ROOT,DVWA_WEB_PAGE_TO_ROOT,,4,2
16774,FIELD_IDENTIFIER,2,,DVWA_WEB_PAGE_TO_ROOT,DVWA_WEB_PAGE_TO_ROOT,,4,2
16837,FIELD_IDENTIFIER,2,,DVWA_WEB_PAGE_TO_ROOT,DVWA_WEB_PAGE_TO_ROOT,,34,2
16965,FIELD_IDENTIFIER,2,,DVWA_WEB_PAGE_TO_ROOT,DVWA_WEB_PAGE_TO_ROOT,,4,2
17124,FIELD_IDENTIFIER,2,,false,false,,23,2
17265,FIELD_IDENTIFIER,2,,PARAM_INT,PARAM_INT,,17,2
17296,FIELD_IDENTIFIER,2,,SQLITE3_INTEGER,SQLITE3_INTEGER,,35,2
17304,FIELD_IDENTIFIER,2,,false,false,,38,2
17429,FIELD_IDENTIFIER,2,,false,false,,11,2
17679,FIELD_IDENTIFIER,2,,false,false,,55,2
17766,FIELD_IDENTIFIER,2,,DVWA_WEB_PAGE_TO_ROOT,DVWA_WEB_PAGE_TO_ROOT,,4,2
17906,FIELD_IDENTIFIER,2,,DVWA_WEB_PAGE_TO_ROOT,DVWA_WEB_PAGE_TO_ROOT,,4,2
17969,FIELD_IDENTIFIER,2,,DVWA_WEB_PAGE_TO_ROOT,DVWA_WEB_PAGE_TO_ROOT,,34,2
17980,FIELD_IDENTIFIER,2,,true,true,,38,2
17990,FIELD_IDENTIFIER,2,,true,true,,42,2
18046,FIELD_IDENTIFIER,2,,false,false,,64,2
18181,FIELD_IDENTIFIER,2,,false,false,,6,2
18198,FIELD_IDENTIFIER,2,,false,false,,14,2
18203,FIELD_IDENTIFIER,2,,false,false,,15,2
18215,FIELD_IDENTIFIER,2,,false,false,,20,2
18224,FIELD_IDENTIFIER,2,,false,false,,24,2
18242,FIELD_IDENTIFIER,2,,false,false,,33,2
18247,FIELD_IDENTIFIER,2,,false,false,,35,2
18348,FIELD_IDENTIFIER,2,,false,false,,6,2
18368,FIELD_IDENTIFIER,2,,PARAM_INT,PARAM_INT,,18,2
18382,FIELD_IDENTIFIER,2,,SQLITE3_INTEGER,SQLITE3_INTEGER,,27,2
18390,FIELD_IDENTIFIER,2,,false,false,,30,2
18482,FIELD_IDENTIFIER,2,,false,false,,6,2
18499,FIELD_IDENTIFIER,2,,false,false,,14,2
18504,FIELD_IDENTIFIER,2,,false,false,,15,2
18516,FIELD_IDENTIFIER,2,,false,false,,19,2
18525,FIELD_IDENTIFIER,2,,false,false,,22,2
18543,FIELD_IDENTIFIER,2,,false,false,,31,2
18548,FIELD_IDENTIFIER,2,,false,false,,33,2
18623,FIELD_IDENTIFIER,2,,false,false,,6,2
18646,FIELD_IDENTIFIER,2,,E_USER_ERROR,E_USER_ERROR,,10,2
18660,FIELD_IDENTIFIER,2,,false,false,,16,2
18665,FIELD_IDENTIFIER,2,,false,false,,17,2
18677,FIELD_IDENTIFIER,2,,false,false,,21,2
18695,FIELD_IDENTIFIER,2,,false,false,,33,2
18700,FIELD_IDENTIFIER,2,,false,false,,35,2
18777,FIELD_IDENTIFIER,2,,DVWA_WEB_PAGE_TO_ROOT,DVWA_WEB_PAGE_TO_ROOT,,4,2
18836,FIELD_IDENTIFIER,2,,DVWA_WEB_PAGE_TO_ROOT,DVWA_WEB_PAGE_TO_ROOT,,32,2
18939,FIELD_IDENTIFIER,2,,DVWA_WEB_PAGE_TO_ROOT,DVWA_WEB_PAGE_TO_ROOT,,5,2
19110,FIELD_IDENTIFIER,2,,DVWA_WEB_PAGE_TO_ROOT,DVWA_WEB_PAGE_TO_ROOT,,16,2
19134,FIELD_IDENTIFIER,2,,DIRECTORY_SEPARATOR,DIRECTORY_SEPARATOR,,20,2
19185,FIELD_IDENTIFIER,2,,DIRECTORY_SEPARATOR,DIRECTORY_SEPARATOR,,40,2
19230,FIELD_IDENTIFIER,2,,DVWA_WEB_PAGE_TO_ROOT,DVWA_WEB_PAGE_TO_ROOT,,5,2
19293,FIELD_IDENTIFIER,2,,DVWA_WEB_PAGE_TO_ROOT,DVWA_WEB_PAGE_TO_ROOT,,5,2
19386,FIELD_IDENTIFIER,2,,DVWA_WEB_PAGE_TO_ROOT,DVWA_WEB_PAGE_TO_ROOT,,4,2
19439,FIELD_IDENTIFIER,2,,DVWA_WEB_PAGE_TO_ROOT,DVWA_WEB_PAGE_TO_ROOT,,20,2
19453,FIELD_IDENTIFIER,2,,DVWA_WEB_PAGE_TO_ROOT,DVWA_WEB_PAGE_TO_ROOT,,22,2
19547,FIELD_IDENTIFIER,2,,DVWA_WEB_PAGE_TO_ROOT,DVWA_WEB_PAGE_TO_ROOT,,4,2
19644,FIELD_IDENTIFIER,2,,DVWA_WEB_PAGE_TO_ROOT,DVWA_WEB_PAGE_TO_ROOT,,60,2
19670,FIELD_IDENTIFIER,2,,DVWA_WEB_PAGE_TO_ROOT,DVWA_WEB_PAGE_TO_ROOT,,64,2
19682,FIELD_IDENTIFIER,2,,DVWA_WEB_PAGE_TO_ROOT,DVWA_WEB_PAGE_TO_ROOT,,65,2
19697,FIELD_IDENTIFIER,2,,true,true,,71,2
19712,FIELD_IDENTIFIER,2,,true,true,,86,2
19819,FIELD_IDENTIFIER,2,,DVWA_WEB_PAGE_TO_ROOT,DVWA_WEB_PAGE_TO_ROOT,,4,2
19871,FIELD_IDENTIFIER,2,,true,true,,16,2
19896,FIELD_IDENTIFIER,2,,true,true,,20,2
19921,FIELD_IDENTIFIER,2,,true,true,,24,2
19946,FIELD_IDENTIFIER,2,,true,true,,28,2
20079,FIELD_IDENTIFIER,2,,DVWA_WEB_PAGE_TO_ROOT,DVWA_WEB_PAGE_TO_ROOT,,4,2
20142,FIELD_IDENTIFIER,2,,DVWA_WEB_PAGE_TO_ROOT,DVWA_WEB_PAGE_TO_ROOT,,33,2
20205,FIELD_IDENTIFIER,2,,false,false,,11,2
20208,FIELD_IDENTIFIER,2,,false,false,,11,2
20247,FIELD_IDENTIFIER,2,,true,true,,7,2
20250,FIELD_IDENTIFIER,2,,true,true,,7,2
20382,FIELD_IDENTIFIER,2,,DVWA_WEB_PAGE_TO_ROOT,DVWA_WEB_PAGE_TO_ROOT,,4,2
20441,FIELD_IDENTIFIER,2,,DVWA_WEB_PAGE_TO_ROOT,DVWA_WEB_PAGE_TO_ROOT,,32,2
20549,FIELD_IDENTIFIER,2,,false,false,,8,2
20608,FIELD_IDENTIFIER,2,,DVWA_WEB_PAGE_TO_ROOT,DVWA_WEB_PAGE_TO_ROOT,,4,2
20667,FIELD_IDENTIFIER,2,,DVWA_WEB_PAGE_TO_ROOT,DVWA_WEB_PAGE_TO_ROOT,,32,2
20741,FIELD_IDENTIFIER,2,,NULL,NULL,,6,2
20780,FIELD_IDENTIFIER,2,,NULL,NULL,,4,2
20819,FIELD_IDENTIFIER,2,,NULL,NULL,,6,2
20853,FIELD_IDENTIFIER,2,,NULL,NULL,,6,2
20933,FIELD_IDENTIFIER,2,,DVWA_WEB_PAGE_TO_ROOT,DVWA_WEB_PAGE_TO_ROOT,,4,2
20994,FIELD_IDENTIFIER,2,,false,false,,18,2
21021,FIELD_IDENTIFIER,2,,DVWA_WEB_PAGE_TO_ROOT,DVWA_WEB_PAGE_TO_ROOT,,37,2
21150,FIELD_IDENTIFIER,2,,E_USER_ERROR,E_USER_ERROR,,10,2
21176,FIELD_IDENTIFIER,2,,E_USER_ERROR,E_USER_ERROR,,15,2
21205,FIELD_IDENTIFIER,2,,false,false,,19,2
21293,FIELD_IDENTIFIER,2,,E_USER_ERROR,E_USER_ERROR,,13,2
21317,FIELD_IDENTIFIER,2,,E_USER_ERROR,E_USER_ERROR,,18,2
21328,FIELD_IDENTIFIER,2,,PARAM_STR,PARAM_STR,,23,2
21332,FIELD_IDENTIFIER,2,,PARAM_STR,PARAM_STR,,24,2
21406,FIELD_IDENTIFIER,2,,E_USER_ERROR,E_USER_ERROR,,10,2
21426,FIELD_IDENTIFIER,2,,E_USER_ERROR,E_USER_ERROR,,13,2
21455,FIELD_IDENTIFIER,2,,false,false,,17,2
21533,FIELD_IDENTIFIER,2,,E_USER_ERROR,E_USER_ERROR,,10,2
21559,FIELD_IDENTIFIER,2,,E_USER_ERROR,E_USER_ERROR,,15,2
21588,FIELD_IDENTIFIER,2,,false,false,,19,2
