4,LOCAL,,$page,,,,page,-1,<empty>
26,LOCAL,,$tmp0,,,6,tmp0,1,array
115,LOCAL,,$GLOBALS,,,,GLOBALS,-1,<empty>
117,LOCAL,,$_DVWA,,,,_DVWA,-1,<empty>
123,LOCAL,,$drop_db,,,,drop_db,-1,<empty>
130,LOCAL,,$___mysqli_res,,,,___mysqli_res,-1,<empty>
133,LOCAL,,$create_db,,,,create_db,-1,<empty>
144,LOCAL,,$create_tb,,,,create_tb,-1,<empty>
152,LOCAL,,$base_dir,,,,base_dir,-1,<empty>
154,LOCAL,,$_SERVER,,,,_SERVER,-1,<empty>
156,LOCAL,,$avatarUrl,,,,avatarUrl,-1,<empty>
159,LOCAL,,$insert,,,,insert,-1,<empty>
172,LOCAL,,$create_tb_guestbook,,,,create_tb_guestbook,-1,<empty>
187,LOCAL,,$conf,,,,conf,-1,<empty>
189,LOCAL,,$bakconf,,,,bakconf,-1,<empty>
472,LOCAL,,$_DVWA,,,,_DVWA,-1,<empty>
477,LOCAL,,$drop_db,,,,drop_db,-1,<empty>
481,LOCAL,,$create_db,,,,create_db,-1,<empty>
485,LOCAL,,$dbconn,,,,dbconn,-1,<empty>
492,LOCAL,,$drop_table,,,,drop_table,-1,<empty>
495,LOCAL,,$create_tb,,,,create_tb,-1,<empty>
498,LOCAL,,$baseUrl,,,,baseUrl,-1,<empty>
500,LOCAL,,$_SERVER,,,,_SERVER,-1,<empty>
503,LOCAL,,$stripPos,,,,stripPos,-1,<empty>
509,LOCAL,,$insert,,,,insert,-1,<empty>
519,LOCAL,,$create_tb_guestbook,,,,create_tb_guestbook,-1,<empty>
705,LOCAL,,$tmp0,,,104,tmp0,1,array
721,LOCAL,,$tmp1,,,126,tmp1,1,array
723,LOCAL,,$tmp2,,,127,tmp2,1,array
726,LOCAL,,$tmp3,,,128,tmp3,1,array
730,LOCAL,,$tmp4,,,129,tmp4,1,array
733,LOCAL,,$tmp5,,,130,tmp5,1,array
739,LOCAL,,$tmp6,,,131,tmp6,1,array
742,LOCAL,,$tmp7,,,132,tmp7,1,array
745,LOCAL,,$tmp8,,,133,tmp8,1,array
748,LOCAL,,$tmp9,,,134,tmp9,1,array
751,LOCAL,,$tmp10,,,135,tmp10,1,array
754,LOCAL,,$tmp11,,,136,tmp11,1,array
757,LOCAL,,$tmp12,,,137,tmp12,1,array
760,LOCAL,,$tmp13,,,138,tmp13,1,array
763,LOCAL,,$tmp14,,,139,tmp14,1,array
766,LOCAL,,$tmp15,,,140,tmp15,1,array
769,LOCAL,,$tmp16,,,141,tmp16,1,array
772,LOCAL,,$tmp17,,,142,tmp17,1,array
776,LOCAL,,$tmp18,,,143,tmp18,1,array
779,LOCAL,,$tmp19,,,144,tmp19,1,array
782,LOCAL,,$tmp20,,,145,tmp20,1,array
785,LOCAL,,$tmp21,,,146,tmp21,1,array
788,LOCAL,,$tmp22,,,147,tmp22,1,array
791,LOCAL,,$tmp23,,,148,tmp23,1,array
794,LOCAL,,$tmp24,,,149,tmp24,1,array
796,LOCAL,,$tmp25,,,154,tmp25,1,array
798,LOCAL,,$tmp26,,,1109,tmp26,1,array
800,LOCAL,,$tmp27,,,1110,tmp27,1,array
803,LOCAL,,$tmp28,,,1111,tmp28,1,array
806,LOCAL,,$tmp29,,,1112,tmp29,1,array
809,LOCAL,,$tmp30,,,1113,tmp30,1,array
812,LOCAL,,$tmp31,,,1114,tmp31,1,array
817,LOCAL,,$tmp32,,,1115,tmp32,1,array
820,LOCAL,,$tmp33,,,1116,tmp33,1,array
823,LOCAL,,$tmp34,,,1117,tmp34,1,array
826,LOCAL,,$tmp35,,,1118,tmp35,1,array
829,LOCAL,,$tmp36,,,1119,tmp36,1,array
831,LOCAL,,$tmp38,,,1963,tmp38,1,array
850,LOCAL,,$tmp39,,,1967,tmp39,1,array
853,LOCAL,,$tmp40,,,1972,tmp40,1,array
856,LOCAL,,$tmp41,,,1979,tmp41,1,array
870,LOCAL,,$tmp42,,,1983,tmp42,1,array
911,LOCAL,,$Elements,,,,Elements,1,<empty>
917,LOCAL,,$markup,,,,markup,2,<empty>
928,LOCAL,,$tmp44,,,43,tmp44,2,array
934,LOCAL,,$lines,,,,lines,3,<empty>
969,LOCAL,,$Elements,,,,Elements,1,<empty>
971,LOCAL,,$CurrentBlock,,,,CurrentBlock,3,<empty>
975,LOCAL,,$line,,,,line,5,<empty>
984,LOCAL,,$beforeTab,,,,beforeTab,6,<empty>
987,LOCAL,,$shortage,,,,shortage,7,<empty>
995,LOCAL,,$indent,,,,indent,8,<empty>
1003,LOCAL,,$Line,,,,Line,9,<empty>
1005,LOCAL,,$tmp47,,,202,tmp47,1,array
1013,LOCAL,,$methodName,,,,methodName,11,<empty>
1016,LOCAL,,$Block,,,,Block,12,<empty>
1034,LOCAL,,$marker,,,,marker,13,<empty>
1037,LOCAL,,$blockTypes,,,,blockTypes,14,<empty>
1044,LOCAL,,$blockType,,,,blockType,16,<empty>
1109,LOCAL,,$tmp50,,,325,tmp50,1,array
1132,LOCAL,,$tmp52,,,360,tmp52,1,array
1134,LOCAL,,$tmp53,,,361,tmp53,1,array
1137,LOCAL,,$tmp54,,,363,tmp54,1,array
1163,LOCAL,,$tmp55,,,412,tmp55,1,array
1165,LOCAL,,$tmp56,,,413,tmp56,2,array
1180,LOCAL,,$marker,,,,marker,1,<empty>
1184,LOCAL,,$openerLength,,,,openerLength,2,<empty>
1189,LOCAL,,$infostring,,,,infostring,3,<empty>
1194,LOCAL,,$Element,,,,Element,4,<empty>
1196,LOCAL,,$tmp57,,,466,tmp57,1,array
1200,LOCAL,,$language,,,,language,6,<empty>
1205,LOCAL,,$tmp58,,,487,tmp58,1,array
1209,LOCAL,,$tmp59,,,490,tmp59,8,array
1215,LOCAL,,$tmp60,,,493,tmp60,1,array
1226,LOCAL,,$len,,,,len,1,<empty>
1243,LOCAL,,$level,,,,level,1,<empty>
1257,LOCAL,,$tmp61,,,557,tmp61,1,array
1259,LOCAL,,$tmp62,,,558,tmp62,1,array
1263,LOCAL,,$tmp63,,,560,tmp63,1,array
1269,LOCAL,,$name,,,,name,1,<empty>
1271,LOCAL,,$pattern,,,,pattern,2,<empty>
1275,LOCAL,,$tmp64,,,576,tmp64,3,array
1278,LOCAL,,$tmp65,,,576,tmp65,1,array
1283,LOCAL,,$matches,,,,matches,5,<empty>
1285,LOCAL,,$contentIndent,,,,contentIndent,6,<empty>
1298,LOCAL,,$markerWithoutWhitespace,,,,markerWithoutWhitespace,7,<empty>
1302,LOCAL,,$tmp66,,,595,tmp66,1,array
1308,LOCAL,,$tmp67,,,598,tmp67,1,array
1318,LOCAL,,$tmp68,,,603,tmp68,1,array
1325,LOCAL,,$listStart,,,,listStart,12,<empty>
1335,LOCAL,,$tmp70,,,624,tmp70,1,array
1339,LOCAL,,$tmp71,,,628,tmp71,14,array
1342,LOCAL,,$tmp72,,,630,tmp72,1,array
1346,LOCAL,,$tmp73,,,632,tmp73,1,array
1356,LOCAL,,$requiredIndent,,,,requiredIndent,1,<empty>
1366,LOCAL,,$matches,,,,matches,2,<empty>
1383,LOCAL,,$tmp75,,,678,tmp75,3,array
1386,LOCAL,,$tmp76,,,680,tmp76,4,array
1389,LOCAL,,$tmp77,,,682,tmp77,5,array
1427,LOCAL,,$li,,,,li,2,<empty>
1436,LOCAL,,$matches,,,,matches,1,<empty>
1439,LOCAL,,$tmp79,,,752,tmp79,2,array
1441,LOCAL,,$tmp80,,,753,tmp80,3,array
1444,LOCAL,,$tmp81,,,755,tmp81,1,array
1455,LOCAL,,$matches,,,,matches,1,<empty>
1464,LOCAL,,$marker,,,,marker,1,<empty>
1473,LOCAL,,$tmp82,,,798,tmp82,1,array
1475,LOCAL,,$tmp83,,,799,tmp83,1,array
1495,LOCAL,,$matches,,,,matches,1,<empty>
1497,LOCAL,,$element,,,,element,2,<empty>
1503,LOCAL,,$tmp84,,,845,tmp84,3,array
1507,LOCAL,,$tmp85,,,847,tmp85,1,array
1522,LOCAL,,$matches,,,,matches,1,<empty>
1524,LOCAL,,$id,,,,id,2,<empty>
1527,LOCAL,,$Data,,,,Data,3,<empty>
1529,LOCAL,,$tmp86,,,879,tmp86,1,array
1540,LOCAL,,$tmp87,,,886,tmp87,1,array
1553,LOCAL,,$alignments,,,,alignments,1,<empty>
1555,LOCAL,,$divider,,,,divider,3,<empty>
1562,LOCAL,,$dividerCells,,,,dividerCells,4,<empty>
1566,LOCAL,,$dividerCell,,,,dividerCell,6,<empty>
1573,LOCAL,,$alignment,,,,alignment,7,<empty>
1582,LOCAL,,$HeaderElements,,,,HeaderElements,8,<empty>
1584,LOCAL,,$header,,,,header,10,<empty>
1591,LOCAL,,$headerCells,,,,headerCells,11,<empty>
1597,LOCAL,,$index,,,,index,13,<empty>
1599,LOCAL,,$headerCell,,,,headerCell,14,<empty>
1605,LOCAL,,$HeaderElement,,,,HeaderElement,15,<empty>
1607,LOCAL,,$tmp93,,,971,tmp93,16,array
1610,LOCAL,,$tmp94,,,973,tmp94,17,array
1621,LOCAL,,$tmp95,,,984,tmp95,18,array
1627,LOCAL,,$tmp96,,,994,tmp96,19,array
1632,LOCAL,,$tmp97,,,997,tmp97,20,array
1636,LOCAL,,$tmp99,,,1003,tmp99,22,array
1639,LOCAL,,$tmp100,,,1007,tmp100,23,array
1643,LOCAL,,$tmp102,,,1012,tmp102,25,array
1654,LOCAL,,$Elements,,,,Elements,1,<empty>
1656,LOCAL,,$row,,,,row,3,<empty>
1664,LOCAL,,$matches,,,,matches,4,<empty>
1666,LOCAL,,$cells,,,,cells,5,<empty>
1671,LOCAL,,$index,,,,index,7,<empty>
1673,LOCAL,,$cell,,,,cell,8,<empty>
1679,LOCAL,,$Element,,,,Element,9,<empty>
1681,LOCAL,,$tmp105,,,1044,tmp105,1,array
1684,LOCAL,,$tmp106,,,1046,tmp106,1,array
1692,LOCAL,,$tmp107,,,1055,tmp107,1,array
1699,LOCAL,,$tmp108,,,1063,tmp108,1,array
1706,LOCAL,,$tmp109,,,1080,tmp109,1,array
1709,LOCAL,,$tmp110,,,1082,tmp110,2,array
1712,LOCAL,,$tmp111,,,1084,tmp111,3,array
1733,LOCAL,,$tmp112,,,1138,tmp112,1,array
1737,LOCAL,,$Elements,,,,Elements,2,<empty>
1744,LOCAL,,$excerpt,,,,excerpt,5,<empty>
1749,LOCAL,,$marker,,,,marker,6,<empty>
1752,LOCAL,,$markerPosition,,,,markerPosition,7,<empty>
1756,LOCAL,,$Excerpt,,,,Excerpt,8,<empty>
1758,LOCAL,,$tmp115,,,1155,tmp115,1,array
1765,LOCAL,,$inlineType,,,,inlineType,11,<empty>
1772,LOCAL,,$Inline,,,,Inline,12,<empty>
1789,LOCAL,,$unmarkedText,,,,unmarkedText,13,<empty>
1793,LOCAL,,$InlineText,,,,InlineText,14,<empty>
1823,LOCAL,,$Element,,,,Element,16,<empty>
1830,LOCAL,,$Inline,,,,Inline,1,<empty>
1832,LOCAL,,$tmp118,,,1241,tmp118,2,array
1840,LOCAL,,$tmp120,,,1248,tmp120,1,array
1842,LOCAL,,$tmp121,,,1249,tmp121,5,array
1845,LOCAL,,$tmp122,,,1250,tmp122,6,array
1848,LOCAL,,$self,,,,self,7,<empty>
1851,LOCAL,,$marker,,,,marker,1,<empty>
1859,LOCAL,,$matches,,,,matches,2,<empty>
1865,LOCAL,,$tmp123,,,1267,tmp123,1,array
1869,LOCAL,,$tmp124,,,1269,tmp124,1,array
1873,LOCAL,,$hostnameLabel,,,,hostnameLabel,1,<empty>
1875,LOCAL,,$commonMarkEmail,,,,commonMarkEmail,2,<empty>
1883,LOCAL,,$matches,,,,matches,3,<empty>
1885,LOCAL,,$url,,,,url,4,<empty>
1891,LOCAL,,$tmp125,,,1294,tmp125,5,array
1895,LOCAL,,$tmp126,,,1296,tmp126,6,array
1900,LOCAL,,$tmp127,,,1299,tmp127,1,array
1905,LOCAL,,$marker,,,,marker,1,<empty>
1914,LOCAL,,$matches,,,,matches,2,<empty>
1916,LOCAL,,$emphasis,,,,emphasis,3,<empty>
1923,LOCAL,,$tmp128,,,1329,tmp128,1,array
1927,LOCAL,,$tmp129,,,1331,tmp129,1,array
1931,LOCAL,,$tmp130,,,1333,tmp130,1,array
1941,LOCAL,,$tmp131,,,1346,tmp131,1,array
1943,LOCAL,,$tmp132,,,1347,tmp132,2,array
1952,LOCAL,,$Link,,,,Link,1,<empty>
1958,LOCAL,,$Inline,,,,Inline,2,<empty>
1960,LOCAL,,$tmp133,,,1369,tmp133,1,array
1964,LOCAL,,$tmp134,,,1371,tmp134,1,array
1967,LOCAL,,$tmp135,,,1373,tmp135,5,array
1977,LOCAL,,$Element,,,,Element,1,<empty>
1979,LOCAL,,$tmp136,,,1390,tmp136,2,array
1982,LOCAL,,$tmp137,,,1392,tmp137,3,array
1987,LOCAL,,$tmp138,,,1397,tmp138,4,array
1991,LOCAL,,$tmp139,,,1398,tmp139,5,array
1994,LOCAL,,$extent,,,,extent,6,<empty>
1996,LOCAL,,$remainder,,,,remainder,7,<empty>
2001,LOCAL,,$matches,,,,matches,8,<empty>
2021,LOCAL,,$definition,,,,definition,9,<empty>
2035,LOCAL,,$Definition,,,,Definition,10,<empty>
2043,LOCAL,,$tmp140,,,1457,tmp140,11,array
2055,LOCAL,,$matches,,,,matches,1,<empty>
2057,LOCAL,,$tmp141,,,1472,tmp141,2,array
2059,LOCAL,,$tmp142,,,1473,tmp142,3,array
2067,LOCAL,,$tmp143,,,1480,tmp143,4,array
2069,LOCAL,,$tmp144,,,1481,tmp144,5,array
2078,LOCAL,,$tmp145,,,1488,tmp145,6,array
2080,LOCAL,,$tmp146,,,1489,tmp146,7,array
2089,LOCAL,,$matches,,,,matches,1,<empty>
2091,LOCAL,,$tmp147,,,1500,tmp147,1,array
2093,LOCAL,,$tmp148,,,1501,tmp148,3,array
2102,LOCAL,,$matches,,,,matches,1,<empty>
2104,LOCAL,,$tmp149,,,1518,tmp149,2,array
2108,LOCAL,,$tmp150,,,1520,tmp150,1,array
2111,LOCAL,,$tmp151,,,1522,tmp151,4,array
2123,LOCAL,,$matches,,,,matches,1,<empty>
2125,LOCAL,,$url,,,,url,2,<empty>
2128,LOCAL,,$Inline,,,,Inline,3,<empty>
2130,LOCAL,,$tmp152,,,1544,tmp152,4,array
2136,LOCAL,,$tmp153,,,1547,tmp153,5,array
2141,LOCAL,,$tmp154,,,1550,tmp154,1,array
2148,LOCAL,,$matches,,,,matches,1,<empty>
2150,LOCAL,,$url,,,,url,2,<empty>
2153,LOCAL,,$tmp155,,,1566,tmp155,1,array
2157,LOCAL,,$tmp156,,,1568,tmp156,1,array
2162,LOCAL,,$tmp157,,,1571,tmp157,5,array
2165,LOCAL,,$Inline,,,,Inline,1,<empty>
2178,LOCAL,,$function,,,,function,2,<empty>
2181,LOCAL,,$argument,,,,argument,3,<empty>
2185,LOCAL,,$destination,,,,destination,4,<empty>
2206,LOCAL,,$tmp159,,,1629,tmp159,1,array
2214,LOCAL,,$tmp160,,,1634,tmp160,1,array
2289,LOCAL,,$hasName,,,,hasName,1,<empty>
2292,LOCAL,,$markup,,,,markup,2,<empty>
2299,LOCAL,,$name,,,,name,4,<empty>
2301,LOCAL,,$value,,,,value,5,<empty>
2309,LOCAL,,$self,,,,self,6,<empty>
2311,LOCAL,,$permitRawHtml,,,,permitRawHtml,7,<empty>
2319,LOCAL,,$allowRawHtmlInSafeMode,,,,allowRawHtmlInSafeMode,8,<empty>
2326,LOCAL,,$hasContent,,,,hasContent,9,<empty>
2354,LOCAL,,$markup,,,,markup,1,<empty>
2356,LOCAL,,$autoBreak,,,,autoBreak,2,<empty>
2364,LOCAL,,$autoBreakNext,,,,autoBreakNext,4,<empty>
2394,LOCAL,,$newElements,,,,newElements,1,<empty>
2400,LOCAL,,$matches,,,,matches,3,<empty>
2402,LOCAL,,$offset,,,,offset,4,<empty>
2405,LOCAL,,$before,,,,before,5,<empty>
2409,LOCAL,,$after,,,,after,6,<empty>
2415,LOCAL,,$tmp166,,,1835,tmp166,7,array
2428,LOCAL,,$tmp168,,,1845,tmp168,9,array
2432,LOCAL,,$markup,,,,markup,1,<empty>
2439,LOCAL,,static $goodAttribute,,,1863,goodAttribute,1,<empty>
2441,LOCAL,,static $safeUrlNameToAtt,,,1864,safeUrlNameToAtt,2,<empty>
2443,LOCAL,,$tmp169,,,1864,tmp169,1,array
2460,LOCAL,,$att,,,,att,5,<empty>
2462,LOCAL,,$val,,,,val,6,<empty>
2471,LOCAL,,$self,,,,self,7,<empty>
2478,LOCAL,,$scheme,,,,scheme,2,<empty>
2487,LOCAL,,$self,,,,self,3,<empty>
2499,LOCAL,,$len,,,,len,1,<empty>
2509,LOCAL,,$self,,,,self,1,<empty>
2511,LOCAL,,$instances,,,,instances,2,<empty>
2518,LOCAL,,$instance,,,,instance,3,<empty>
3008,LOCAL,,$tmp37,,,1952,tmp37,1,array
3362,LOCAL,,$tmp43,,,40,tmp43,1,array
3439,LOCAL,,$tmp45,,,169,tmp45,2,array
3440,LOCAL,,$iter_tmp46,,,172,iter_tmp46,4,<empty>
3441,LOCAL,,$iter_tmp48,,,237,iter_tmp48,15,<empty>
3442,LOCAL,,$iter_tmp49,,,246,iter_tmp49,17,<empty>
3724,LOCAL,,$tmp51,,,329,tmp51,2,array
4231,LOCAL,,$tmp69,,,605,tmp69,1,array
4232,LOCAL,,$tmp74,,,632,tmp74,17,array
4710,LOCAL,,$iter_tmp78,,,733,iter_tmp78,1,<empty>
5029,LOCAL,,$tmp88,,,887,tmp88,1,array
5089,LOCAL,,$tmp89,,,918,tmp89,2,array
5090,LOCAL,,$iter_tmp90,,,927,iter_tmp90,5,<empty>
5091,LOCAL,,$tmp91,,,953,tmp91,9,array
5092,LOCAL,,$iter_tmp92,,,967,iter_tmp92,12,<empty>
5093,LOCAL,,$tmp98,,,999,tmp98,21,array
5094,LOCAL,,$tmp101,,,1009,tmp101,24,array
5397,LOCAL,,$tmp103,,,1029,tmp103,2,array
5398,LOCAL,,$iter_tmp104,,,1040,iter_tmp104,6,<empty>
5607,LOCAL,,$tmp113,,,1140,tmp113,3,array
5608,LOCAL,,$tmp114,,,1143,tmp114,4,array
5609,LOCAL,,$iter_tmp116,,,1157,iter_tmp116,10,<empty>
5610,LOCAL,,$iter_tmp117,,,1224,iter_tmp117,15,<empty>
5805,LOCAL,,$tmp119,,,1243,tmp119,1,array
6774,LOCAL,,$tmp158,,,1597,tmp158,1,array
6933,LOCAL,,$iter_tmp161,,,1671,iter_tmp161,1,<empty>
6960,LOCAL,,$iter_tmp162,,,1681,iter_tmp162,1,<empty>
6987,LOCAL,,$iter_tmp163,,,1709,iter_tmp163,3,<empty>
7149,LOCAL,,$iter_tmp164,,,1779,iter_tmp164,3,<empty>
7240,LOCAL,,$tmp165,,,1827,tmp165,2,array
7241,LOCAL,,$iter_tmp167,,,1837,iter_tmp167,8,<empty>
7313,LOCAL,,$iter_tmp170,,,1882,iter_tmp170,4,<empty>
7398,LOCAL,,$iter_tmp171,,,1902,iter_tmp171,1,<empty>
7477,LOCAL,,$tmp172,,,1945,tmp172,4,static
7502,LOCAL,,$html,,,,html,-1,<empty>
7505,LOCAL,,$security_levels,,,,security_levels,-1,<empty>
7507,LOCAL,,$tmp0,,,21,tmp0,1,array
7512,LOCAL,,$_COOKIE,,,,_COOKIE,-1,<empty>
7516,LOCAL,,$_DVWA,,,,_DVWA,-1,<empty>
7520,LOCAL,,$httponly,,,,httponly,-1,<empty>
7522,LOCAL,,$samesite,,,,samesite,-1,<empty>
7526,LOCAL,,$maxlifetime,,,,maxlifetime,-1,<empty>
7528,LOCAL,,$secure,,,,secure,-1,<empty>
7530,LOCAL,,$domain,,,,domain,-1,<empty>
7532,LOCAL,,$_SERVER,,,,_SERVER,-1,<empty>
7534,LOCAL,,$tmp1,,,47,tmp1,1,array
7549,LOCAL,,$_SESSION,,,,_SESSION,1,<empty>
7555,LOCAL,,$dvwaSession,,,,dvwaSession,1,<empty>
7563,LOCAL,,$dvwaSession,,,,dvwaSession,1,<empty>
7566,LOCAL,,$dvwaSession,,,,dvwaSession,1,<empty>
7570,LOCAL,,$dvwaSession,,,,dvwaSession,1,<empty>
7574,LOCAL,,$returnArray,,,,returnArray,1,<empty>
7576,LOCAL,,$tmp3,,,127,tmp3,2,array
7596,LOCAL,,$dvwaSession,,,,dvwaSession,1,<empty>
7601,LOCAL,,$dvwaSession,,,,dvwaSession,1,<empty>
7603,LOCAL,,$locales,,,,locales,2,<empty>
7605,LOCAL,,$tmp4,,,181,tmp4,3,array
7614,LOCAL,,$dvwaSession,,,,dvwaSession,1,<empty>
7621,LOCAL,,$dvwaSession,,,,dvwaSession,1,<empty>
7626,LOCAL,,$messagesHtml,,,,messagesHtml,1,<empty>
7628,LOCAL,,$message,,,,message,2,<empty>
7633,LOCAL,,$menuBlocks,,,,menuBlocks,1,<empty>
7637,LOCAL,,$tmp8,,,225,tmp8,4,array
7642,LOCAL,,$tmp9,,,226,tmp9,1,array
7647,LOCAL,,$tmp10,,,227,tmp10,1,array
7652,LOCAL,,$tmp11,,,230,tmp11,1,array
7657,LOCAL,,$tmp12,,,231,tmp12,1,array
7663,LOCAL,,$tmp14,,,236,tmp14,10,array
7668,LOCAL,,$tmp15,,,237,tmp15,1,array
7673,LOCAL,,$tmp16,,,238,tmp16,12,array
7678,LOCAL,,$tmp17,,,239,tmp17,1,array
7683,LOCAL,,$tmp18,,,240,tmp18,14,array
7688,LOCAL,,$tmp19,,,241,tmp19,15,array
7693,LOCAL,,$tmp20,,,242,tmp20,16,array
7698,LOCAL,,$tmp21,,,243,tmp21,17,array
7703,LOCAL,,$tmp22,,,244,tmp22,18,array
7708,LOCAL,,$tmp23,,,245,tmp23,1,array
7713,LOCAL,,$tmp24,,,246,tmp24,1,array
7718,LOCAL,,$tmp25,,,247,tmp25,21,array
7723,LOCAL,,$tmp26,,,248,tmp26,22,array
7728,LOCAL,,$tmp27,,,249,tmp27,1,array
7733,LOCAL,,$tmp28,,,251,tmp28,24,array
7738,LOCAL,,$tmp29,,,253,tmp29,25,array
7744,LOCAL,,$tmp31,,,258,tmp31,27,array
7749,LOCAL,,$tmp32,,,259,tmp32,28,array
7754,LOCAL,,$tmp33,,,261,tmp33,29,array
7760,LOCAL,,$tmp35,,,265,tmp35,1,array
7764,LOCAL,,$menuHtml,,,,menuHtml,32,<empty>
7767,LOCAL,,$menuBlock,,,,menuBlock,34,<empty>
7771,LOCAL,,$menuBlockHtml,,,,menuBlockHtml,35,<empty>
7774,LOCAL,,$menuItem,,,,menuItem,37,<empty>
7778,LOCAL,,$selectedClass,,,,selectedClass,38,<empty>
7783,LOCAL,,$fixedUrl,,,,fixedUrl,39,<empty>
7792,LOCAL,,$securityLevelHtml,,,,securityLevelHtml,40,<empty>
7798,LOCAL,,$userInfoHtml,,,,userInfoHtml,41,<empty>
7802,LOCAL,,$localeHtml,,,,localeHtml,42,<empty>
7804,LOCAL,,$sqliDbHtml,,,,sqliDbHtml,43,<empty>
7806,LOCAL,,$messagesHtml,,,,messagesHtml,44,<empty>
7811,LOCAL,,$systemInfoHtml,,,,systemInfoHtml,45,<empty>
7844,LOCAL,,$security,,,,security,1,<empty>
7846,LOCAL,,$locale,,,,locale,2,<empty>
7852,LOCAL,,$security,,,,security,1,<empty>
7857,LOCAL,,$DBMS,,,,DBMS,-1,<empty>
7861,LOCAL,,$DBMS_errorFunc,,,,DBMS_errorFunc,-1,<empty>
7871,LOCAL,,$db,,,,db,1,<empty>
7873,LOCAL,,$sqlite_db_connection,,,,sqlite_db_connection,2,<empty>
7876,LOCAL,,$GLOBALS,,,,GLOBALS,3,<empty>
7891,LOCAL,,$PDO,,,,PDO,5,<empty>
7900,LOCAL,,$location,,,,location,6,<empty>
7908,LOCAL,,$query,,,,query,1,<empty>
7910,LOCAL,,$result,,,,result,2,<empty>
7912,LOCAL,,$GLOBALS,,,,GLOBALS,3,<empty>
7915,LOCAL,,$guestbook,,,,guestbook,4,<empty>
7917,LOCAL,,$row,,,,row,5,<empty>
7920,LOCAL,,$name,,,,name,6,<empty>
7923,LOCAL,,$comment,,,,comment,7,<empty>
7944,LOCAL,,$_SESSION,,,,_SESSION,1,<empty>
7947,LOCAL,,$_SESSION,,,,_SESSION,1,<empty>
7949,LOCAL,,$_SESSION,,,,_SESSION,1,<empty>
7951,LOCAL,,$PHPUploadPath,,,,PHPUploadPath,-1,<empty>
7953,LOCAL,,$PHPCONFIGPath,,,,PHPCONFIGPath,-1,<empty>
7955,LOCAL,,$phpDisplayErrors,,,,phpDisplayErrors,-1,<empty>
7957,LOCAL,,$phpSafeMode,,,,phpSafeMode,-1,<empty>
7959,LOCAL,,$phpMagicQuotes,,,,phpMagicQuotes,-1,<empty>
7961,LOCAL,,$phpURLInclude,,,,phpURLInclude,-1,<empty>
7963,LOCAL,,$phpURLFopen,,,,phpURLFopen,-1,<empty>
7965,LOCAL,,$phpGD,,,,phpGD,-1,<empty>
7967,LOCAL,,$phpMySQL,,,,phpMySQL,-1,<empty>
7969,LOCAL,,$phpPDO,,,,phpPDO,-1,<empty>
7971,LOCAL,,$DVWARecaptcha,,,,DVWARecaptcha,-1,<empty>
7976,LOCAL,,$DVWAUploadsWrite,,,,DVWAUploadsWrite,-1,<empty>
7980,LOCAL,,$bakWritable,,,,bakWritable,-1,<empty>
7984,LOCAL,,$DVWAOS,,,,DVWAOS,-1,<empty>
7986,LOCAL,,$SERVER_NAME,,,,SERVER_NAME,-1,<empty>
7989,LOCAL,,$MYSQL_USER,,,,MYSQL_USER,-1,<empty>
7992,LOCAL,,$MYSQL_PASS,,,,MYSQL_PASS,-1,<empty>
7995,LOCAL,,$MYSQL_DB,,,,MYSQL_DB,-1,<empty>
7998,LOCAL,,$MYSQL_SERVER,,,,MYSQL_SERVER,-1,<empty>
8001,LOCAL,,$MYSQL_PORT,,,,MYSQL_PORT,-1,<empty>
8161,LOCAL,,$tmp2,,,78,tmp2,1,array
8373,LOCAL,,$tmp5,,,194,tmp5,2,array
8433,LOCAL,,$tmp6,,,221,tmp6,2,array
8434,LOCAL,,$tmp7,,,223,tmp7,3,array
8435,LOCAL,,$tmp13,,,235,tmp13,9,array
8436,LOCAL,,$tmp30,,,256,tmp30,1,array
8437,LOCAL,,$tmp34,,,264,tmp34,30,array
8438,LOCAL,,$iter_tmp36,,,270,iter_tmp36,33,<empty>
8439,LOCAL,,$iter_tmp37,,,272,iter_tmp37,36,<empty>
9271,LOCAL,,$tmp38,,,521,tmp38,1,PDO
9272,LOCAL,,$tmp39,,,537,tmp39,1,SQLite3
9748,LOCAL,,$url,,,,url,1,<empty>
9750,LOCAL,,$dat,,,,dat,2,<empty>
9752,LOCAL,,$tmp0,,,13,tmp0,3,array
9760,LOCAL,,$_SERVER,,,,_SERVER,4,<empty>
9762,LOCAL,,$opt,,,,opt,5,<empty>
9764,LOCAL,,$tmp1,,,19,tmp1,6,array
9766,LOCAL,,$tmp2,,,20,tmp2,1,array
9771,LOCAL,,$context,,,,context,8,<empty>
9774,LOCAL,,$result,,,,result,9,<empty>
9858,LOCAL,,$line3,,,,line3,-1,<empty>
9862,LOCAL,,$line4,,,,line4,-1,<empty>
9908,LOCAL,,$tmp0,,,6,tmp0,1,array
9910,LOCAL,,$page,,,,page,-1,<empty>
9990,LOCAL,,$page,,,,page,-1,<empty>
9996,LOCAL,,$docs,,,,docs,-1,<empty>
9998,LOCAL,,$tmp1,,,13,tmp1,1,array
10000,LOCAL,,$tmp2,,,14,tmp2,1,array
10005,LOCAL,,$tmp3,,,15,tmp3,1,array
10010,LOCAL,,$tmp4,,,16,tmp4,1,array
10015,LOCAL,,$tmp5,,,17,tmp5,1,array
10019,LOCAL,,$selectedDocId,,,,selectedDocId,-1,<empty>
10021,LOCAL,,$_GET,,,,_GET,-1,<empty>
10027,LOCAL,,$readFile,,,,readFile,-1,<empty>
10031,LOCAL,,$instructions,,,,instructions,-1,<empty>
10036,LOCAL,,$parsedown,,,,parsedown,-1,<empty>
10041,LOCAL,,$docMenuHtml,,,,docMenuHtml,-1,<empty>
10044,LOCAL,,$docId,,,,docId,-1,<empty>
10048,LOCAL,,$selectedClass,,,,selectedClass,-1,<empty>
10083,LOCAL,,$tmp0,,,7,tmp0,1,array
10205,LOCAL,,$tmp6,,,29,tmp6,1,ParseDown
10261,LOCAL,,$iter_tmp7,,,48,iter_tmp7,-1,<empty>
10263,LOCAL,,$_POST,,,,_POST,-1,<empty>
10265,LOCAL,,$_SESSION,,,,_SESSION,-1,<empty>
10267,LOCAL,,$session_token,,,,session_token,-1,<empty>
10271,LOCAL,,$_REQUEST,,,,_REQUEST,-1,<empty>
10274,LOCAL,,$user,,,,user,-1,<empty>
10280,LOCAL,,$GLOBALS,,,,GLOBALS,-1,<empty>
10285,LOCAL,,$pass,,,,pass,-1,<empty>
10297,LOCAL,,$query,,,,query,-1,<empty>
10299,LOCAL,,$_DVWA,,,,_DVWA,-1,<empty>
10301,LOCAL,,$result,,,,result,-1,<empty>
10314,LOCAL,,$___mysqli_res,,,,___mysqli_res,-1,<empty>
10321,LOCAL,,$messagesHtml,,,,messagesHtml,-1,<empty>
10338,LOCAL,,$tmp0,,,6,tmp0,1,array
10543,LOCAL,,$tmp0,,,6,tmp0,1,array
10558,LOCAL,,$tmp0,,,6,tmp0,1,array
10582,LOCAL,,$tmp0,,,6,tmp0,1,array
10584,LOCAL,,$page,,,,page,-1,<empty>
10590,LOCAL,,$securityHtml,,,,securityHtml,-1,<empty>
10592,LOCAL,,$_POST,,,,_POST,-1,<empty>
10594,LOCAL,,$_REQUEST,,,,_REQUEST,-1,<empty>
10596,LOCAL,,$_SESSION,,,,_SESSION,-1,<empty>
10598,LOCAL,,$securityLevel,,,,securityLevel,-1,<empty>
10607,LOCAL,,$securityOptionsHtml,,,,securityOptionsHtml,-1,<empty>
10609,LOCAL,,$securityLevelHtml,,,,securityLevelHtml,-1,<empty>
10611,LOCAL,,$tmp1,,,40,tmp1,-1,array
10617,LOCAL,,$tmp3,,,40,tmp3,1,array
10623,LOCAL,,$selected,,,,selected,-1,<empty>
10794,LOCAL,,$iter_tmp2,,,40,iter_tmp2,-1,<empty>
10796,LOCAL,,$page,,,,page,-1,<empty>
10802,LOCAL,,$_POST,,,,_POST,-1,<empty>
10804,LOCAL,,$_SESSION,,,,_SESSION,-1,<empty>
10806,LOCAL,,$session_token,,,,session_token,-1,<empty>
10810,LOCAL,,$_REQUEST,,,,_REQUEST,-1,<empty>
10813,LOCAL,,$DBMS,,,,DBMS,-1,<empty>
10816,LOCAL,,$database_type_name,,,,database_type_name,-1,<empty>
10823,LOCAL,,$SERVER_NAME,,,,SERVER_NAME,-1,<empty>
10825,LOCAL,,$DVWAOS,,,,DVWAOS,-1,<empty>
10827,LOCAL,,$phpDisplayErrors,,,,phpDisplayErrors,-1,<empty>
10829,LOCAL,,$phpSafeMode,,,,phpSafeMode,-1,<empty>
10831,LOCAL,,$phpURLInclude,,,,phpURLInclude,-1,<empty>
10833,LOCAL,,$phpURLFopen,,,,phpURLFopen,-1,<empty>
10835,LOCAL,,$phpMagicQuotes,,,,phpMagicQuotes,-1,<empty>
10837,LOCAL,,$phpGD,,,,phpGD,-1,<empty>
10839,LOCAL,,$phpMySQL,,,,phpMySQL,-1,<empty>
10841,LOCAL,,$phpPDO,,,,phpPDO,-1,<empty>
10844,LOCAL,,$MYSQL_USER,,,,MYSQL_USER,-1,<empty>
10846,LOCAL,,$MYSQL_PASS,,,,MYSQL_PASS,-1,<empty>
10848,LOCAL,,$MYSQL_DB,,,,MYSQL_DB,-1,<empty>
10850,LOCAL,,$MYSQL_SERVER,,,,MYSQL_SERVER,-1,<empty>
10852,LOCAL,,$MYSQL_PORT,,,,MYSQL_PORT,-1,<empty>
10854,LOCAL,,$DVWARecaptcha,,,,DVWARecaptcha,-1,<empty>
10856,LOCAL,,$DVWAUploadsWrite,,,,DVWAUploadsWrite,-1,<empty>
10858,LOCAL,,$bakWritable,,,,bakWritable,-1,<empty>
10875,LOCAL,,$tmp0,,,6,tmp0,1,array
11009,LOCAL,,$tmp0,,,12,tmp0,1,array
11012,LOCAL,,$_SERVER,,,,_SERVER,-1,<empty>
11014,LOCAL,,$result,,,,result,-1,<empty>
11016,LOCAL,,$tmp1,,,16,tmp1,1,array
11020,LOCAL,,$json,,,,json,-1,<empty>
11022,LOCAL,,$data,,,,data,-1,<empty>
11027,LOCAL,,$tmp2,,,28,tmp2,1,array
11032,LOCAL,,$tmp3,,,37,tmp3,1,array
11036,LOCAL,,$query,,,,query,-1,<empty>
11042,LOCAL,,$GLOBALS,,,,GLOBALS,-1,<empty>
11047,LOCAL,,$___mysqli_res,,,,___mysqli_res,-1,<empty>
11050,LOCAL,,$tmp4,,,49,tmp4,1,array
11196,LOCAL,,$tmp0,,,11,tmp0,1,array
11199,LOCAL,,$query,,,,query,-1,<empty>
11201,LOCAL,,$result,,,,result,-1,<empty>
11203,LOCAL,,$GLOBALS,,,,GLOBALS,-1,<empty>
11206,LOCAL,,$guestbook,,,,guestbook,-1,<empty>
11208,LOCAL,,$users,,,,users,-1,<empty>
11210,LOCAL,,$row,,,,row,-1,<empty>
11213,LOCAL,,$user_id,,,,user_id,-1,<empty>
11216,LOCAL,,$first_name,,,,first_name,-1,<empty>
11219,LOCAL,,$surname,,,,surname,-1,<empty>
11228,LOCAL,,$user,,,,user,-1,<empty>
11230,LOCAL,,$tmp2,,,31,tmp2,1,array
11288,LOCAL,,$tmp1,,,18,tmp1,1,array
11361,LOCAL,,$tmp0,,,6,tmp0,1,array
11363,LOCAL,,$page,,,,page,-1,<empty>
11371,LOCAL,,$method,,,,method,-1,<empty>
11373,LOCAL,,$vulnerabilityFile,,,,vulnerabilityFile,-1,<empty>
11384,LOCAL,,$html,,,,html,-1,<empty>
11549,LOCAL,,$tmp0,,,6,tmp0,1,array
11551,LOCAL,,$page,,,,page,-1,<empty>
11559,LOCAL,,$method,,,,method,-1,<empty>
11561,LOCAL,,$vulnerabilityFile,,,,vulnerabilityFile,-1,<empty>
11575,LOCAL,,$html,,,,html,-1,<empty>
11697,LOCAL,,$_GET,,,,_GET,-1,<empty>
11699,LOCAL,,$_REQUEST,,,,_REQUEST,-1,<empty>
11701,LOCAL,,$_SESSION,,,,_SESSION,-1,<empty>
11703,LOCAL,,$user,,,,user,-1,<empty>
11709,LOCAL,,$GLOBALS,,,,GLOBALS,-1,<empty>
11714,LOCAL,,$pass,,,,pass,-1,<empty>
11726,LOCAL,,$query,,,,query,-1,<empty>
11730,LOCAL,,$result,,,,result,-1,<empty>
11736,LOCAL,,$___mysqli_res,,,,___mysqli_res,-1,<empty>
11741,LOCAL,,$row,,,,row,-1,<empty>
11744,LOCAL,,$avatar,,,,avatar,-1,<empty>
11747,LOCAL,,$html,,,,html,-1,<empty>
11888,LOCAL,,$_POST,,,,_POST,-1,<empty>
11892,LOCAL,,$_REQUEST,,,,_REQUEST,-1,<empty>
11894,LOCAL,,$_SESSION,,,,_SESSION,-1,<empty>
11896,LOCAL,,$user,,,,user,-1,<empty>
11902,LOCAL,,$GLOBALS,,,,GLOBALS,-1,<empty>
11907,LOCAL,,$pass,,,,pass,-1,<empty>
11919,LOCAL,,$total_failed_login,,,,total_failed_login,-1,<empty>
11921,LOCAL,,$lockout_time,,,,lockout_time,-1,<empty>
11923,LOCAL,,$account_locked,,,,account_locked,-1,<empty>
11925,LOCAL,,$data,,,,data,-1,<empty>
11927,LOCAL,,$db,,,,db,-1,<empty>
11930,LOCAL,,$PDO,,,,PDO,-1,<empty>
11934,LOCAL,,$row,,,,row,-1,<empty>
11940,LOCAL,,$last_login,,,,last_login,-1,<empty>
11943,LOCAL,,$timeout,,,,timeout,-1,<empty>
11947,LOCAL,,$timenow,,,,timenow,-1,<empty>
11965,LOCAL,,$avatar,,,,avatar,-1,<empty>
11968,LOCAL,,$failed_login,,,,failed_login,-1,<empty>
11973,LOCAL,,$html,,,,html,-1,<empty>
12209,LOCAL,,$_GET,,,,_GET,-1,<empty>
12211,LOCAL,,$user,,,,user,-1,<empty>
12214,LOCAL,,$pass,,,,pass,-1,<empty>
12219,LOCAL,,$query,,,,query,-1,<empty>
12223,LOCAL,,$result,,,,result,-1,<empty>
12225,LOCAL,,$GLOBALS,,,,GLOBALS,-1,<empty>
12230,LOCAL,,$___mysqli_res,,,,___mysqli_res,-1,<empty>
12235,LOCAL,,$row,,,,row,-1,<empty>
12238,LOCAL,,$avatar,,,,avatar,-1,<empty>
12241,LOCAL,,$html,,,,html,-1,<empty>
12327,LOCAL,,$_GET,,,,_GET,-1,<empty>
12329,LOCAL,,$user,,,,user,-1,<empty>
12333,LOCAL,,$GLOBALS,,,,GLOBALS,-1,<empty>
12338,LOCAL,,$pass,,,,pass,-1,<empty>
12348,LOCAL,,$query,,,,query,-1,<empty>
12352,LOCAL,,$result,,,,result,-1,<empty>
12358,LOCAL,,$___mysqli_res,,,,___mysqli_res,-1,<empty>
12363,LOCAL,,$row,,,,row,-1,<empty>
12366,LOCAL,,$avatar,,,,avatar,-1,<empty>
12369,LOCAL,,$html,,,,html,-1,<empty>
12515,LOCAL,,$tmp0,,,7,tmp0,1,array
12517,LOCAL,,$page,,,,page,-1,<empty>
12525,LOCAL,,$vulnerabilityFile,,,,vulnerabilityFile,-1,<empty>
12531,LOCAL,,$hide_form,,,,hide_form,-1,<empty>
12534,LOCAL,,$WarningHtml,,,,WarningHtml,-1,<empty>
12536,LOCAL,,$_DVWA,,,,_DVWA,-1,<empty>
12539,LOCAL,,$html,,,,html,-1,<empty>
12758,LOCAL,,$_POST,,,,_POST,-1,<empty>
12760,LOCAL,,$hide_form,,,,hide_form,-1,<empty>
12762,LOCAL,,$pass_new,,,,pass_new,-1,<empty>
12765,LOCAL,,$pass_conf,,,,pass_conf,-1,<empty>
12768,LOCAL,,$resp,,,,resp,-1,<empty>
12770,LOCAL,,$_DVWA,,,,_DVWA,-1,<empty>
12775,LOCAL,,$_SERVER,,,,_SERVER,-1,<empty>
12780,LOCAL,,$GLOBALS,,,,GLOBALS,-1,<empty>
12787,LOCAL,,$insert,,,,insert,-1,<empty>
12790,LOCAL,,$result,,,,result,-1,<empty>
12796,LOCAL,,$___mysqli_res,,,,___mysqli_res,-1,<empty>
12799,LOCAL,,$html,,,,html,-1,<empty>
12929,LOCAL,,$_POST,,,,_POST,-1,<empty>
12931,LOCAL,,$_REQUEST,,,,_REQUEST,-1,<empty>
12933,LOCAL,,$_SESSION,,,,_SESSION,-1,<empty>
12935,LOCAL,,$hide_form,,,,hide_form,-1,<empty>
12937,LOCAL,,$pass_new,,,,pass_new,-1,<empty>
12943,LOCAL,,$GLOBALS,,,,GLOBALS,-1,<empty>
12950,LOCAL,,$pass_conf,,,,pass_conf,-1,<empty>
12962,LOCAL,,$pass_curr,,,,pass_curr,-1,<empty>
12974,LOCAL,,$resp,,,,resp,-1,<empty>
12976,LOCAL,,$_DVWA,,,,_DVWA,-1,<empty>
12980,LOCAL,,$html,,,,html,-1,<empty>
12983,LOCAL,,$data,,,,data,-1,<empty>
12985,LOCAL,,$db,,,,db,-1,<empty>
12987,LOCAL,,$PDO,,,,PDO,-1,<empty>
13168,LOCAL,,$_POST,,,,_POST,-1,<empty>
13171,LOCAL,,$hide_form,,,,hide_form,-1,<empty>
13173,LOCAL,,$pass_new,,,,pass_new,-1,<empty>
13176,LOCAL,,$pass_conf,,,,pass_conf,-1,<empty>
13179,LOCAL,,$resp,,,,resp,-1,<empty>
13181,LOCAL,,$_DVWA,,,,_DVWA,-1,<empty>
13185,LOCAL,,$html,,,,html,-1,<empty>
13205,LOCAL,,$GLOBALS,,,,GLOBALS,-1,<empty>
13212,LOCAL,,$insert,,,,insert,-1,<empty>
13215,LOCAL,,$result,,,,result,-1,<empty>
13221,LOCAL,,$___mysqli_res,,,,___mysqli_res,-1,<empty>
13381,LOCAL,,$_POST,,,,_POST,-1,<empty>
13384,LOCAL,,$hide_form,,,,hide_form,-1,<empty>
13386,LOCAL,,$pass_new,,,,pass_new,-1,<empty>
13389,LOCAL,,$pass_conf,,,,pass_conf,-1,<empty>
13392,LOCAL,,$resp,,,,resp,-1,<empty>
13394,LOCAL,,$_DVWA,,,,_DVWA,-1,<empty>
13398,LOCAL,,$html,,,,html,-1,<empty>
13421,LOCAL,,$GLOBALS,,,,GLOBALS,-1,<empty>
13428,LOCAL,,$insert,,,,insert,-1,<empty>
13431,LOCAL,,$result,,,,result,-1,<empty>
13437,LOCAL,,$___mysqli_res,,,,___mysqli_res,-1,<empty>
13634,LOCAL,,$tmp0,,,6,tmp0,1,array
13636,LOCAL,,$page,,,,page,-1,<empty>
13644,LOCAL,,$vulnerabilityFile,,,,vulnerabilityFile,-1,<empty>
13760,LOCAL,,$headerCSP,,,,headerCSP,-1,<empty>
13763,LOCAL,,$_POST,,,,_POST,-1,<empty>
13765,LOCAL,,$page,,,,page,-1,<empty>
13801,LOCAL,,$headerCSP,,,,headerCSP,-1,<empty>
13804,LOCAL,,$_POST,,,,_POST,-1,<empty>
13806,LOCAL,,$page,,,,page,-1,<empty>
13836,LOCAL,,$_GET,,,,_GET,-1,<empty>
13838,LOCAL,,$callback,,,,callback,-1,<empty>
13841,LOCAL,,$outp,,,,outp,-1,<empty>
13843,LOCAL,,$tmp0,,,10,tmp0,1,array
13878,LOCAL,,$outp,,,,outp,-1,<empty>
13880,LOCAL,,$tmp0,,,4,tmp0,1,array
13903,LOCAL,,$headerCSP,,,,headerCSP,-1,<empty>
13906,LOCAL,,$_POST,,,,_POST,-1,<empty>
13908,LOCAL,,$page,,,,page,-1,<empty>
13938,LOCAL,,$headerCSP,,,,headerCSP,-1,<empty>
13941,LOCAL,,$_POST,,,,_POST,-1,<empty>
13943,LOCAL,,$page,,,,page,-1,<empty>
13987,LOCAL,,$tmp0,,,6,tmp0,1,array
13989,LOCAL,,$page,,,,page,-1,<empty>
13997,LOCAL,,$vulnerabilityFile,,,,vulnerabilityFile,-1,<empty>
14004,LOCAL,,$testCredentials,,,,testCredentials,-1,<empty>
14015,LOCAL,,$html,,,,html,-1,<empty>
14154,LOCAL,,$change,,,,change,-1,<empty>
14156,LOCAL,,$request_type,,,,request_type,-1,<empty>
14158,LOCAL,,$return_message,,,,return_message,-1,<empty>
14160,LOCAL,,$_SERVER,,,,_SERVER,-1,<empty>
14164,LOCAL,,$data,,,,data,-1,<empty>
14171,LOCAL,,$token,,,,token,-1,<empty>
14174,LOCAL,,$pass_new,,,,pass_new,-1,<empty>
14177,LOCAL,,$pass_conf,,,,pass_conf,-1,<empty>
14181,LOCAL,,$_REQUEST,,,,_REQUEST,-1,<empty>
14195,LOCAL,,$_SESSION,,,,_SESSION,-1,<empty>
14200,LOCAL,,$GLOBALS,,,,GLOBALS,-1,<empty>
14205,LOCAL,,$insert,,,,insert,-1,<empty>
14208,LOCAL,,$result,,,,result,-1,<empty>
14216,LOCAL,,$tmp0,,,58,tmp0,1,array
14219,LOCAL,,$html,,,,html,-1,<empty>
14369,LOCAL,,$_GET,,,,_GET,-1,<empty>
14371,LOCAL,,$_REQUEST,,,,_REQUEST,-1,<empty>
14373,LOCAL,,$_SESSION,,,,_SESSION,-1,<empty>
14375,LOCAL,,$pass_curr,,,,pass_curr,-1,<empty>
14378,LOCAL,,$pass_new,,,,pass_new,-1,<empty>
14381,LOCAL,,$pass_conf,,,,pass_conf,-1,<empty>
14387,LOCAL,,$GLOBALS,,,,GLOBALS,-1,<empty>
14394,LOCAL,,$data,,,,data,-1,<empty>
14396,LOCAL,,$db,,,,db,-1,<empty>
14398,LOCAL,,$PDO,,,,PDO,-1,<empty>
14425,LOCAL,,$html,,,,html,-1,<empty>
14540,LOCAL,,$_GET,,,,_GET,-1,<empty>
14542,LOCAL,,$pass_new,,,,pass_new,-1,<empty>
14545,LOCAL,,$pass_conf,,,,pass_conf,-1,<empty>
14551,LOCAL,,$GLOBALS,,,,GLOBALS,-1,<empty>
14558,LOCAL,,$insert,,,,insert,-1,<empty>
14561,LOCAL,,$result,,,,result,-1,<empty>
14567,LOCAL,,$___mysqli_res,,,,___mysqli_res,-1,<empty>
14570,LOCAL,,$html,,,,html,-1,<empty>
14662,LOCAL,,$_GET,,,,_GET,-1,<empty>
14664,LOCAL,,$_SERVER,,,,_SERVER,-1,<empty>
14667,LOCAL,,$pass_new,,,,pass_new,-1,<empty>
14670,LOCAL,,$pass_conf,,,,pass_conf,-1,<empty>
14676,LOCAL,,$GLOBALS,,,,GLOBALS,-1,<empty>
14683,LOCAL,,$insert,,,,insert,-1,<empty>
14686,LOCAL,,$result,,,,result,-1,<empty>
14692,LOCAL,,$___mysqli_res,,,,___mysqli_res,-1,<empty>
14695,LOCAL,,$html,,,,html,-1,<empty>
14802,LOCAL,,$tmp0,,,6,tmp0,1,array
14804,LOCAL,,$login_state,,,,login_state,-1,<empty>
14806,LOCAL,,$_POST,,,,_POST,-1,<empty>
14808,LOCAL,,$user,,,,user,-1,<empty>
14814,LOCAL,,$GLOBALS,,,,GLOBALS,-1,<empty>
14817,LOCAL,,$pass,,,,pass,-1,<empty>
14827,LOCAL,,$query,,,,query,-1,<empty>
14831,LOCAL,,$result,,,,result,-1,<empty>
14841,LOCAL,,$messagesHtml,,,,messagesHtml,-1,<empty>
14843,LOCAL,,$page,,,,page,-1,<empty>
14973,LOCAL,,$tmp0,,,6,tmp0,1,array
14975,LOCAL,,$page,,,,page,-1,<empty>
14983,LOCAL,,$vulnerabilityFile,,,,vulnerabilityFile,-1,<empty>
14994,LOCAL,,$html,,,,html,-1,<empty>
15112,LOCAL,,$_POST,,,,_POST,-1,<empty>
15114,LOCAL,,$target,,,,target,-1,<empty>
15116,LOCAL,,$_REQUEST,,,,_REQUEST,-1,<empty>
15118,LOCAL,,$substitutions,,,,substitutions,-1,<empty>
15120,LOCAL,,$tmp0,,,8,tmp0,1,array
15134,LOCAL,,$cmd,,,,cmd,-1,<empty>
15139,LOCAL,,$html,,,,html,-1,<empty>
15217,LOCAL,,$_POST,,,,_POST,-1,<empty>
15219,LOCAL,,$_REQUEST,,,,_REQUEST,-1,<empty>
15221,LOCAL,,$_SESSION,,,,_SESSION,-1,<empty>
15223,LOCAL,,$target,,,,target,-1,<empty>
15228,LOCAL,,$octet,,,,octet,-1,<empty>
15241,LOCAL,,$cmd,,,,cmd,-1,<empty>
15246,LOCAL,,$html,,,,html,-1,<empty>
15336,LOCAL,,$_POST,,,,_POST,-1,<empty>
15338,LOCAL,,$target,,,,target,-1,<empty>
15340,LOCAL,,$_REQUEST,,,,_REQUEST,-1,<empty>
15342,LOCAL,,$cmd,,,,cmd,-1,<empty>
15347,LOCAL,,$html,,,,html,-1,<empty>
15382,LOCAL,,$_POST,,,,_POST,-1,<empty>
15384,LOCAL,,$target,,,,target,-1,<empty>
15386,LOCAL,,$_REQUEST,,,,_REQUEST,-1,<empty>
15388,LOCAL,,$substitutions,,,,substitutions,-1,<empty>
15390,LOCAL,,$tmp0,,,8,tmp0,1,array
15397,LOCAL,,$cmd,,,,cmd,-1,<empty>
15402,LOCAL,,$html,,,,html,-1,<empty>
15451,LOCAL,,$page,,,,page,-1,<empty>
15453,LOCAL,,$_SERVER,,,,_SERVER,-1,<empty>
15490,LOCAL,,$page,,,,page,-1,<empty>
15519,LOCAL,,$page,,,,page,-1,<empty>
15521,LOCAL,,$_SERVER,,,,_SERVER,-1,<empty>
15612,LOCAL,,$page,,,,page,-1,<empty>
15660,LOCAL,,$WarningHtml,,,,WarningHtml,-1,<empty>
15664,LOCAL,,$page,,,,page,-1,<empty>
15712,LOCAL,,$tmp0,,,6,tmp0,1,array
15714,LOCAL,,$page,,,,page,-1,<empty>
15722,LOCAL,,$vulnerabilityFile,,,,vulnerabilityFile,-1,<empty>
15729,LOCAL,,$file,,,,file,-1,<empty>
15816,LOCAL,,$file,,,,file,-1,<empty>
15818,LOCAL,,$_GET,,,,_GET,-1,<empty>
15841,LOCAL,,$file,,,,file,-1,<empty>
15843,LOCAL,,$_GET,,,,_GET,-1,<empty>
15873,LOCAL,,$file,,,,file,-1,<empty>
15875,LOCAL,,$_GET,,,,_GET,-1,<empty>
15885,LOCAL,,$file,,,,file,-1,<empty>
15887,LOCAL,,$_GET,,,,_GET,-1,<empty>
15890,LOCAL,,$tmp0,,,7,tmp0,1,array
15895,LOCAL,,$tmp1,,,8,tmp1,1,array
15960,LOCAL,,$tmp0,,,6,tmp0,1,array
15962,LOCAL,,$page,,,,page,-1,<empty>
15970,LOCAL,,$vulnerabilityFile,,,,vulnerabilityFile,-1,<empty>
15976,LOCAL,,$message,,,,message,-1,<empty>
15978,LOCAL,,$_SERVER,,,,_SERVER,-1,<empty>
15980,LOCAL,,$_POST,,,,_POST,-1,<empty>
15983,LOCAL,,$phrase,,,,phrase,-1,<empty>
15986,LOCAL,,$token,,,,token,-1,<empty>
16206,LOCAL,,$page,,,,page,-1,<empty>
16228,LOCAL,,$page,,,,page,-1,<empty>
16239,LOCAL,,$page,,,,page,-1,<empty>
16268,LOCAL,,$tmp0,,,6,tmp0,1,array
16270,LOCAL,,$page,,,,page,-1,<empty>
16278,LOCAL,,$link1,,,,link1,-1,<empty>
16280,LOCAL,,$link2,,,,link2,-1,<empty>
16291,LOCAL,,$html,,,,html,-1,<empty>
16394,LOCAL,,$_GET,,,,_GET,-1,<empty>
16440,LOCAL,,$target,,,,target,-1,<empty>
16442,LOCAL,,$_GET,,,,_GET,-1,<empty>
16497,LOCAL,,$tmp0,,,6,tmp0,1,array
16499,LOCAL,,$page,,,,page,-1,<empty>
16507,LOCAL,,$info,,,,info,-1,<empty>
16509,LOCAL,,$_GET,,,,_GET,-1,<empty>
16519,LOCAL,,$html,,,,html,-1,<empty>
16629,LOCAL,,$_GET,,,,_GET,-1,<empty>
16658,LOCAL,,$_GET,,,,_GET,-1,<empty>
16718,LOCAL,,$tmp0,,,6,tmp0,1,array
16720,LOCAL,,$page,,,,page,-1,<empty>
16728,LOCAL,,$method,,,,method,-1,<empty>
16730,LOCAL,,$vulnerabilityFile,,,,vulnerabilityFile,-1,<empty>
16745,LOCAL,,$i,,,,i,-1,<empty>
16748,LOCAL,,$number_of_rows,,,,number_of_rows,-1,<empty>
16761,LOCAL,,$html,,,,html,-1,<empty>
16938,LOCAL,,$tmp0,,,6,tmp0,1,array
16940,LOCAL,,$page,,,,page,-1,<empty>
16945,LOCAL,,$_POST,,,,_POST,-1,<empty>
16947,LOCAL,,$_SESSION,,,,_SESSION,-1,<empty>
17017,LOCAL,,$_SESSION,,,,_SESSION,-1,<empty>
17019,LOCAL,,$id,,,,id,-1,<empty>
17022,LOCAL,,$_DVWA,,,,_DVWA,-1,<empty>
17024,LOCAL,,$query,,,,query,-1,<empty>
17027,LOCAL,,$result,,,,result,-1,<empty>
17029,LOCAL,,$GLOBALS,,,,GLOBALS,-1,<empty>
17032,LOCAL,,$row,,,,row,-1,<empty>
17035,LOCAL,,$first,,,,first,-1,<empty>
17038,LOCAL,,$last,,,,last,-1,<empty>
17041,LOCAL,,$html,,,,html,-1,<empty>
17046,LOCAL,,$___mysqli_res,,,,___mysqli_res,-1,<empty>
17050,LOCAL,,$sqlite_db_connection,,,,sqlite_db_connection,-1,<empty>
17054,LOCAL,,$results,,,,results,-1,<empty>
17058,LOCAL,,$e,,,,e,-1,<empty>
17071,LOCAL,,$sqlite_db,,,,sqlite_db,-1,<empty>
17168,LOCAL,,$_GET,,,,_GET,-1,<empty>
17170,LOCAL,,$_REQUEST,,,,_REQUEST,-1,<empty>
17172,LOCAL,,$_SESSION,,,,_SESSION,-1,<empty>
17174,LOCAL,,$id,,,,id,-1,<empty>
17180,LOCAL,,$_DVWA,,,,_DVWA,-1,<empty>
17182,LOCAL,,$data,,,,data,-1,<empty>
17184,LOCAL,,$db,,,,db,-1,<empty>
17187,LOCAL,,$PDO,,,,PDO,-1,<empty>
17191,LOCAL,,$row,,,,row,-1,<empty>
17195,LOCAL,,$first,,,,first,-1,<empty>
17198,LOCAL,,$last,,,,last,-1,<empty>
17201,LOCAL,,$html,,,,html,-1,<empty>
17206,LOCAL,,$sqlite_db_connection,,,,sqlite_db_connection,-1,<empty>
17208,LOCAL,,$stmt,,,,stmt,-1,<empty>
17213,LOCAL,,$result,,,,result,-1,<empty>
17218,LOCAL,,$num_columns,,,,num_columns,-1,<empty>
17330,LOCAL,,$_REQUEST,,,,_REQUEST,-1,<empty>
17332,LOCAL,,$id,,,,id,-1,<empty>
17335,LOCAL,,$_DVWA,,,,_DVWA,-1,<empty>
17337,LOCAL,,$query,,,,query,-1,<empty>
17340,LOCAL,,$result,,,,result,-1,<empty>
17342,LOCAL,,$GLOBALS,,,,GLOBALS,-1,<empty>
17347,LOCAL,,$___mysqli_res,,,,___mysqli_res,-1,<empty>
17350,LOCAL,,$row,,,,row,-1,<empty>
17353,LOCAL,,$first,,,,first,-1,<empty>
17356,LOCAL,,$last,,,,last,-1,<empty>
17359,LOCAL,,$html,,,,html,-1,<empty>
17365,LOCAL,,$sqlite_db_connection,,,,sqlite_db_connection,-1,<empty>
17369,LOCAL,,$results,,,,results,-1,<empty>
17373,LOCAL,,$e,,,,e,-1,<empty>
17386,LOCAL,,$sqlite_db,,,,sqlite_db,-1,<empty>
17493,LOCAL,,$_POST,,,,_POST,-1,<empty>
17495,LOCAL,,$id,,,,id,-1,<empty>
17499,LOCAL,,$GLOBALS,,,,GLOBALS,-1,<empty>
17502,LOCAL,,$_DVWA,,,,_DVWA,-1,<empty>
17504,LOCAL,,$query,,,,query,-1,<empty>
17507,LOCAL,,$result,,,,result,-1,<empty>
17512,LOCAL,,$row,,,,row,-1,<empty>
17515,LOCAL,,$first,,,,first,-1,<empty>
17518,LOCAL,,$last,,,,last,-1,<empty>
17521,LOCAL,,$html,,,,html,-1,<empty>
17526,LOCAL,,$sqlite_db_connection,,,,sqlite_db_connection,-1,<empty>
17530,LOCAL,,$results,,,,results,-1,<empty>
17534,LOCAL,,$e,,,,e,-1,<empty>
17547,LOCAL,,$sqlite_db,,,,sqlite_db,-1,<empty>
17555,LOCAL,,$___mysqli_res,,,,___mysqli_res,-1,<empty>
17558,LOCAL,,$number_of_rows,,,,number_of_rows,-1,<empty>
17690,LOCAL,,$host,,,,host,-1,<empty>
17692,LOCAL,,$username,,,,username,-1,<empty>
17694,LOCAL,,$password,,,,password,-1,<empty>
17699,LOCAL,,$database,,,,database,-1,<empty>
17701,LOCAL,,$query,,,,query,-1,<empty>
17703,LOCAL,,$result,,,,result,-1,<empty>
17706,LOCAL,,$record,,,,record,-1,<empty>
17742,LOCAL,,$tmp0,,,6,tmp0,1,array
17744,LOCAL,,$page,,,,page,-1,<empty>
17749,LOCAL,,$_POST,,,,_POST,-1,<empty>
17831,LOCAL,,$tmp0,,,6,tmp0,1,array
17833,LOCAL,,$page,,,,page,-1,<empty>
17841,LOCAL,,$method,,,,method,-1,<empty>
17843,LOCAL,,$vulnerabilityFile,,,,vulnerabilityFile,-1,<empty>
17851,LOCAL,,$WarningHtml,,,,WarningHtml,-1,<empty>
17863,LOCAL,,$query,,,,query,-1,<empty>
17865,LOCAL,,$result,,,,result,-1,<empty>
17867,LOCAL,,$GLOBALS,,,,GLOBALS,-1,<empty>
17872,LOCAL,,$___mysqli_res,,,,___mysqli_res,-1,<empty>
17875,LOCAL,,$num,,,,num,-1,<empty>
17878,LOCAL,,$i,,,,i,-1,<empty>
17893,LOCAL,,$html,,,,html,-1,<empty>
18121,LOCAL,,$_COOKIE,,,,_COOKIE,-1,<empty>
18123,LOCAL,,$id,,,,id,-1,<empty>
18126,LOCAL,,$exists,,,,exists,-1,<empty>
18128,LOCAL,,$_DVWA,,,,_DVWA,-1,<empty>
18130,LOCAL,,$query,,,,query,-1,<empty>
18133,LOCAL,,$result,,,,result,-1,<empty>
18135,LOCAL,,$GLOBALS,,,,GLOBALS,-1,<empty>
18143,LOCAL,,$___mysqli_res,,,,___mysqli_res,-1,<empty>
18147,LOCAL,,$sqlite_db_connection,,,,sqlite_db_connection,-1,<empty>
18151,LOCAL,,$results,,,,results,-1,<empty>
18155,LOCAL,,$row,,,,row,-1,<empty>
18162,LOCAL,,$html,,,,html,-1,<empty>
18164,LOCAL,,$_SERVER,,,,_SERVER,-1,<empty>
18274,LOCAL,,$_GET,,,,_GET,-1,<empty>
18276,LOCAL,,$_REQUEST,,,,_REQUEST,-1,<empty>
18278,LOCAL,,$_SESSION,,,,_SESSION,-1,<empty>
18280,LOCAL,,$exists,,,,exists,-1,<empty>
18282,LOCAL,,$id,,,,id,-1,<empty>
18288,LOCAL,,$_DVWA,,,,_DVWA,-1,<empty>
18290,LOCAL,,$data,,,,data,-1,<empty>
18292,LOCAL,,$db,,,,db,-1,<empty>
18295,LOCAL,,$PDO,,,,PDO,-1,<empty>
18301,LOCAL,,$sqlite_db_connection,,,,sqlite_db_connection,-1,<empty>
18303,LOCAL,,$stmt,,,,stmt,-1,<empty>
18308,LOCAL,,$result,,,,result,-1,<empty>
18313,LOCAL,,$num_columns,,,,num_columns,-1,<empty>
18317,LOCAL,,$row,,,,row,-1,<empty>
18320,LOCAL,,$numrows,,,,numrows,-1,<empty>
18326,LOCAL,,$html,,,,html,-1,<empty>
18328,LOCAL,,$_SERVER,,,,_SERVER,-1,<empty>
18422,LOCAL,,$_GET,,,,_GET,-1,<empty>
18424,LOCAL,,$id,,,,id,-1,<empty>
18427,LOCAL,,$exists,,,,exists,-1,<empty>
18429,LOCAL,,$_DVWA,,,,_DVWA,-1,<empty>
18431,LOCAL,,$query,,,,query,-1,<empty>
18434,LOCAL,,$result,,,,result,-1,<empty>
18436,LOCAL,,$GLOBALS,,,,GLOBALS,-1,<empty>
18444,LOCAL,,$___mysqli_res,,,,___mysqli_res,-1,<empty>
18448,LOCAL,,$sqlite_db_connection,,,,sqlite_db_connection,-1,<empty>
18452,LOCAL,,$results,,,,results,-1,<empty>
18456,LOCAL,,$row,,,,row,-1,<empty>
18463,LOCAL,,$html,,,,html,-1,<empty>
18465,LOCAL,,$_SERVER,,,,_SERVER,-1,<empty>
18564,LOCAL,,$_POST,,,,_POST,-1,<empty>
18566,LOCAL,,$id,,,,id,-1,<empty>
18569,LOCAL,,$exists,,,,exists,-1,<empty>
18571,LOCAL,,$_DVWA,,,,_DVWA,-1,<empty>
18574,LOCAL,,$GLOBALS,,,,GLOBALS,-1,<empty>
18579,LOCAL,,$query,,,,query,-1,<empty>
18582,LOCAL,,$result,,,,result,-1,<empty>
18591,LOCAL,,$sqlite_db_connection,,,,sqlite_db_connection,-1,<empty>
18595,LOCAL,,$results,,,,results,-1,<empty>
18599,LOCAL,,$row,,,,row,-1,<empty>
18606,LOCAL,,$html,,,,html,-1,<empty>
18735,LOCAL,,$tmp0,,,6,tmp0,1,array
18737,LOCAL,,$page,,,,page,-1,<empty>
18745,LOCAL,,$vulnerabilityFile,,,,vulnerabilityFile,-1,<empty>
18752,LOCAL,,$WarningHtml,,,,WarningHtml,-1,<empty>
18754,LOCAL,,$PHPUploadPath,,,,PHPUploadPath,-1,<empty>
18764,LOCAL,,$html,,,,html,-1,<empty>
18895,LOCAL,,$_POST,,,,_POST,-1,<empty>
18897,LOCAL,,$target_path,,,,target_path,-1,<empty>
18900,LOCAL,,$_FILES,,,,_FILES,-1,<empty>
18902,LOCAL,,$uploaded_name,,,,uploaded_name,-1,<empty>
18905,LOCAL,,$uploaded_ext,,,,uploaded_ext,-1,<empty>
18909,LOCAL,,$uploaded_size,,,,uploaded_size,-1,<empty>
18912,LOCAL,,$uploaded_tmp,,,,uploaded_tmp,-1,<empty>
18922,LOCAL,,$html,,,,html,-1,<empty>
19002,LOCAL,,$_POST,,,,_POST,-1,<empty>
19004,LOCAL,,$_REQUEST,,,,_REQUEST,-1,<empty>
19006,LOCAL,,$_SESSION,,,,_SESSION,-1,<empty>
19008,LOCAL,,$uploaded_name,,,,uploaded_name,-1,<empty>
19010,LOCAL,,$_FILES,,,,_FILES,-1,<empty>
19012,LOCAL,,$uploaded_ext,,,,uploaded_ext,-1,<empty>
19016,LOCAL,,$uploaded_size,,,,uploaded_size,-1,<empty>
19019,LOCAL,,$uploaded_type,,,,uploaded_type,-1,<empty>
19022,LOCAL,,$uploaded_tmp,,,,uploaded_tmp,-1,<empty>
19025,LOCAL,,$target_path,,,,target_path,-1,<empty>
19027,LOCAL,,$target_file,,,,target_file,-1,<empty>
19031,LOCAL,,$temp_file,,,,temp_file,-1,<empty>
19044,LOCAL,,$img,,,,img,-1,<empty>
19057,LOCAL,,$html,,,,html,-1,<empty>
19205,LOCAL,,$_POST,,,,_POST,-1,<empty>
19207,LOCAL,,$target_path,,,,target_path,-1,<empty>
19210,LOCAL,,$_FILES,,,,_FILES,-1,<empty>
19214,LOCAL,,$html,,,,html,-1,<empty>
19255,LOCAL,,$_POST,,,,_POST,-1,<empty>
19257,LOCAL,,$target_path,,,,target_path,-1,<empty>
19260,LOCAL,,$_FILES,,,,_FILES,-1,<empty>
19262,LOCAL,,$uploaded_name,,,,uploaded_name,-1,<empty>
19265,LOCAL,,$uploaded_type,,,,uploaded_type,-1,<empty>
19268,LOCAL,,$uploaded_size,,,,uploaded_size,-1,<empty>
19276,LOCAL,,$html,,,,html,-1,<empty>
19346,LOCAL,,$tmp0,,,6,tmp0,1,array
19348,LOCAL,,$page,,,,page,-1,<empty>
19353,LOCAL,,$_GET,,,,_GET,-1,<empty>
19357,LOCAL,,$id,,,,id,-1,<empty>
19360,LOCAL,,$security,,,,security,-1,<empty>
19363,LOCAL,,$locale,,,,locale,-1,<empty>
19370,LOCAL,,$help,,,,help,-1,<empty>
19474,LOCAL,,$tmp0,,,6,tmp0,1,array
19476,LOCAL,,$page,,,,page,-1,<empty>
19481,LOCAL,,$_GET,,,,_GET,-1,<empty>
19484,LOCAL,,$id,,,,id,-1,<empty>
19487,LOCAL,,$security,,,,security,-1,<empty>
19491,LOCAL,,$vuln,,,,vuln,-1,<empty>
19506,LOCAL,,$source,,,,source,-1,<empty>
19511,LOCAL,,$tmp1,,,61,tmp1,1,array
19513,LOCAL,,$tmp2,,,61,tmp2,1,array
19516,LOCAL,,$js_html,,,,js_html,-1,<empty>
19520,LOCAL,,$js_source,,,,js_source,-1,<empty>
19725,LOCAL,,$tmp0,,,6,tmp0,1,array
19727,LOCAL,,$page,,,,page,-1,<empty>
19732,LOCAL,,$_GET,,,,_GET,-1,<empty>
19734,LOCAL,,$id,,,,id,-1,<empty>
19737,LOCAL,,$lowsrc,,,,lowsrc,-1,<empty>
19741,LOCAL,,$tmp1,,,15,tmp1,1,array
19743,LOCAL,,$tmp2,,,15,tmp2,1,array
19748,LOCAL,,$medsrc,,,,medsrc,-1,<empty>
19752,LOCAL,,$tmp3,,,19,tmp3,1,array
19754,LOCAL,,$tmp4,,,19,tmp4,1,array
19759,LOCAL,,$highsrc,,,,highsrc,-1,<empty>
19763,LOCAL,,$tmp5,,,23,tmp5,1,array
19765,LOCAL,,$tmp6,,,23,tmp6,1,array
19770,LOCAL,,$impsrc,,,,impsrc,-1,<empty>
19774,LOCAL,,$tmp7,,,27,tmp7,1,array
19776,LOCAL,,$tmp8,,,27,tmp8,1,array
19782,LOCAL,,$vuln,,,,vuln,-1,<empty>
20045,LOCAL,,$tmp0,,,6,tmp0,1,array
20047,LOCAL,,$page,,,,page,-1,<empty>
20055,LOCAL,,$method,,,,method,-1,<empty>
20057,LOCAL,,$vulnerabilityFile,,,,vulnerabilityFile,-1,<empty>
20066,LOCAL,,$html,,,,html,-1,<empty>
20154,LOCAL,,$html,,,,html,-1,<empty>
20156,LOCAL,,$_SERVER,,,,_SERVER,-1,<empty>
20158,LOCAL,,$_SESSION,,,,_SESSION,-1,<empty>
20162,LOCAL,,$cookie_value,,,,cookie_value,-1,<empty>
20211,LOCAL,,$html,,,,html,-1,<empty>
20213,LOCAL,,$_SERVER,,,,_SERVER,-1,<empty>
20215,LOCAL,,$cookie_value,,,,cookie_value,-1,<empty>
20253,LOCAL,,$html,,,,html,-1,<empty>
20255,LOCAL,,$_SERVER,,,,_SERVER,-1,<empty>
20257,LOCAL,,$_SESSION,,,,_SESSION,-1,<empty>
20261,LOCAL,,$cookie_value,,,,cookie_value,-1,<empty>
20296,LOCAL,,$html,,,,html,-1,<empty>
20298,LOCAL,,$_SERVER,,,,_SERVER,-1,<empty>
20300,LOCAL,,$cookie_value,,,,cookie_value,-1,<empty>
20347,LOCAL,,$tmp0,,,6,tmp0,1,array
20349,LOCAL,,$page,,,,page,-1,<empty>
20357,LOCAL,,$vulnerabilityFile,,,,vulnerabilityFile,-1,<empty>
20364,LOCAL,,$decodeURI,,,,decodeURI,-1,<empty>
20480,LOCAL,,$_GET,,,,_GET,-1,<empty>
20521,LOCAL,,$_GET,,,,_GET,-1,<empty>
20524,LOCAL,,$default,,,,default,-1,<empty>
20574,LOCAL,,$tmp0,,,6,tmp0,1,array
20576,LOCAL,,$page,,,,page,-1,<empty>
20584,LOCAL,,$vulnerabilityFile,,,,vulnerabilityFile,-1,<empty>
20595,LOCAL,,$html,,,,html,-1,<empty>
20718,LOCAL,,$_GET,,,,_GET,-1,<empty>
20721,LOCAL,,$name,,,,name,-1,<empty>
20724,LOCAL,,$html,,,,html,-1,<empty>
20755,LOCAL,,$_GET,,,,_GET,-1,<empty>
20758,LOCAL,,$_REQUEST,,,,_REQUEST,-1,<empty>
20760,LOCAL,,$_SESSION,,,,_SESSION,-1,<empty>
20762,LOCAL,,$name,,,,name,-1,<empty>
20765,LOCAL,,$html,,,,html,-1,<empty>
20799,LOCAL,,$_GET,,,,_GET,-1,<empty>
20802,LOCAL,,$html,,,,html,-1,<empty>
20830,LOCAL,,$_GET,,,,_GET,-1,<empty>
20833,LOCAL,,$name,,,,name,-1,<empty>
20836,LOCAL,,$html,,,,html,-1,<empty>
20885,LOCAL,,$tmp0,,,6,tmp0,1,array
20887,LOCAL,,$page,,,,page,-1,<empty>
20895,LOCAL,,$_POST,,,,_POST,-1,<empty>
20897,LOCAL,,$query,,,,query,-1,<empty>
20899,LOCAL,,$result,,,,result,-1,<empty>
20901,LOCAL,,$GLOBALS,,,,GLOBALS,-1,<empty>
20906,LOCAL,,$___mysqli_res,,,,___mysqli_res,-1,<empty>
20909,LOCAL,,$vulnerabilityFile,,,,vulnerabilityFile,-1,<empty>
20920,LOCAL,,$html,,,,html,-1,<empty>
21076,LOCAL,,$_POST,,,,_POST,-1,<empty>
21078,LOCAL,,$message,,,,message,-1,<empty>
21081,LOCAL,,$name,,,,name,-1,<empty>
21087,LOCAL,,$GLOBALS,,,,GLOBALS,-1,<empty>
21101,LOCAL,,$query,,,,query,-1,<empty>
21105,LOCAL,,$result,,,,result,-1,<empty>
21111,LOCAL,,$___mysqli_res,,,,___mysqli_res,-1,<empty>
21209,LOCAL,,$_POST,,,,_POST,-1,<empty>
21211,LOCAL,,$_REQUEST,,,,_REQUEST,-1,<empty>
21213,LOCAL,,$_SESSION,,,,_SESSION,-1,<empty>
21215,LOCAL,,$message,,,,message,-1,<empty>
21218,LOCAL,,$name,,,,name,-1,<empty>
21224,LOCAL,,$GLOBALS,,,,GLOBALS,-1,<empty>
21240,LOCAL,,$data,,,,data,-1,<empty>
21242,LOCAL,,$db,,,,db,-1,<empty>
21245,LOCAL,,$PDO,,,,PDO,-1,<empty>
21337,LOCAL,,$_POST,,,,_POST,-1,<empty>
21339,LOCAL,,$message,,,,message,-1,<empty>
21342,LOCAL,,$name,,,,name,-1,<empty>
21348,LOCAL,,$GLOBALS,,,,GLOBALS,-1,<empty>
21358,LOCAL,,$query,,,,query,-1,<empty>
21362,LOCAL,,$result,,,,result,-1,<empty>
21368,LOCAL,,$___mysqli_res,,,,___mysqli_res,-1,<empty>
21459,LOCAL,,$_POST,,,,_POST,-1,<empty>
21461,LOCAL,,$message,,,,message,-1,<empty>
21464,LOCAL,,$name,,,,name,-1,<empty>
21470,LOCAL,,$GLOBALS,,,,GLOBALS,-1,<empty>
21484,LOCAL,,$query,,,,query,-1,<empty>
21488,LOCAL,,$result,,,,result,-1,<empty>
21494,LOCAL,,$___mysqli_res,,,,___mysqli_res,-1,<empty>
